"matrix_schema_version","criterion_id","criterion_title","criterion_class","candidate_id","candidate_name","input_generation_status","claim_type","source_evidence","comparison_rationale","comparison_result","uncertainty_id","uncertainty_classification","related_e3_uncertainty_id","blocking_consequence","correlation_group","e3_obligation","preference_characterization"
"EP-ARCH-MATRIX-0.1","AR-COR-001","Stable durable identities","HARD_CONSTRAINT","EP-ARCH-C01","Integrated Transactional Local Core","SATISFIED_BY_DESIGN","PROPOSAL","ENGINEERING_PREVIEW_ARCHITECTURE_REQUIREMENTS.md:AR-COR-001; EP-ARCH-C01.yaml:f23:AR-COR-001; candidate evidence: f06/f07 stable IDs, first-outcome dedup","The frozen candidate supplies a criterion-specific design mechanism and no contrary paper evidence was found: f06/f07 stable IDs, first-outcome dedup This is design confirmation only, not implementation validation.","CONFIRMED_SATISFIED_FOR_COMPARISON","NONE_AT_E2_COMPARISON","NONE","E3U-C01-TECHNICAL","NONE_AT_E2_ANALYTIC_GATE; the criterion remains subject to its declared E3 obligation and later implementation/release verification.","CORRECTNESS_AND_AUTHORITY","E3V-001","NOT_APPLICABLE_HARD_CONSTRAINT"
"EP-ARCH-MATRIX-0.1","AR-COR-002","Versioned admitted task contract and plan","HARD_CONSTRAINT","EP-ARCH-C01","Integrated Transactional Local Core","SATISFIED_BY_DESIGN","PROPOSAL","ENGINEERING_PREVIEW_ARCHITECTURE_REQUIREMENTS.md:AR-COR-002; EP-ARCH-C01.yaml:f23:AR-COR-002; candidate evidence: f06 versioned authority/plan history","The frozen candidate supplies a criterion-specific design mechanism and no contrary paper evidence was found: f06 versioned authority/plan history This is design confirmation only, not implementation validation.","CONFIRMED_SATISFIED_FOR_COMPARISON","NONE_AT_E2_COMPARISON","NONE","E3U-C01-TECHNICAL","NONE_AT_E2_ANALYTIC_GATE; the criterion remains subject to its declared E3 obligation and later implementation/release verification.","CORRECTNESS_AND_AUTHORITY","NONE","NOT_APPLICABLE_HARD_CONSTRAINT"
"EP-ARCH-MATRIX-0.1","AR-COR-003","Orthogonal canonical state semantics","HARD_CONSTRAINT","EP-ARCH-C01","Integrated Transactional Local Core","SATISFIED_BY_DESIGN","PROPOSAL","ENGINEERING_PREVIEW_ARCHITECTURE_REQUIREMENTS.md:AR-COR-003; EP-ARCH-C01.yaml:f23:AR-COR-003; candidate evidence: f06 orthogonal records and derived projection","The frozen candidate supplies a criterion-specific design mechanism and no contrary paper evidence was found: f06 orthogonal records and derived projection This is design confirmation only, not implementation validation.","CONFIRMED_SATISFIED_FOR_COMPARISON","NONE_AT_E2_COMPARISON","NONE","E3U-C01-TECHNICAL","NONE_AT_E2_ANALYTIC_GATE; the criterion remains subject to its declared E3 obligation and later implementation/release verification.","CORRECTNESS_AND_AUTHORITY","E3V-005","NOT_APPLICABLE_HARD_CONSTRAINT"
"EP-ARCH-MATRIX-0.1","AR-COR-004","Non-compensating completion gate","HARD_CONSTRAINT","EP-ARCH-C01","Integrated Transactional Local Core","SATISFIED_BY_DESIGN","PROPOSAL","ENGINEERING_PREVIEW_ARCHITECTURE_REQUIREMENTS.md:AR-COR-004; EP-ARCH-C01.yaml:f23:AR-COR-004; candidate evidence: f15/f16 noncompensating completion gate","The frozen candidate supplies a criterion-specific design mechanism and no contrary paper evidence was found: f15/f16 noncompensating completion gate This is design confirmation only, not implementation validation.","CONFIRMED_SATISFIED_FOR_COMPARISON","NONE_AT_E2_COMPARISON","NONE","E3U-C01-TECHNICAL","NONE_AT_E2_ANALYTIC_GATE; the criterion remains subject to its declared E3 obligation and later implementation/release verification.","CORRECTNESS_AND_AUTHORITY","E3V-005","NOT_APPLICABLE_HARD_CONSTRAINT"
"EP-ARCH-MATRIX-0.1","AR-COR-005","Predicate adequacy and truthful noncompletion","HARD_CONSTRAINT","EP-ARCH-C01","Integrated Transactional Local Core","SATISFIED_BY_DESIGN","PROPOSAL","ENGINEERING_PREVIEW_ARCHITECTURE_REQUIREMENTS.md:AR-COR-005; EP-ARCH-C01.yaml:f23:AR-COR-005; candidate evidence: f15 predicate coverage and truthful disposition","The frozen candidate supplies a criterion-specific design mechanism and no contrary paper evidence was found: f15 predicate coverage and truthful disposition This is design confirmation only, not implementation validation.","CONFIRMED_SATISFIED_FOR_COMPARISON","NONE_AT_E2_COMPARISON","NONE","E3U-C01-TECHNICAL","NONE_AT_E2_ANALYTIC_GATE; the criterion remains subject to its declared E3 obligation and later implementation/release verification.","CORRECTNESS_AND_AUTHORITY","E3V-005","NOT_APPLICABLE_HARD_CONSTRAINT"
"EP-ARCH-MATRIX-0.1","AR-COR-006","Exact state and revision binding","HARD_CONSTRAINT","EP-ARCH-C01","Integrated Transactional Local Core","SATISFIED_BY_DESIGN","PROPOSAL","ENGINEERING_PREVIEW_ARCHITECTURE_REQUIREMENTS.md:AR-COR-006; EP-ARCH-C01.yaml:f23:AR-COR-006; candidate evidence: f15/f16 exact revision and stale invalidation","The frozen candidate supplies a criterion-specific design mechanism and no contrary paper evidence was found: f15/f16 exact revision and stale invalidation This is design confirmation only, not implementation validation.","CONFIRMED_SATISFIED_FOR_COMPARISON","NONE_AT_E2_COMPARISON","NONE","E3U-C01-TECHNICAL","NONE_AT_E2_ANALYTIC_GATE; the criterion remains subject to its declared E3 obligation and later implementation/release verification.","CORRECTNESS_AND_AUTHORITY","E3V-005","NOT_APPLICABLE_HARD_CONSTRAINT"
"EP-ARCH-MATRIX-0.1","AR-COR-007","Single accountable ownership and stale-writer rejection","HARD_CONSTRAINT","EP-ARCH-C01","Integrated Transactional Local Core","SATISFIED_BY_DESIGN","PROPOSAL","ENGINEERING_PREVIEW_ARCHITECTURE_REQUIREMENTS.md:AR-COR-007; EP-ARCH-C01.yaml:f23:AR-COR-007; candidate evidence: f06 single writer, versions and epoch","The frozen candidate supplies a criterion-specific design mechanism and no contrary paper evidence was found: f06 single writer, versions and epoch This is design confirmation only, not implementation validation.","CONFIRMED_SATISFIED_FOR_COMPARISON","NONE_AT_E2_COMPARISON","NONE","E3U-C01-TECHNICAL","NONE_AT_E2_ANALYTIC_GATE; the criterion remains subject to its declared E3 obligation and later implementation/release verification.","CORRECTNESS_AND_AUTHORITY","E3V-001","NOT_APPLICABLE_HARD_CONSTRAINT"
"EP-ARCH-MATRIX-0.1","AR-DUR-001","Acknowledged authoritative durability","HARD_CONSTRAINT","EP-ARCH-C01","Integrated Transactional Local Core","SATISFIED_BY_DESIGN","PROPOSAL","ENGINEERING_PREVIEW_ARCHITECTURE_REQUIREMENTS.md:AR-DUR-001; EP-ARCH-C01.yaml:f23:AR-DUR-001; candidate evidence: f08 atomic acknowledgement boundary","The frozen candidate supplies a criterion-specific design mechanism and no contrary paper evidence was found: f08 atomic acknowledgement boundary This is design confirmation only, not implementation validation.","CONFIRMED_SATISFIED_FOR_COMPARISON","NONE_AT_E2_COMPARISON","NONE","E3U-C01-TECHNICAL","NONE_AT_E2_ANALYTIC_GATE; the criterion remains subject to its declared E3 obligation and later implementation/release verification.","DURABILITY_RECOVERY_AND_DATA","E3V-001","NOT_APPLICABLE_HARD_CONSTRAINT"
"EP-ARCH-MATRIX-0.1","AR-DUR-002","Restart recovery and reconciliation ownership","HARD_CONSTRAINT","EP-ARCH-C01","Integrated Transactional Local Core","SATISFIED_BY_DESIGN","PROPOSAL","ENGINEERING_PREVIEW_ARCHITECTURE_REQUIREMENTS.md:AR-DUR-002; EP-ARCH-C01.yaml:f23:AR-DUR-002; candidate evidence: f02 lifetime model plus f09 distinguish EP-CTL-016 presentation detach from integrated-owner crash and define restart reconciliation","The frozen candidate supplies a criterion-specific design mechanism and no contrary paper evidence was found: f02 lifetime model plus f09 distinguish EP-CTL-016 presentation detach from integrated-owner crash and define restart reconciliation This is design confirmation only, not implementation validation.","CONFIRMED_SATISFIED_FOR_COMPARISON","NONE_AT_E2_COMPARISON","NONE","E3U-C01-TECHNICAL","NONE_AT_E2_ANALYTIC_GATE; the criterion remains subject to its declared E3 obligation and later implementation/release verification.","DURABILITY_RECOVERY_AND_DATA","E3V-001","NOT_APPLICABLE_HARD_CONSTRAINT"
"EP-ARCH-MATRIX-0.1","AR-DUR-003","Idempotent operation accounting and uncertain effects","HARD_CONSTRAINT","EP-ARCH-C01","Integrated Transactional Local Core","SATISFIED_BY_DESIGN","PROPOSAL","ENGINEERING_PREVIEW_ARCHITECTURE_REQUIREMENTS.md:AR-DUR-003; EP-ARCH-C01.yaml:f23:AR-DUR-003; candidate evidence: f08/f12 limit transactions to core-owned records and specify durable intent, one-shot attempt/correlation, observation, target readback and known/failed/unknown reconciliation without global atomicity","The frozen candidate supplies a criterion-specific design mechanism and no contrary paper evidence was found: f08/f12 limit transactions to core-owned records and specify durable intent, one-shot attempt/correlation, observation, target readback and known/failed/unknown reconciliation without global atomicity This is design confirmation only, not implementation validation.","CONFIRMED_SATISFIED_FOR_COMPARISON","NONE_AT_E2_COMPARISON","NONE","E3U-C01-TECHNICAL","NONE_AT_E2_ANALYTIC_GATE; the criterion remains subject to its declared E3 obligation and later implementation/release verification.","DURABILITY_RECOVERY_AND_DATA","E3V-001","NOT_APPLICABLE_HARD_CONSTRAINT"
"EP-ARCH-MATRIX-0.1","AR-DUR-004","Durable ordered control and bounded interruption","HARD_CONSTRAINT","EP-ARCH-C01","Integrated Transactional Local Core","SATISFIED_BY_DESIGN","PROPOSAL","ENGINEERING_PREVIEW_ARCHITECTURE_REQUIREMENTS.md:AR-DUR-004; EP-ARCH-C01.yaml:f23:AR-DUR-004; candidate evidence: f03/f04/f07/f09 durably order control, keep client exit non-authoritative, fence children on full shutdown and classify overdue work immediately on restart when no live owner enforced the deadline","The frozen candidate supplies a criterion-specific design mechanism and no contrary paper evidence was found: f03/f04/f07/f09 durably order control, keep client exit non-authoritative, fence children on full shutdown and classify overdue work immediately on restart when no live owner enforced the deadline This is design confirmation only, not implementation validation.","CONFIRMED_SATISFIED_FOR_COMPARISON","NONE_AT_E2_COMPARISON","NONE","E3U-C01-TECHNICAL","NONE_AT_E2_ANALYTIC_GATE; the criterion remains subject to its declared E3 obligation and later implementation/release verification.","DURABILITY_RECOVERY_AND_DATA","E3V-002","NOT_APPLICABLE_HARD_CONSTRAINT"
"EP-ARCH-MATRIX-0.1","AR-DUR-005","Corruption, partial-write, and evolution safety","HARD_CONSTRAINT","EP-ARCH-C01","Integrated Transactional Local Core","PLAUSIBLY_SATISFIABLE_BUT_REQUIRES_E2_003_ANALYSIS","INFERENCE","ENGINEERING_PREVIEW_ARCHITECTURE_REQUIREMENTS.md:AR-DUR-005; EP-ARCH-C01.yaml:f23:AR-DUR-005; candidate evidence: f08 transactional old/new state and quarantine proposal","E2-003 resolves the candidate's explicit paper uncertainty against the verified criterion contract: f08 transactional old/new state and quarantine proposal The resolution confirms the design-level property without claiming implementation proof.","CONFIRMED_SATISFIED_FOR_COMPARISON","E2U-PAPER-C01-U03","PAPER_RESOLVABLE","E3U-C01-TECHNICAL","NONE_AT_E2_ANALYTIC_GATE; the criterion remains subject to its declared E3 obligation and later implementation/release verification.","DURABILITY_RECOVERY_AND_DATA","E3V-001","NOT_APPLICABLE_HARD_CONSTRAINT"
"EP-ARCH-MATRIX-0.1","AR-DUR-006","Retention, hold, cleanup, and deletion accountability","HARD_CONSTRAINT","EP-ARCH-C01","Integrated Transactional Local Core","SATISFIED_BY_DESIGN","PROPOSAL","ENGINEERING_PREVIEW_ARCHITECTURE_REQUIREMENTS.md:AR-DUR-006; EP-ARCH-C01.yaml:f23:AR-DUR-006; candidate evidence: f08 retention/deletion ledger","The frozen candidate supplies a criterion-specific design mechanism and no contrary paper evidence was found: f08 retention/deletion ledger This is design confirmation only, not implementation validation.","CONFIRMED_SATISFIED_FOR_COMPARISON","NONE_AT_E2_COMPARISON","NONE","E3U-C01-TECHNICAL","NONE_AT_E2_ANALYTIC_GATE; the criterion remains subject to its declared E3 obligation and later implementation/release verification.","DURABILITY_RECOVERY_AND_DATA","E3V-003","NOT_APPLICABLE_HARD_CONSTRAINT"
"EP-ARCH-MATRIX-0.1","AR-DAT-001","Authoritative, derived, ephemeral, and lossy-state separation","HARD_CONSTRAINT","EP-ARCH-C01","Integrated Transactional Local Core","SATISFIED_BY_DESIGN","PROPOSAL","ENGINEERING_PREVIEW_ARCHITECTURE_REQUIREMENTS.md:AR-DAT-001; EP-ARCH-C01.yaml:f23:AR-DAT-001; candidate evidence: f06 four state classes","The frozen candidate supplies a criterion-specific design mechanism and no contrary paper evidence was found: f06 four state classes This is design confirmation only, not implementation validation.","CONFIRMED_SATISFIED_FOR_COMPARISON","NONE_AT_E2_COMPARISON","NONE","E3U-C01-TECHNICAL","NONE_AT_E2_ANALYTIC_GATE; the criterion remains subject to its declared E3 obligation and later implementation/release verification.","DURABILITY_RECOVERY_AND_DATA","E3V-005","NOT_APPLICABLE_HARD_CONSTRAINT"
"EP-ARCH-MATRIX-0.1","AR-DAT-002","Versioned causal history and integrity state","HARD_CONSTRAINT","EP-ARCH-C01","Integrated Transactional Local Core","SATISFIED_BY_DESIGN","PROPOSAL","ENGINEERING_PREVIEW_ARCHITECTURE_REQUIREMENTS.md:AR-DAT-002; EP-ARCH-C01.yaml:f23:AR-DAT-002; candidate evidence: f06/f08 causal immutable material history","The frozen candidate supplies a criterion-specific design mechanism and no contrary paper evidence was found: f06/f08 causal immutable material history This is design confirmation only, not implementation validation.","CONFIRMED_SATISFIED_FOR_COMPARISON","NONE_AT_E2_COMPARISON","NONE","E3U-C01-TECHNICAL","NONE_AT_E2_ANALYTIC_GATE; the criterion remains subject to its declared E3 obligation and later implementation/release verification.","DURABILITY_RECOVERY_AND_DATA","E3V-005","NOT_APPLICABLE_HARD_CONSTRAINT"
"EP-ARCH-MATRIX-0.1","AR-CTX-001","Durable conversation continuity outside model context","HARD_CONSTRAINT","EP-ARCH-C01","Integrated Transactional Local Core","SATISFIED_BY_DESIGN","PROPOSAL","ENGINEERING_PREVIEW_ARCHITECTURE_REQUIREMENTS.md:AR-CTX-001; EP-ARCH-C01.yaml:f23:AR-CTX-001; candidate evidence: f14 durable continuity outside context","The frozen candidate supplies a criterion-specific design mechanism and no contrary paper evidence was found: f14 durable continuity outside context This is design confirmation only, not implementation validation.","CONFIRMED_SATISFIED_FOR_COMPARISON","NONE_AT_E2_COMPARISON","NONE","E3U-C01-TECHNICAL","NONE_AT_E2_ANALYTIC_GATE; the criterion remains subject to its declared E3 obligation and later implementation/release verification.","DURABILITY_RECOVERY_AND_DATA","E3V-005","NOT_APPLICABLE_HARD_CONSTRAINT"
"EP-ARCH-MATRIX-0.1","AR-CTX-002","Provenanced compaction and summary invalidation","HARD_CONSTRAINT","EP-ARCH-C01","Integrated Transactional Local Core","SATISFIED_BY_DESIGN","PROPOSAL","ENGINEERING_PREVIEW_ARCHITECTURE_REQUIREMENTS.md:AR-CTX-002; EP-ARCH-C01.yaml:f23:AR-CTX-002; candidate evidence: f14 provenanced invalidatable summaries","The frozen candidate supplies a criterion-specific design mechanism and no contrary paper evidence was found: f14 provenanced invalidatable summaries This is design confirmation only, not implementation validation.","CONFIRMED_SATISFIED_FOR_COMPARISON","NONE_AT_E2_COMPARISON","NONE","E3U-C01-TECHNICAL","NONE_AT_E2_ANALYTIC_GATE; the criterion remains subject to its declared E3 obligation and later implementation/release verification.","DURABILITY_RECOVERY_AND_DATA","E3V-005","NOT_APPLICABLE_HARD_CONSTRAINT"
"EP-ARCH-MATRIX-0.1","AR-WSP-001","Read-only repository admission and condition disposition","HARD_CONSTRAINT","EP-ARCH-C01","Integrated Transactional Local Core","SATISFIED_BY_DESIGN","PROPOSAL","ENGINEERING_PREVIEW_ARCHITECTURE_REQUIREMENTS.md:AR-WSP-001; EP-ARCH-C01.yaml:f23:AR-WSP-001; candidate evidence: f10 read-only admission and 16-condition classification","The frozen candidate supplies a criterion-specific design mechanism and no contrary paper evidence was found: f10 read-only admission and 16-condition classification This is design confirmation only, not implementation validation.","CONFIRMED_SATISFIED_FOR_COMPARISON","NONE_AT_E2_COMPARISON","NONE","E3U-C01-TECHNICAL","NONE_AT_E2_ANALYTIC_GATE; the criterion remains subject to its declared E3 obligation and later implementation/release verification.","WORKSPACE_AND_FILESYSTEM_SAFETY","E3V-003","NOT_APPLICABLE_HARD_CONSTRAINT"
"EP-ARCH-MATRIX-0.1","AR-WSP-002","Isolation-before-mutation and task/workspace binding","HARD_CONSTRAINT","EP-ARCH-C01","Integrated Transactional Local Core","SATISFIED_BY_DESIGN","PROPOSAL","ENGINEERING_PREVIEW_ARCHITECTURE_REQUIREMENTS.md:AR-WSP-002; EP-ARCH-C01.yaml:f23:AR-WSP-002; candidate evidence: f10 isolation before mutation","The frozen candidate supplies a criterion-specific design mechanism and no contrary paper evidence was found: f10 isolation before mutation This is design confirmation only, not implementation validation.","CONFIRMED_SATISFIED_FOR_COMPARISON","NONE_AT_E2_COMPARISON","NONE","E3U-C01-TECHNICAL","NONE_AT_E2_ANALYTIC_GATE; the criterion remains subject to its declared E3 obligation and later implementation/release verification.","WORKSPACE_AND_FILESYSTEM_SAFETY","E3V-003","NOT_APPLICABLE_HARD_CONSTRAINT"
"EP-ARCH-MATRIX-0.1","AR-WSP-003","Filesystem confinement and adversarial path handling","HARD_CONSTRAINT","EP-ARCH-C01","Integrated Transactional Local Core","PLAUSIBLY_SATISFIABLE_BUT_REQUIRES_E2_003_ANALYSIS","INFERENCE","ENGINEERING_PREVIEW_ARCHITECTURE_REQUIREMENTS.md:AR-WSP-003; EP-ARCH-C01.yaml:f23:AR-WSP-003; candidate evidence: f10 object-identity/path defense; host mechanism unselected","E2-003 resolves the candidate's explicit paper uncertainty against the verified criterion contract: f10 object-identity/path defense; host mechanism unselected The resolution confirms the design-level property without claiming implementation proof.","CONFIRMED_SATISFIED_FOR_COMPARISON","E2U-PAPER-C01-U03","PAPER_RESOLVABLE","E3U-C01-TECHNICAL","NONE_AT_E2_ANALYTIC_GATE; the criterion remains subject to its declared E3 obligation and later implementation/release verification.","WORKSPACE_AND_FILESYSTEM_SAFETY","E3V-003","NOT_APPLICABLE_HARD_CONSTRAINT"
"EP-ARCH-MATRIX-0.1","AR-WSP-004","Original user-state and dirty-material protection","HARD_CONSTRAINT","EP-ARCH-C01","Integrated Transactional Local Core","SATISFIED_BY_DESIGN","PROPOSAL","ENGINEERING_PREVIEW_ARCHITECTURE_REQUIREMENTS.md:AR-WSP-004; EP-ARCH-C01.yaml:f23:AR-WSP-004; candidate evidence: f10 original-state inventory/canaries","The frozen candidate supplies a criterion-specific design mechanism and no contrary paper evidence was found: f10 original-state inventory/canaries This is design confirmation only, not implementation validation.","CONFIRMED_SATISFIED_FOR_COMPARISON","NONE_AT_E2_COMPARISON","NONE","E3U-C01-TECHNICAL","NONE_AT_E2_ANALYTIC_GATE; the criterion remains subject to its declared E3 obligation and later implementation/release verification.","WORKSPACE_AND_FILESYSTEM_SAFETY","E3V-003","NOT_APPLICABLE_HARD_CONSTRAINT"
"EP-ARCH-MATRIX-0.1","AR-WSP-005","Stale-workspace detection and scoped cleanup reconciliation","HARD_CONSTRAINT","EP-ARCH-C01","Integrated Transactional Local Core","SATISFIED_BY_DESIGN","PROPOSAL","ENGINEERING_PREVIEW_ARCHITECTURE_REQUIREMENTS.md:AR-WSP-005; EP-ARCH-C01.yaml:f23:AR-WSP-005; candidate evidence: f09/f10 stale detection and scoped cleanup","The frozen candidate supplies a criterion-specific design mechanism and no contrary paper evidence was found: f09/f10 stale detection and scoped cleanup This is design confirmation only, not implementation validation.","CONFIRMED_SATISFIED_FOR_COMPARISON","NONE_AT_E2_COMPARISON","NONE","E3U-C01-TECHNICAL","NONE_AT_E2_ANALYTIC_GATE; the criterion remains subject to its declared E3 obligation and later implementation/release verification.","WORKSPACE_AND_FILESYSTEM_SAFETY","E3V-003","NOT_APPLICABLE_HARD_CONSTRAINT"
"EP-ARCH-MATRIX-0.1","AR-EXE-001","Versioned capability contracts and boundary validation","HARD_CONSTRAINT","EP-ARCH-C01","Integrated Transactional Local Core","SATISFIED_BY_DESIGN","PROPOSAL","ENGINEERING_PREVIEW_ARCHITECTURE_REQUIREMENTS.md:AR-EXE-001; EP-ARCH-C01.yaml:f23:AR-EXE-001; candidate evidence: f04/f07 versioned envelopes and validation","The frozen candidate supplies a criterion-specific design mechanism and no contrary paper evidence was found: f04/f07 versioned envelopes and validation This is design confirmation only, not implementation validation.","CONFIRMED_SATISFIED_FOR_COMPARISON","NONE_AT_E2_COMPARISON","NONE","E3U-C01-TECHNICAL","NONE_AT_E2_ANALYTIC_GATE; the criterion remains subject to its declared E3 obligation and later implementation/release verification.","EXECUTION_CONTROL_AND_CONTAINMENT","E3V-006","NOT_APPLICABLE_HARD_CONSTRAINT"
"EP-ARCH-MATRIX-0.1","AR-EXE-002","Declared operation lifecycle and bounded output","HARD_CONSTRAINT","EP-ARCH-C01","Integrated Transactional Local Core","SATISFIED_BY_DESIGN","PROPOSAL","ENGINEERING_PREVIEW_ARCHITECTURE_REQUIREMENTS.md:AR-EXE-002; EP-ARCH-C01.yaml:f23:AR-EXE-002; candidate evidence: f07 declared lifecycle and bounded I/O","The frozen candidate supplies a criterion-specific design mechanism and no contrary paper evidence was found: f07 declared lifecycle and bounded I/O This is design confirmation only, not implementation validation.","CONFIRMED_SATISFIED_FOR_COMPARISON","NONE_AT_E2_COMPARISON","NONE","E3U-C01-TECHNICAL","NONE_AT_E2_ANALYTIC_GATE; the criterion remains subject to its declared E3 obligation and later implementation/release verification.","EXECUTION_CONTROL_AND_CONTAINMENT","E3V-002","NOT_APPLICABLE_HARD_CONSTRAINT"
"EP-ARCH-MATRIX-0.1","AR-EXE-003","Process-tree control, bounds, force termination, and fencing","HARD_CONSTRAINT","EP-ARCH-C01","Integrated Transactional Local Core","UNKNOWN_REQUIRING_SPIKE","UNKNOWN","ENGINEERING_PREVIEW_ARCHITECTURE_REQUIREMENTS.md:AR-EXE-003; EP-ARCH-C01.yaml:f23:AR-EXE-003; candidate evidence: f04/f10 separate integrated owner epoch/fencing from actual descendant containment; supported-host process-tree feasibility is shared SPQ-E2-002-01","The design names process-group, descendant-accounting, force-termination, and fencing mechanisms, but paper evidence cannot prove supported-host whole-tree containment under adversarial schedules.","ARCHITECTURE_BLOCKING_SPIKE","E2U-S01-DESCENDANT-CONTAINMENT","E2_PRESELECTION_SPIKE_REQUIRED","E3U-C01-TECHNICAL","E2-005 selection is blocked unless the shared descendant-containment spike passes for this candidate wrapper; failure eliminates the candidate.","EXECUTION_CONTROL_AND_CONTAINMENT","E3V-002","NOT_APPLICABLE_HARD_CONSTRAINT"
"EP-ARCH-MATRIX-0.1","AR-EXE-004","Untrusted execution-surface classification","HARD_CONSTRAINT","EP-ARCH-C01","Integrated Transactional Local Core","SATISFIED_BY_DESIGN","PROPOSAL","ENGINEERING_PREVIEW_ARCHITECTURE_REQUIREMENTS.md:AR-EXE-004; EP-ARCH-C01.yaml:f23:AR-EXE-004; candidate evidence: f10/f11 classified hooks/scripts/network","The frozen candidate supplies a criterion-specific design mechanism and no contrary paper evidence was found: f10/f11 classified hooks/scripts/network This is design confirmation only, not implementation validation.","CONFIRMED_SATISFIED_FOR_COMPARISON","NONE_AT_E2_COMPARISON","NONE","E3U-C01-TECHNICAL","NONE_AT_E2_ANALYTIC_GATE; the criterion remains subject to its declared E3 obligation and later implementation/release verification.","EXECUTION_CONTROL_AND_CONTAINMENT","E3V-006","NOT_APPLICABLE_HARD_CONSTRAINT"
"EP-ARCH-MATRIX-0.1","AR-GIT-001","Normative Git/effect classification enforcement","HARD_CONSTRAINT","EP-ARCH-C01","Integrated Transactional Local Core","SATISFIED_BY_DESIGN","PROPOSAL","ENGINEERING_PREVIEW_ARCHITECTURE_REQUIREMENTS.md:AR-GIT-001; EP-ARCH-C01.yaml:f23:AR-GIT-001; candidate evidence: f11 thirty-row enforcement","The frozen candidate supplies a criterion-specific design mechanism and no contrary paper evidence was found: f11 thirty-row enforcement This is design confirmation only, not implementation validation.","CONFIRMED_SATISFIED_FOR_COMPARISON","NONE_AT_E2_COMPARISON","NONE","E3U-C01-TECHNICAL","NONE_AT_E2_ANALYTIC_GATE; the criterion remains subject to its declared E3 obligation and later implementation/release verification.","APPROVAL_EFFECT_AND_GIT_ACCOUNTING","E3V-003","NOT_APPLICABLE_HARD_CONSTRAINT"
"EP-ARCH-MATRIX-0.1","AR-GIT-002","Git state binding and local review-package truth","HARD_CONSTRAINT","EP-ARCH-C01","Integrated Transactional Local Core","SATISFIED_BY_DESIGN","PROPOSAL","ENGINEERING_PREVIEW_ARCHITECTURE_REQUIREMENTS.md:AR-GIT-002; EP-ARCH-C01.yaml:f23:AR-GIT-002; candidate evidence: f11 exact state and package readback","The frozen candidate supplies a criterion-specific design mechanism and no contrary paper evidence was found: f11 exact state and package readback This is design confirmation only, not implementation validation.","CONFIRMED_SATISFIED_FOR_COMPARISON","NONE_AT_E2_COMPARISON","NONE","E3U-C01-TECHNICAL","NONE_AT_E2_ANALYTIC_GATE; the criterion remains subject to its declared E3 obligation and later implementation/release verification.","APPROVAL_EFFECT_AND_GIT_ACCOUNTING","E3V-005","NOT_APPLICABLE_HARD_CONSTRAINT"
"EP-ARCH-MATRIX-0.1","AR-SEC-001","Closed trust and authority precedence","HARD_CONSTRAINT","EP-ARCH-C01","Integrated Transactional Local Core","SATISFIED_BY_DESIGN","PROPOSAL","ENGINEERING_PREVIEW_ARCHITECTURE_REQUIREMENTS.md:AR-SEC-001; EP-ARCH-C01.yaml:f23:AR-SEC-001; candidate evidence: f05/f18 closed policy precedence","The frozen candidate supplies a criterion-specific design mechanism and no contrary paper evidence was found: f05/f18 closed policy precedence This is design confirmation only, not implementation validation.","CONFIRMED_SATISFIED_FOR_COMPARISON","NONE_AT_E2_COMPARISON","NONE","E3U-C01-TECHNICAL","NONE_AT_E2_ANALYTIC_GATE; the criterion remains subject to its declared E3 obligation and later implementation/release verification.","SECURITY_AND_PROTECTED_ENTRY","E3V-006","NOT_APPLICABLE_HARD_CONSTRAINT"
"EP-ARCH-MATRIX-0.1","AR-SEC-002","Deny-by-default scoped capabilities","HARD_CONSTRAINT","EP-ARCH-C01","Integrated Transactional Local Core","SATISFIED_BY_DESIGN","PROPOSAL","ENGINEERING_PREVIEW_ARCHITECTURE_REQUIREMENTS.md:AR-SEC-002; EP-ARCH-C01.yaml:f23:AR-SEC-002; candidate evidence: f05/f18 scoped capability gateway","The frozen candidate supplies a criterion-specific design mechanism and no contrary paper evidence was found: f05/f18 scoped capability gateway This is design confirmation only, not implementation validation.","CONFIRMED_SATISFIED_FOR_COMPARISON","NONE_AT_E2_COMPARISON","NONE","E3U-C01-TECHNICAL","NONE_AT_E2_ANALYTIC_GATE; the criterion remains subject to its declared E3 obligation and later implementation/release verification.","SECURITY_AND_PROTECTED_ENTRY","E3V-006","NOT_APPLICABLE_HARD_CONSTRAINT"
"EP-ARCH-MATRIX-0.1","AR-SEC-003","Protected-secret recipient boundary","HARD_CONSTRAINT","EP-ARCH-C01","Integrated Transactional Local Core","PLAUSIBLY_SATISFIABLE_BUT_REQUIRES_E2_003_ANALYSIS","INFERENCE","ENGINEERING_PREVIEW_ARCHITECTURE_REQUIREMENTS.md:AR-SEC-003; EP-ARCH-C01.yaml:f23:AR-SEC-003; candidate evidence: f05 TB-05 and exact recipient boundary","E2-003 resolves the candidate's explicit paper uncertainty against the verified criterion contract: f05 TB-05 and exact recipient boundary The resolution confirms the design-level property without claiming implementation proof.","CONFIRMED_SATISFIED_FOR_COMPARISON","E2U-PAPER-C01-U03","PAPER_RESOLVABLE","E3U-C01-PROTECTED-DELIVERY","NONE_AT_E2_ANALYTIC_GATE; the criterion remains subject to its declared E3 obligation and later implementation/release verification.","SECURITY_AND_PROTECTED_ENTRY","E3V-006","NOT_APPLICABLE_HARD_CONSTRAINT"
"EP-ARCH-MATRIX-0.1","AR-SEC-006","Protected human acquisition and takeover boundary","HARD_CONSTRAINT","EP-ARCH-C01","Integrated Transactional Local Core","UNKNOWN_REQUIRING_SPIKE","UNKNOWN","ENGINEERING_PREVIEW_ARCHITECTURE_REQUIREMENTS.md:AR-SEC-006; EP-ARCH-C01.yaml:f23:AR-SEC-006; candidate evidence: f18 proposed capture suspension/exclusion path; support-class feasibility unproven","The design separates protected acquisition from ordinary capture and delivery, but paper evidence cannot prove that raw human input avoids every supported observer surface.","ARCHITECTURE_BLOCKING_SPIKE","E2U-S02-PROTECTED-ACQUISITION","E2_PRESELECTION_SPIKE_REQUIRED","E3U-C01-PROTECTED-DELIVERY","E2-005 selection is blocked unless the shared protected-acquisition spike passes for this candidate wrapper; failure eliminates the candidate.","SECURITY_AND_PROTECTED_ENTRY","E3V-006","NOT_APPLICABLE_HARD_CONSTRAINT"
"EP-ARCH-MATRIX-0.1","AR-SEC-004","Explicit network, destination, and credential boundary","HARD_CONSTRAINT","EP-ARCH-C01","Integrated Transactional Local Core","PLAUSIBLY_SATISFIABLE_BUT_REQUIRES_E2_003_ANALYSIS","INFERENCE","ENGINEERING_PREVIEW_ARCHITECTURE_REQUIREMENTS.md:AR-SEC-004; EP-ARCH-C01.yaml:f23:AR-SEC-004; candidate evidence: f05 TB-11 and provider/network gateway; host enforcement unselected","E2-003 resolves the candidate's explicit paper uncertainty against the verified criterion contract: f05 TB-11 and provider/network gateway; host enforcement unselected The resolution confirms the design-level property without claiming implementation proof.","CONFIRMED_SATISFIED_FOR_COMPARISON","E2U-PAPER-C01-U03","PAPER_RESOLVABLE","E3U-C01-TECHNICAL","NONE_AT_E2_ANALYTIC_GATE; the criterion remains subject to its declared E3 obligation and later implementation/release verification.","SECURITY_AND_PROTECTED_ENTRY","E3V-006","NOT_APPLICABLE_HARD_CONSTRAINT"
"EP-ARCH-MATRIX-0.1","AR-SEC-005","Clean-room and source-provenance enforcement","HARD_CONSTRAINT","EP-ARCH-C01","Integrated Transactional Local Core","SATISFIED_BY_DESIGN","PROPOSAL","ENGINEERING_PREVIEW_ARCHITECTURE_REQUIREMENTS.md:AR-SEC-005; EP-ARCH-C01.yaml:f23:AR-SEC-005; candidate evidence: f10/f15 provenance and forbidden-artifact boundary","The frozen candidate supplies a criterion-specific design mechanism and no contrary paper evidence was found: f10/f15 provenance and forbidden-artifact boundary This is design confirmation only, not implementation validation.","CONFIRMED_SATISFIED_FOR_COMPARISON","NONE_AT_E2_COMPARISON","NONE","E3U-C01-TECHNICAL","NONE_AT_E2_ANALYTIC_GATE; the criterion remains subject to its declared E3 obligation and later implementation/release verification.","SECURITY_AND_PROTECTED_ENTRY","E3V-006","NOT_APPLICABLE_HARD_CONSTRAINT"
"EP-ARCH-MATRIX-0.1","AR-APR-001","Durable exact-scope approval object","HARD_CONSTRAINT","EP-ARCH-C01","Integrated Transactional Local Core","SATISFIED_BY_DESIGN","PROPOSAL","ENGINEERING_PREVIEW_ARCHITECTURE_REQUIREMENTS.md:AR-APR-001; EP-ARCH-C01.yaml:f23:AR-APR-001; candidate evidence: f12 durable exact one-shot approval","The frozen candidate supplies a criterion-specific design mechanism and no contrary paper evidence was found: f12 durable exact one-shot approval This is design confirmation only, not implementation validation.","CONFIRMED_SATISFIED_FOR_COMPARISON","NONE_AT_E2_COMPARISON","NONE","E3U-C01-TECHNICAL","NONE_AT_E2_ANALYTIC_GATE; the criterion remains subject to its declared E3 obligation and later implementation/release verification.","APPROVAL_EFFECT_AND_GIT_ACCOUNTING","E3V-006","NOT_APPLICABLE_HARD_CONSTRAINT"
"EP-ARCH-MATRIX-0.1","AR-APR-002","External-effect intent, attempt, observation, confirmation, and uncertainty","HARD_CONSTRAINT","EP-ARCH-C01","Integrated Transactional Local Core","SATISFIED_BY_DESIGN","PROPOSAL","ENGINEERING_PREVIEW_ARCHITECTURE_REQUIREMENTS.md:AR-APR-002; EP-ARCH-C01.yaml:f23:AR-APR-002; candidate evidence: f12 six distinct effect concepts","The frozen candidate supplies a criterion-specific design mechanism and no contrary paper evidence was found: f12 six distinct effect concepts This is design confirmation only, not implementation validation.","CONFIRMED_SATISFIED_FOR_COMPARISON","NONE_AT_E2_COMPARISON","NONE","E3U-C01-TECHNICAL","NONE_AT_E2_ANALYTIC_GATE; the criterion remains subject to its declared E3 obligation and later implementation/release verification.","APPROVAL_EFFECT_AND_GIT_ACCOUNTING","E3V-001","NOT_APPLICABLE_HARD_CONSTRAINT"
"EP-ARCH-MATRIX-0.1","AR-APR-003","Consequential, destructive, and prohibited action enforcement","HARD_CONSTRAINT","EP-ARCH-C01","Integrated Transactional Local Core","SATISFIED_BY_DESIGN","PROPOSAL","ENGINEERING_PREVIEW_ARCHITECTURE_REQUIREMENTS.md:AR-APR-003; EP-ARCH-C01.yaml:f23:AR-APR-003; candidate evidence: f05/f11/f12 prohibited action gate","The frozen candidate supplies a criterion-specific design mechanism and no contrary paper evidence was found: f05/f11/f12 prohibited action gate This is design confirmation only, not implementation validation.","CONFIRMED_SATISFIED_FOR_COMPARISON","NONE_AT_E2_COMPARISON","NONE","E3U-C01-TECHNICAL","NONE_AT_E2_ANALYTIC_GATE; the criterion remains subject to its declared E3 obligation and later implementation/release verification.","APPROVAL_EFFECT_AND_GIT_ACCOUNTING","E3V-006","NOT_APPLICABLE_HARD_CONSTRAINT"
"EP-ARCH-MATRIX-0.1","AR-MOD-001","Provider- and logical-role-neutral product semantics","HARD_CONSTRAINT","EP-ARCH-C01","Integrated Transactional Local Core","SATISFIED_BY_DESIGN","PROPOSAL","ENGINEERING_PREVIEW_ARCHITECTURE_REQUIREMENTS.md:AR-MOD-001; EP-ARCH-C01.yaml:f23:AR-MOD-001; candidate evidence: f13 provider and role neutral core","The frozen candidate supplies a criterion-specific design mechanism and no contrary paper evidence was found: f13 provider and role neutral core This is design confirmation only, not implementation validation.","CONFIRMED_SATISFIED_FOR_COMPARISON","NONE_AT_E2_COMPARISON","NONE","E3U-C01-TECHNICAL","NONE_AT_E2_ANALYTIC_GATE; the criterion remains subject to its declared E3 obligation and later implementation/release verification.","MODEL_PROVIDER_AND_CAPABILITY_ROUTING","E3V-004","NOT_APPLICABLE_HARD_CONSTRAINT"
"EP-ARCH-MATRIX-0.1","AR-MOD-002","Purpose, eligibility, capability discovery, and zero-dispatch denial","HARD_CONSTRAINT","EP-ARCH-C01","Integrated Transactional Local Core","SATISFIED_BY_DESIGN","PROPOSAL","ENGINEERING_PREVIEW_ARCHITECTURE_REQUIREMENTS.md:AR-MOD-002; EP-ARCH-C01.yaml:f23:AR-MOD-002; candidate evidence: f13 purpose/eligibility/capability/denial","The frozen candidate supplies a criterion-specific design mechanism and no contrary paper evidence was found: f13 purpose/eligibility/capability/denial This is design confirmation only, not implementation validation.","CONFIRMED_SATISFIED_FOR_COMPARISON","NONE_AT_E2_COMPARISON","NONE","E3U-C01-TECHNICAL","NONE_AT_E2_ANALYTIC_GATE; the criterion remains subject to its declared E3 obligation and later implementation/release verification.","MODEL_PROVIDER_AND_CAPABILITY_ROUTING","E3V-004","NOT_APPLICABLE_HARD_CONSTRAINT"
"EP-ARCH-MATRIX-0.1","AR-MOD-003","Explicit fallback and provider-specific semantics","HARD_CONSTRAINT","EP-ARCH-C01","Integrated Transactional Local Core","SATISFIED_BY_DESIGN","PROPOSAL","ENGINEERING_PREVIEW_ARCHITECTURE_REQUIREMENTS.md:AR-MOD-003; EP-ARCH-C01.yaml:f23:AR-MOD-003; candidate evidence: f13 explicit fallback and typed distinctions","The frozen candidate supplies a criterion-specific design mechanism and no contrary paper evidence was found: f13 explicit fallback and typed distinctions This is design confirmation only, not implementation validation.","CONFIRMED_SATISFIED_FOR_COMPARISON","NONE_AT_E2_COMPARISON","NONE","E3U-C01-TECHNICAL","NONE_AT_E2_ANALYTIC_GATE; the criterion remains subject to its declared E3 obligation and later implementation/release verification.","MODEL_PROVIDER_AND_CAPABILITY_ROUTING","E3V-004","NOT_APPLICABLE_HARD_CONSTRAINT"
"EP-ARCH-MATRIX-0.1","AR-EVD-001","Versioned outcome-profile evidence bundle","HARD_CONSTRAINT","EP-ARCH-C01","Integrated Transactional Local Core","SATISFIED_BY_DESIGN","PROPOSAL","ENGINEERING_PREVIEW_ARCHITECTURE_REQUIREMENTS.md:AR-EVD-001; EP-ARCH-C01.yaml:f23:AR-EVD-001; candidate evidence: f15 versioned outcome profile","The frozen candidate supplies a criterion-specific design mechanism and no contrary paper evidence was found: f15 versioned outcome profile This is design confirmation only, not implementation validation.","CONFIRMED_SATISFIED_FOR_COMPARISON","NONE_AT_E2_COMPARISON","NONE","E3U-C01-TECHNICAL","NONE_AT_E2_ANALYTIC_GATE; the criterion remains subject to its declared E3 obligation and later implementation/release verification.","EVIDENCE_VERIFICATION_AND_OBSERVABILITY","E3V-005","NOT_APPLICABLE_HARD_CONSTRAINT"
"EP-ARCH-MATRIX-0.1","AR-EVD-002","Stable artifact identity, provenance, references, and redaction","HARD_CONSTRAINT","EP-ARCH-C01","Integrated Transactional Local Core","SATISFIED_BY_DESIGN","PROPOSAL","ENGINEERING_PREVIEW_ARCHITECTURE_REQUIREMENTS.md:AR-EVD-002; EP-ARCH-C01.yaml:f23:AR-EVD-002; candidate evidence: f15 stable artifacts/provenance/redaction","The frozen candidate supplies a criterion-specific design mechanism and no contrary paper evidence was found: f15 stable artifacts/provenance/redaction This is design confirmation only, not implementation validation.","CONFIRMED_SATISFIED_FOR_COMPARISON","NONE_AT_E2_COMPARISON","NONE","E3U-C01-TECHNICAL","NONE_AT_E2_ANALYTIC_GATE; the criterion remains subject to its declared E3 obligation and later implementation/release verification.","EVIDENCE_VERIFICATION_AND_OBSERVABILITY","E3V-005","NOT_APPLICABLE_HARD_CONSTRAINT"
"EP-ARCH-MATRIX-0.1","AR-EVD-003","Evidence integrity distinct from telemetry","HARD_CONSTRAINT","EP-ARCH-C01","Integrated Transactional Local Core","SATISFIED_BY_DESIGN","PROPOSAL","ENGINEERING_PREVIEW_ARCHITECTURE_REQUIREMENTS.md:AR-EVD-003; EP-ARCH-C01.yaml:f23:AR-EVD-003; candidate evidence: f15/f17 evidence distinct from telemetry","The frozen candidate supplies a criterion-specific design mechanism and no contrary paper evidence was found: f15/f17 evidence distinct from telemetry This is design confirmation only, not implementation validation.","CONFIRMED_SATISFIED_FOR_COMPARISON","NONE_AT_E2_COMPARISON","NONE","E3U-C01-TECHNICAL","NONE_AT_E2_ANALYTIC_GATE; the criterion remains subject to its declared E3 obligation and later implementation/release verification.","EVIDENCE_VERIFICATION_AND_OBSERVABILITY","E3V-005","NOT_APPLICABLE_HARD_CONSTRAINT"
"EP-ARCH-MATRIX-0.1","AR-VER-001","Structurally independent verification path","HARD_CONSTRAINT","EP-ARCH-C01","Integrated Transactional Local Core","SATISFIED_BY_DESIGN","PROPOSAL","ENGINEERING_PREVIEW_ARCHITECTURE_REQUIREMENTS.md:AR-VER-001; EP-ARCH-C01.yaml:f23:AR-VER-001; candidate evidence: f04/f16 separate verifier context","The frozen candidate supplies a criterion-specific design mechanism and no contrary paper evidence was found: f04/f16 separate verifier context This is design confirmation only, not implementation validation.","CONFIRMED_SATISFIED_FOR_COMPARISON","NONE_AT_E2_COMPARISON","NONE","E3U-C01-TECHNICAL","NONE_AT_E2_ANALYTIC_GATE; the criterion remains subject to its declared E3 obligation and later implementation/release verification.","EVIDENCE_VERIFICATION_AND_OBSERVABILITY","E3V-005","NOT_APPLICABLE_HARD_CONSTRAINT"
"EP-ARCH-MATRIX-0.1","AR-VER-002","Deterministic replay, bounded verification context, and adequacy review","HARD_CONSTRAINT","EP-ARCH-C01","Integrated Transactional Local Core","SATISFIED_BY_DESIGN","PROPOSAL","ENGINEERING_PREVIEW_ARCHITECTURE_REQUIREMENTS.md:AR-VER-002; EP-ARCH-C01.yaml:f23:AR-VER-002; candidate evidence: f16 deterministic replay and adequacy","The frozen candidate supplies a criterion-specific design mechanism and no contrary paper evidence was found: f16 deterministic replay and adequacy This is design confirmation only, not implementation validation.","CONFIRMED_SATISFIED_FOR_COMPARISON","NONE_AT_E2_COMPARISON","NONE","E3U-C01-TECHNICAL","NONE_AT_E2_ANALYTIC_GATE; the criterion remains subject to its declared E3 obligation and later implementation/release verification.","EVIDENCE_VERIFICATION_AND_OBSERVABILITY","E3V-005","NOT_APPLICABLE_HARD_CONSTRAINT"
"EP-ARCH-MATRIX-0.1","AR-VER-003","Verification lifecycle, error separation, and correction invalidation","HARD_CONSTRAINT","EP-ARCH-C01","Integrated Transactional Local Core","SATISFIED_BY_DESIGN","PROPOSAL","ENGINEERING_PREVIEW_ARCHITECTURE_REQUIREMENTS.md:AR-VER-003; EP-ARCH-C01.yaml:f23:AR-VER-003; candidate evidence: f16 error/correction/stale lifecycle","The frozen candidate supplies a criterion-specific design mechanism and no contrary paper evidence was found: f16 error/correction/stale lifecycle This is design confirmation only, not implementation validation.","CONFIRMED_SATISFIED_FOR_COMPARISON","NONE_AT_E2_COMPARISON","NONE","E3U-C01-TECHNICAL","NONE_AT_E2_ANALYTIC_GATE; the criterion remains subject to its declared E3 obligation and later implementation/release verification.","EVIDENCE_VERIFICATION_AND_OBSERVABILITY","E3V-005","NOT_APPLICABLE_HARD_CONSTRAINT"
"EP-ARCH-MATRIX-0.1","AR-OBS-001","Structured operational observability","HARD_CONSTRAINT","EP-ARCH-C01","Integrated Transactional Local Core","SATISFIED_BY_DESIGN","PROPOSAL","ENGINEERING_PREVIEW_ARCHITECTURE_REQUIREMENTS.md:AR-OBS-001; EP-ARCH-C01.yaml:f23:AR-OBS-001; candidate evidence: f17 correlated structured state","The frozen candidate supplies a criterion-specific design mechanism and no contrary paper evidence was found: f17 correlated structured state This is design confirmation only, not implementation validation.","CONFIRMED_SATISFIED_FOR_COMPARISON","NONE_AT_E2_COMPARISON","NONE","E3U-C01-TECHNICAL","NONE_AT_E2_ANALYTIC_GATE; the criterion remains subject to its declared E3 obligation and later implementation/release verification.","EVIDENCE_VERIFICATION_AND_OBSERVABILITY","E3V-007","NOT_APPLICABLE_HARD_CONSTRAINT"
"EP-ARCH-MATRIX-0.1","AR-OBS-002","Evidence-linked explanations without private reasoning","HARD_CONSTRAINT","EP-ARCH-C01","Integrated Transactional Local Core","SATISFIED_BY_DESIGN","PROPOSAL","ENGINEERING_PREVIEW_ARCHITECTURE_REQUIREMENTS.md:AR-OBS-002; EP-ARCH-C01.yaml:f23:AR-OBS-002; candidate evidence: f17 evidence-linked explanation","The frozen candidate supplies a criterion-specific design mechanism and no contrary paper evidence was found: f17 evidence-linked explanation This is design confirmation only, not implementation validation.","CONFIRMED_SATISFIED_FOR_COMPARISON","NONE_AT_E2_COMPARISON","NONE","E3U-C01-TECHNICAL","NONE_AT_E2_ANALYTIC_GATE; the criterion remains subject to its declared E3 obligation and later implementation/release verification.","EVIDENCE_VERIFICATION_AND_OBSERVABILITY","E3V-005","NOT_APPLICABLE_HARD_CONSTRAINT"
"EP-ARCH-MATRIX-0.1","AR-FAIL-001","Structured semantic failure model","HARD_CONSTRAINT","EP-ARCH-C01","Integrated Transactional Local Core","SATISFIED_BY_DESIGN","PROPOSAL","ENGINEERING_PREVIEW_ARCHITECTURE_REQUIREMENTS.md:AR-FAIL-001; EP-ARCH-C01.yaml:f23:AR-FAIL-001; candidate evidence: f17 typed layers and next actions","The frozen candidate supplies a criterion-specific design mechanism and no contrary paper evidence was found: f17 typed layers and next actions This is design confirmation only, not implementation validation.","CONFIRMED_SATISFIED_FOR_COMPARISON","NONE_AT_E2_COMPARISON","NONE","E3U-C01-TECHNICAL","NONE_AT_E2_ANALYTIC_GATE; the criterion remains subject to its declared E3 obligation and later implementation/release verification.","FAILURE_AND_RESOURCE_CEILINGS","E3V-001","NOT_APPLICABLE_HARD_CONSTRAINT"
"EP-ARCH-MATRIX-0.1","AR-FAIL-002","Ceiling exhaustion and bounded safety reserve","HARD_CONSTRAINT","EP-ARCH-C01","Integrated Transactional Local Core","SATISFIED_BY_DESIGN","PROPOSAL","ENGINEERING_PREVIEW_ARCHITECTURE_REQUIREMENTS.md:AR-FAIL-002; EP-ARCH-C01.yaml:f23:AR-FAIL-002; candidate evidence: f07/f17 ceilings and safety reserve","The frozen candidate supplies a criterion-specific design mechanism and no contrary paper evidence was found: f07/f17 ceilings and safety reserve This is design confirmation only, not implementation validation.","CONFIRMED_SATISFIED_FOR_COMPARISON","NONE_AT_E2_COMPARISON","NONE","E3U-C01-TECHNICAL","NONE_AT_E2_ANALYTIC_GATE; the criterion remains subject to its declared E3 obligation and later implementation/release verification.","FAILURE_AND_RESOURCE_CEILINGS","E3V-007","NOT_APPLICABLE_HARD_CONSTRAINT"
"EP-ARCH-MATRIX-0.1","AR-TST-001","Deterministic test seams and fault injection","HARD_CONSTRAINT","EP-ARCH-C01","Integrated Transactional Local Core","SATISFIED_BY_DESIGN","PROPOSAL","ENGINEERING_PREVIEW_ARCHITECTURE_REQUIREMENTS.md:AR-TST-001; EP-ARCH-C01.yaml:f23:AR-TST-001; candidate evidence: f25 fault-injectable ports","The frozen candidate supplies a criterion-specific design mechanism and no contrary paper evidence was found: f25 fault-injectable ports This is design confirmation only, not implementation validation.","CONFIRMED_SATISFIED_FOR_COMPARISON","NONE_AT_E2_COMPARISON","NONE","E3U-C01-TECHNICAL","NONE_AT_E2_ANALYTIC_GATE; the criterion remains subject to its declared E3 obligation and later implementation/release verification.","TESTABILITY_AND_FAULT_INJECTION","E3V-001","NOT_APPLICABLE_HARD_CONSTRAINT"
"EP-ARCH-MATRIX-0.1","AR-TST-002","Complete frozen E1 suite materialization","HARD_CONSTRAINT","EP-ARCH-C01","Integrated Transactional Local Core","SATISFIED_BY_DESIGN","PROPOSAL","ENGINEERING_PREVIEW_ARCHITECTURE_REQUIREMENTS.md:AR-TST-002; EP-ARCH-C01.yaml:f23:AR-TST-002; candidate evidence: f25 nine-row family_level_matrix plus EP_CTL_016 and all 16 mandatory dangerous-composition seams","The frozen candidate supplies a criterion-specific design mechanism and no contrary paper evidence was found: f25 nine-row family_level_matrix plus EP_CTL_016 and all 16 mandatory dangerous-composition seams This is design confirmation only, not implementation validation.","CONFIRMED_SATISFIED_FOR_COMPARISON","NONE_AT_E2_COMPARISON","NONE","E3U-C01-TECHNICAL","NONE_AT_E2_ANALYTIC_GATE; the criterion remains subject to its declared E3 obligation and later implementation/release verification.","TESTABILITY_AND_FAULT_INJECTION","E3V-001","NOT_APPLICABLE_HARD_CONSTRAINT"
"EP-ARCH-MATRIX-0.1","AR-TST-003","Measurement-protocol interfaces without invented thresholds","HARD_CONSTRAINT","EP-ARCH-C01","Integrated Transactional Local Core","SATISFIED_BY_DESIGN","PROPOSAL","ENGINEERING_PREVIEW_ARCHITECTURE_REQUIREMENTS.md:AR-TST-003; EP-ARCH-C01.yaml:f23:AR-TST-003; candidate evidence: f25 eight measurement interfaces; no threshold claim","The frozen candidate supplies a criterion-specific design mechanism and no contrary paper evidence was found: f25 eight measurement interfaces; no threshold claim This is design confirmation only, not implementation validation.","CONFIRMED_SATISFIED_FOR_COMPARISON","NONE_AT_E2_COMPARISON","NONE","E3U-C01-TECHNICAL","NONE_AT_E2_ANALYTIC_GATE; the criterion remains subject to its declared E3 obligation and later implementation/release verification.","TESTABILITY_AND_FAULT_INJECTION","E3V-007","NOT_APPLICABLE_HARD_CONSTRAINT"
"EP-ARCH-MATRIX-0.1","AR-PERF-001","Finite resource, time, output, network, and cost enforcement","HARD_CONSTRAINT","EP-ARCH-C01","Integrated Transactional Local Core","SATISFIED_BY_DESIGN","PROPOSAL","ENGINEERING_PREVIEW_ARCHITECTURE_REQUIREMENTS.md:AR-PERF-001; EP-ARCH-C01.yaml:f23:AR-PERF-001; candidate evidence: f07/f13 finite pre-dispatch ceilings","The frozen candidate supplies a criterion-specific design mechanism and no contrary paper evidence was found: f07/f13 finite pre-dispatch ceilings This is design confirmation only, not implementation validation.","CONFIRMED_SATISFIED_FOR_COMPARISON","NONE_AT_E2_COMPARISON","NONE","E3U-C01-TECHNICAL","NONE_AT_E2_ANALYTIC_GATE; the criterion remains subject to its declared E3 obligation and later implementation/release verification.","PERFORMANCE_AND_MEASUREMENT","E3V-007","NOT_APPLICABLE_HARD_CONSTRAINT"
"EP-ARCH-MATRIX-0.1","AR-PERF-002","Latency, cost, responsiveness, and large-output instrumentation","HARD_CONSTRAINT","EP-ARCH-C01","Integrated Transactional Local Core","SATISFIED_BY_DESIGN","PROPOSAL","ENGINEERING_PREVIEW_ARCHITECTURE_REQUIREMENTS.md:AR-PERF-002; EP-ARCH-C01.yaml:f23:AR-PERF-002; candidate evidence: f13/f17 raw timing/usage/cost","The frozen candidate supplies a criterion-specific design mechanism and no contrary paper evidence was found: f13/f17 raw timing/usage/cost This is design confirmation only, not implementation validation.","CONFIRMED_SATISFIED_FOR_COMPARISON","NONE_AT_E2_COMPARISON","NONE","E3U-C01-TECHNICAL","NONE_AT_E2_ANALYTIC_GATE; the criterion remains subject to its declared E3 obligation and later implementation/release verification.","PERFORMANCE_AND_MEASUREMENT","E3V-007","NOT_APPLICABLE_HARD_CONSTRAINT"
"EP-ARCH-MATRIX-0.1","AR-PKG-001","Local-first packaging and contributor-operable boundary","HARD_CONSTRAINT","EP-ARCH-C01","Integrated Transactional Local Core","PLAUSIBLY_SATISFIABLE_BUT_REQUIRES_E2_003_ANALYSIS","INFERENCE","ENGINEERING_PREVIEW_ARCHITECTURE_REQUIREMENTS.md:AR-PKG-001; EP-ARCH-C01.yaml:f23:AR-PKG-001; candidate evidence: f19 local package shape; supported-host/toolchain proof pending","E2-003 resolves the candidate's explicit paper uncertainty against the verified criterion contract: f19 local package shape; supported-host/toolchain proof pending The resolution confirms the design-level property without claiming implementation proof.","CONFIRMED_SATISFIED_FOR_COMPARISON","E2U-PAPER-C01-U03","PAPER_RESOLVABLE","E3U-C01-TECHNICAL","NONE_AT_E2_ANALYTIC_GATE; the criterion remains subject to its declared E3 obligation and later implementation/release verification.","LOCAL_PACKAGING_AND_CONTRIBUTOR_BURDEN","E3V-003","NOT_APPLICABLE_HARD_CONSTRAINT"
"EP-ARCH-MATRIX-0.1","AR-FUT-001","Versioned serializable replaceable boundaries","HARD_CONSTRAINT","EP-ARCH-C01","Integrated Transactional Local Core","SATISFIED_BY_DESIGN","PROPOSAL","ENGINEERING_PREVIEW_ARCHITECTURE_REQUIREMENTS.md:AR-FUT-001; EP-ARCH-C01.yaml:f23:AR-FUT-001; candidate evidence: f04/f20 already specify a serializable versioned executor request/control/result/evidence seam; later extraction cost is AR-PRF-003/004 preference evidence, not failure of the hard compatibility floor","The frozen candidate supplies a criterion-specific design mechanism and no contrary paper evidence was found: f04/f20 already specify a serializable versioned executor request/control/result/evidence seam; later extraction cost is AR-PRF-003/004 preference evidence, not failure of the hard compatibility floor This is design confirmation only, not implementation validation.","CONFIRMED_SATISFIED_FOR_COMPARISON","NONE_AT_E2_COMPARISON","NONE","E3U-C01-TECHNICAL","NONE_AT_E2_ANALYTIC_GATE; the criterion remains subject to its declared E3 obligation and later implementation/release verification.","FUTURE_EVOLUTION_AND_REVERSIBILITY","E3V-001","NOT_APPLICABLE_HARD_CONSTRAINT"
"EP-ARCH-MATRIX-0.1","AR-FUT-002","Explicit ownership scopes without global singleton dependence","HARD_CONSTRAINT","EP-ARCH-C01","Integrated Transactional Local Core","SATISFIED_BY_DESIGN","PROPOSAL","ENGINEERING_PREVIEW_ARCHITECTURE_REQUIREMENTS.md:AR-FUT-002; EP-ARCH-C01.yaml:f23:AR-FUT-002; candidate evidence: f06/f20 already scope stable agent/task/workspace IDs, versions, owner epochs, dedupe and retirement so one-versus-many identity is not baked into records; concurrent scheduling remains deferred","The frozen candidate supplies a criterion-specific design mechanism and no contrary paper evidence was found: f06/f20 already scope stable agent/task/workspace IDs, versions, owner epochs, dedupe and retirement so one-versus-many identity is not baked into records; concurrent scheduling remains deferred This is design confirmation only, not implementation validation.","CONFIRMED_SATISFIED_FOR_COMPARISON","NONE_AT_E2_COMPARISON","NONE","E3U-C01-TECHNICAL","NONE_AT_E2_ANALYTIC_GATE; the criterion remains subject to its declared E3 obligation and later implementation/release verification.","FUTURE_EVOLUTION_AND_REVERSIBILITY","E3V-006","NOT_APPLICABLE_HARD_CONSTRAINT"
"EP-ARCH-MATRIX-0.1","AR-FUT-003","Versionable extension boundary and domain-neutral shared core","HARD_CONSTRAINT","EP-ARCH-C01","Integrated Transactional Local Core","SATISFIED_BY_DESIGN","PROPOSAL","ENGINEERING_PREVIEW_ARCHITECTURE_REQUIREMENTS.md:AR-FUT-003; EP-ARCH-C01.yaml:f23:AR-FUT-003; candidate evidence: f13/f20 versioned neutral adapters","The frozen candidate supplies a criterion-specific design mechanism and no contrary paper evidence was found: f13/f20 versioned neutral adapters This is design confirmation only, not implementation validation.","CONFIRMED_SATISFIED_FOR_COMPARISON","NONE_AT_E2_COMPARISON","NONE","E3U-C01-TECHNICAL","NONE_AT_E2_ANALYTIC_GATE; the criterion remains subject to its declared E3 obligation and later implementation/release verification.","FUTURE_EVOLUTION_AND_REVERSIBILITY","E3V-004","NOT_APPLICABLE_HARD_CONSTRAINT"
"EP-ARCH-MATRIX-0.1","AR-PRF-001","Lower interactive and control latency after hard compliance","WEIGHTED_PREFERENCE","EP-ARCH-C01","Integrated Transactional Local Core","PREFERENCE_CHARACTERIZED_UNSCORED","INFERENCE","ENGINEERING_PREVIEW_ARCHITECTURE_REQUIREMENTS.md:AR-PRF-001; EP-ARCH-C01.yaml:f23:AR-PRF-001; candidate evidence: Colocated interactive/control path; future measurement only","The candidate's frozen preference evidence is characterized without a score or rank: Colocated interactive/control path; future measurement only Fewer top-level local crossings; latency remains unmeasured. Numeric weighting is unauthorized and correlated preferences are not double counted.","QUALITATIVE_TRADEOFF_NO_SCORE","E2U-PREFERENCE-WEIGHTS","DEFERRED_OUT_OF_SCOPE","E3U-C01-TECHNICAL","NO_HARD_ELIMINATION; E2-005 may use verified qualitative tradeoffs and an explicit prospective priority rationale, but E2-003 cannot choose a winner.","PREFERENCE_LATENCY_AND_LOCAL_OVERHEAD","E3V-007","Fewer top-level local crossings; latency remains unmeasured."
"EP-ARCH-MATRIX-0.1","AR-PRF-002","Lower operational and maintenance complexity after hard compliance","WEIGHTED_PREFERENCE","EP-ARCH-C01","Integrated Transactional Local Core","PREFERENCE_CHARACTERIZED_UNSCORED","INFERENCE","ENGINEERING_PREVIEW_ARCHITECTURE_REQUIREMENTS.md:AR-PRF-002; EP-ARCH-C01.yaml:f23:AR-PRF-002; candidate evidence: One long-running component with a broad core responsibility set","The candidate's frozen preference evidence is characterized without a score or rank: One long-running component with a broad core responsibility set One runtime reduces lifecycle count but concentrates broad-core coupling. Numeric weighting is unauthorized and correlated preferences are not double counted.","QUALITATIVE_TRADEOFF_NO_SCORE","E2U-PAPER-C01-U01","PAPER_RESOLVABLE","E3U-C01-TECHNICAL","NO_HARD_ELIMINATION; E2-005 may use verified qualitative tradeoffs and an explicit prospective priority rationale, but E2-003 cannot choose a winner.","PREFERENCE_MAINTAINABILITY_AND_PACKAGING","NONE","One runtime reduces lifecycle count but concentrates broad-core coupling."
"EP-ARCH-MATRIX-0.1","AR-PRF-003","Lower migration cost and stronger reversibility after hard compliance","WEIGHTED_PREFERENCE","EP-ARCH-C01","Integrated Transactional Local Core","PREFERENCE_CHARACTERIZED_UNSCORED","INFERENCE","ENGINEERING_PREVIEW_ARCHITECTURE_REQUIREMENTS.md:AR-PRF-003; EP-ARCH-C01.yaml:f23:AR-PRF-003; candidate evidence: State export possible; core extraction is a costly boundary","The candidate's frozen preference evidence is characterized without a score or rank: State export possible; core extraction is a costly boundary State export is possible, while extracting the integrated core is costly. Numeric weighting is unauthorized and correlated preferences are not double counted.","QUALITATIVE_TRADEOFF_NO_SCORE","E2U-PAPER-C01-U02","PAPER_RESOLVABLE","E3U-C01-TECHNICAL","NO_HARD_ELIMINATION; E2-005 may use verified qualitative tradeoffs and an explicit prospective priority rationale, but E2-003 cannot choose a winner.","PREFERENCE_MIGRATION_REMOTE_AND_REVERSIBILITY","E3V-001","State export is possible, while extracting the integrated core is costly."
"EP-ARCH-MATRIX-0.1","AR-PRF-004","Lower future remote/concurrency adaptation cost after hard compliance","WEIGHTED_PREFERENCE","EP-ARCH-C01","Integrated Transactional Local Core","PREFERENCE_CHARACTERIZED_UNSCORED","INFERENCE","ENGINEERING_PREVIEW_ARCHITECTURE_REQUIREMENTS.md:AR-PRF-004; EP-ARCH-C01.yaml:f23:AR-PRF-004; candidate evidence: Serializable ports reserved; no remote/concurrent implementation","The candidate's frozen preference evidence is characterized without a score or rank: Serializable ports reserved; no remote/concurrent implementation Serializable ports exist, while remote control requires extracting co-resident authority. Numeric weighting is unauthorized and correlated preferences are not double counted.","QUALITATIVE_TRADEOFF_NO_SCORE","E2U-PAPER-C01-U02","PAPER_RESOLVABLE","E3U-C01-TECHNICAL","NO_HARD_ELIMINATION; E2-005 may use verified qualitative tradeoffs and an explicit prospective priority rationale, but E2-003 cannot choose a winner.","PREFERENCE_MIGRATION_REMOTE_AND_REVERSIBILITY","NONE","Serializable ports exist, while remote control requires extracting co-resident authority."
"EP-ARCH-MATRIX-0.1","AR-PRF-005","Lower evidence and large-output overhead after hard compliance","WEIGHTED_PREFERENCE","EP-ARCH-C01","Integrated Transactional Local Core","PREFERENCE_CHARACTERIZED_UNSCORED","INFERENCE","ENGINEERING_PREVIEW_ARCHITECTURE_REQUIREMENTS.md:AR-PRF-005; EP-ARCH-C01.yaml:f23:AR-PRF-005; candidate evidence: Local artifact references and one store; overhead unmeasured","The candidate's frozen preference evidence is characterized without a score or rank: Local artifact references and one store; overhead unmeasured Transactional current reads may reduce topology overhead; evidence cost remains unmeasured. Numeric weighting is unauthorized and correlated preferences are not double counted.","QUALITATIVE_TRADEOFF_NO_SCORE","E2U-PREFERENCE-WEIGHTS","DEFERRED_OUT_OF_SCOPE","E3U-C01-TECHNICAL","NO_HARD_ELIMINATION; E2-005 may use verified qualitative tradeoffs and an explicit prospective priority rationale, but E2-003 cannot choose a winner.","PREFERENCE_LATENCY_AND_LOCAL_OVERHEAD","E3V-007","Transactional current reads may reduce topology overhead; evidence cost remains unmeasured."
"EP-ARCH-MATRIX-0.1","AR-PRF-006","Lower contributor and local packaging burden after hard compliance","WEIGHTED_PREFERENCE","EP-ARCH-C01","Integrated Transactional Local Core","PREFERENCE_CHARACTERIZED_UNSCORED","INFERENCE","ENGINEERING_PREVIEW_ARCHITECTURE_REQUIREMENTS.md:AR-PRF-006; EP-ARCH-C01.yaml:f23:AR-PRF-006; candidate evidence: One package/process boundary; broad-core documentation burden","The candidate's frozen preference evidence is characterized without a score or rank: One package/process boundary; broad-core documentation burden One package/runtime is locally simple, while broad-core ownership and documentation are heavier. Numeric weighting is unauthorized and correlated preferences are not double counted.","QUALITATIVE_TRADEOFF_NO_SCORE","E2U-PAPER-C01-U01","PAPER_RESOLVABLE","E3U-C01-TECHNICAL","NO_HARD_ELIMINATION; E2-005 may use verified qualitative tradeoffs and an explicit prospective priority rationale, but E2-003 cannot choose a winner.","PREFERENCE_MAINTAINABILITY_AND_PACKAGING","E3V-003","One package/runtime is locally simple, while broad-core ownership and documentation are heavier."
"EP-ARCH-MATRIX-0.1","AR-COR-001","Stable durable identities","HARD_CONSTRAINT","EP-ARCH-C02","Local Control Service with Replaceable Workers","SATISFIED_BY_DESIGN","PROPOSAL","ENGINEERING_PREVIEW_ARCHITECTURE_REQUIREMENTS.md:AR-COR-001; EP-ARCH-C02.yaml:f23:AR-COR-001; candidate evidence: f03/f06/f07 stable commands/tasks","The frozen candidate supplies a criterion-specific design mechanism and no contrary paper evidence was found: f03/f06/f07 stable commands/tasks This is design confirmation only, not implementation validation.","CONFIRMED_SATISFIED_FOR_COMPARISON","NONE_AT_E2_COMPARISON","NONE","E3U-C02-TECHNICAL","NONE_AT_E2_ANALYTIC_GATE; the criterion remains subject to its declared E3 obligation and later implementation/release verification.","CORRECTNESS_AND_AUTHORITY","E3V-001","NOT_APPLICABLE_HARD_CONSTRAINT"
"EP-ARCH-MATRIX-0.1","AR-COR-002","Versioned admitted task contract and plan","HARD_CONSTRAINT","EP-ARCH-C02","Local Control Service with Replaceable Workers","SATISFIED_BY_DESIGN","PROPOSAL","ENGINEERING_PREVIEW_ARCHITECTURE_REQUIREMENTS.md:AR-COR-002; EP-ARCH-C02.yaml:f23:AR-COR-002; candidate evidence: f06 versioned contracts/history","The frozen candidate supplies a criterion-specific design mechanism and no contrary paper evidence was found: f06 versioned contracts/history This is design confirmation only, not implementation validation.","CONFIRMED_SATISFIED_FOR_COMPARISON","NONE_AT_E2_COMPARISON","NONE","E3U-C02-TECHNICAL","NONE_AT_E2_ANALYTIC_GATE; the criterion remains subject to its declared E3 obligation and later implementation/release verification.","CORRECTNESS_AND_AUTHORITY","NONE","NOT_APPLICABLE_HARD_CONSTRAINT"
"EP-ARCH-MATRIX-0.1","AR-COR-003","Orthogonal canonical state semantics","HARD_CONSTRAINT","EP-ARCH-C02","Local Control Service with Replaceable Workers","SATISFIED_BY_DESIGN","PROPOSAL","ENGINEERING_PREVIEW_ARCHITECTURE_REQUIREMENTS.md:AR-COR-003; EP-ARCH-C02.yaml:f23:AR-COR-003; candidate evidence: f06 orthogonal authority and projections","The frozen candidate supplies a criterion-specific design mechanism and no contrary paper evidence was found: f06 orthogonal authority and projections This is design confirmation only, not implementation validation.","CONFIRMED_SATISFIED_FOR_COMPARISON","NONE_AT_E2_COMPARISON","NONE","E3U-C02-TECHNICAL","NONE_AT_E2_ANALYTIC_GATE; the criterion remains subject to its declared E3 obligation and later implementation/release verification.","CORRECTNESS_AND_AUTHORITY","E3V-005","NOT_APPLICABLE_HARD_CONSTRAINT"
"EP-ARCH-MATRIX-0.1","AR-COR-004","Non-compensating completion gate","HARD_CONSTRAINT","EP-ARCH-C02","Local Control Service with Replaceable Workers","SATISFIED_BY_DESIGN","PROPOSAL","ENGINEERING_PREVIEW_ARCHITECTURE_REQUIREMENTS.md:AR-COR-004; EP-ARCH-C02.yaml:f23:AR-COR-004; candidate evidence: f15/f16 completion conjunction","The frozen candidate supplies a criterion-specific design mechanism and no contrary paper evidence was found: f15/f16 completion conjunction This is design confirmation only, not implementation validation.","CONFIRMED_SATISFIED_FOR_COMPARISON","NONE_AT_E2_COMPARISON","NONE","E3U-C02-TECHNICAL","NONE_AT_E2_ANALYTIC_GATE; the criterion remains subject to its declared E3 obligation and later implementation/release verification.","CORRECTNESS_AND_AUTHORITY","E3V-005","NOT_APPLICABLE_HARD_CONSTRAINT"
"EP-ARCH-MATRIX-0.1","AR-COR-005","Predicate adequacy and truthful noncompletion","HARD_CONSTRAINT","EP-ARCH-C02","Local Control Service with Replaceable Workers","SATISFIED_BY_DESIGN","PROPOSAL","ENGINEERING_PREVIEW_ARCHITECTURE_REQUIREMENTS.md:AR-COR-005; EP-ARCH-C02.yaml:f23:AR-COR-005; candidate evidence: f15 predicates/dispositions","The frozen candidate supplies a criterion-specific design mechanism and no contrary paper evidence was found: f15 predicates/dispositions This is design confirmation only, not implementation validation.","CONFIRMED_SATISFIED_FOR_COMPARISON","NONE_AT_E2_COMPARISON","NONE","E3U-C02-TECHNICAL","NONE_AT_E2_ANALYTIC_GATE; the criterion remains subject to its declared E3 obligation and later implementation/release verification.","CORRECTNESS_AND_AUTHORITY","E3V-005","NOT_APPLICABLE_HARD_CONSTRAINT"
"EP-ARCH-MATRIX-0.1","AR-COR-006","Exact state and revision binding","HARD_CONSTRAINT","EP-ARCH-C02","Local Control Service with Replaceable Workers","SATISFIED_BY_DESIGN","PROPOSAL","ENGINEERING_PREVIEW_ARCHITECTURE_REQUIREMENTS.md:AR-COR-006; EP-ARCH-C02.yaml:f23:AR-COR-006; candidate evidence: f15/f16 revision/stale binding","The frozen candidate supplies a criterion-specific design mechanism and no contrary paper evidence was found: f15/f16 revision/stale binding This is design confirmation only, not implementation validation.","CONFIRMED_SATISFIED_FOR_COMPARISON","NONE_AT_E2_COMPARISON","NONE","E3U-C02-TECHNICAL","NONE_AT_E2_ANALYTIC_GATE; the criterion remains subject to its declared E3 obligation and later implementation/release verification.","CORRECTNESS_AND_AUTHORITY","E3V-005","NOT_APPLICABLE_HARD_CONSTRAINT"
"EP-ARCH-MATRIX-0.1","AR-COR-007","Single accountable ownership and stale-writer rejection","HARD_CONSTRAINT","EP-ARCH-C02","Local Control Service with Replaceable Workers","SATISFIED_BY_DESIGN","PROPOSAL","ENGINEERING_PREVIEW_ARCHITECTURE_REQUIREMENTS.md:AR-COR-007; EP-ARCH-C02.yaml:f23:AR-COR-007; candidate evidence: f06 service epoch/version/lease","The frozen candidate supplies a criterion-specific design mechanism and no contrary paper evidence was found: f06 service epoch/version/lease This is design confirmation only, not implementation validation.","CONFIRMED_SATISFIED_FOR_COMPARISON","NONE_AT_E2_COMPARISON","NONE","E3U-C02-TECHNICAL","NONE_AT_E2_ANALYTIC_GATE; the criterion remains subject to its declared E3 obligation and later implementation/release verification.","CORRECTNESS_AND_AUTHORITY","E3V-001","NOT_APPLICABLE_HARD_CONSTRAINT"
"EP-ARCH-MATRIX-0.1","AR-DUR-001","Acknowledged authoritative durability","HARD_CONSTRAINT","EP-ARCH-C02","Local Control Service with Replaceable Workers","SATISFIED_BY_DESIGN","PROPOSAL","ENGINEERING_PREVIEW_ARCHITECTURE_REQUIREMENTS.md:AR-DUR-001; EP-ARCH-C02.yaml:f23:AR-DUR-001; candidate evidence: f08 ack transaction","The frozen candidate supplies a criterion-specific design mechanism and no contrary paper evidence was found: f08 ack transaction This is design confirmation only, not implementation validation.","CONFIRMED_SATISFIED_FOR_COMPARISON","NONE_AT_E2_COMPARISON","NONE","E3U-C02-TECHNICAL","NONE_AT_E2_ANALYTIC_GATE; the criterion remains subject to its declared E3 obligation and later implementation/release verification.","DURABILITY_RECOVERY_AND_DATA","E3V-001","NOT_APPLICABLE_HARD_CONSTRAINT"
"EP-ARCH-MATRIX-0.1","AR-DUR-002","Restart recovery and reconciliation ownership","HARD_CONSTRAINT","EP-ARCH-C02","Local Control Service with Replaceable Workers","SATISFIED_BY_DESIGN","PROPOSAL","ENGINEERING_PREVIEW_ARCHITECTURE_REQUIREMENTS.md:AR-DUR-002; EP-ARCH-C02.yaml:f23:AR-DUR-002; candidate evidence: f02 lifetime model plus f09 distinguish EP-CTL-016 client detach from service or worker failure and define lease/epoch recovery","The frozen candidate supplies a criterion-specific design mechanism and no contrary paper evidence was found: f02 lifetime model plus f09 distinguish EP-CTL-016 client detach from service or worker failure and define lease/epoch recovery This is design confirmation only, not implementation validation.","CONFIRMED_SATISFIED_FOR_COMPARISON","NONE_AT_E2_COMPARISON","NONE","E3U-C02-TECHNICAL","NONE_AT_E2_ANALYTIC_GATE; the criterion remains subject to its declared E3 obligation and later implementation/release verification.","DURABILITY_RECOVERY_AND_DATA","E3V-001","NOT_APPLICABLE_HARD_CONSTRAINT"
"EP-ARCH-MATRIX-0.1","AR-DUR-003","Idempotent operation accounting and uncertain effects","HARD_CONSTRAINT","EP-ARCH-C02","Local Control Service with Replaceable Workers","SATISFIED_BY_DESIGN","PROPOSAL","ENGINEERING_PREVIEW_ARCHITECTURE_REQUIREMENTS.md:AR-DUR-003; EP-ARCH-C02.yaml:f23:AR-DUR-003; candidate evidence: f07/f08/f12 specify durable pre-dispatch intent, stable effect identity, lease/fence validation, result inbox, authoritative readback and known/failed/unknown reconciliation; no cross-boundary atomicity is claimed","The frozen candidate supplies a criterion-specific design mechanism and no contrary paper evidence was found: f07/f08/f12 specify durable pre-dispatch intent, stable effect identity, lease/fence validation, result inbox, authoritative readback and known/failed/unknown reconciliation; no cross-boundary atomicity is claimed This is design confirmation only, not implementation validation.","CONFIRMED_SATISFIED_FOR_COMPARISON","NONE_AT_E2_COMPARISON","NONE","E3U-C02-TECHNICAL","NONE_AT_E2_ANALYTIC_GATE; the criterion remains subject to its declared E3 obligation and later implementation/release verification.","DURABILITY_RECOVERY_AND_DATA","E3V-001","NOT_APPLICABLE_HARD_CONSTRAINT"
"EP-ARCH-MATRIX-0.1","AR-DUR-004","Durable ordered control and bounded interruption","HARD_CONSTRAINT","EP-ARCH-C02","Local Control Service with Replaceable Workers","SATISFIED_BY_DESIGN","PROPOSAL","ENGINEERING_PREVIEW_ARCHITECTURE_REQUIREMENTS.md:AR-DUR-004; EP-ARCH-C02.yaml:f23:AR-DUR-004; candidate evidence: f03/f04/f07/f09 keep client loss non-authoritative while the service durably orders controls, leases/fences bound stale work, and restart classifies overdue operations","The frozen candidate supplies a criterion-specific design mechanism and no contrary paper evidence was found: f03/f04/f07/f09 keep client loss non-authoritative while the service durably orders controls, leases/fences bound stale work, and restart classifies overdue operations This is design confirmation only, not implementation validation.","CONFIRMED_SATISFIED_FOR_COMPARISON","NONE_AT_E2_COMPARISON","NONE","E3U-C02-TECHNICAL","NONE_AT_E2_ANALYTIC_GATE; the criterion remains subject to its declared E3 obligation and later implementation/release verification.","DURABILITY_RECOVERY_AND_DATA","E3V-002","NOT_APPLICABLE_HARD_CONSTRAINT"
"EP-ARCH-MATRIX-0.1","AR-DUR-005","Corruption, partial-write, and evolution safety","HARD_CONSTRAINT","EP-ARCH-C02","Local Control Service with Replaceable Workers","PLAUSIBLY_SATISFIABLE_BUT_REQUIRES_E2_003_ANALYSIS","INFERENCE","ENGINEERING_PREVIEW_ARCHITECTURE_REQUIREMENTS.md:AR-DUR-005; EP-ARCH-C02.yaml:f23:AR-DUR-005; candidate evidence: f08 atomic/quarantine/migration proposal","E2-003 resolves the candidate's explicit paper uncertainty against the verified criterion contract: f08 atomic/quarantine/migration proposal The resolution confirms the design-level property without claiming implementation proof.","CONFIRMED_SATISFIED_FOR_COMPARISON","E2U-PAPER-C02-U03","PAPER_RESOLVABLE","E3U-C02-TECHNICAL","NONE_AT_E2_ANALYTIC_GATE; the criterion remains subject to its declared E3 obligation and later implementation/release verification.","DURABILITY_RECOVERY_AND_DATA","E3V-001","NOT_APPLICABLE_HARD_CONSTRAINT"
"EP-ARCH-MATRIX-0.1","AR-DUR-006","Retention, hold, cleanup, and deletion accountability","HARD_CONSTRAINT","EP-ARCH-C02","Local Control Service with Replaceable Workers","SATISFIED_BY_DESIGN","PROPOSAL","ENGINEERING_PREVIEW_ARCHITECTURE_REQUIREMENTS.md:AR-DUR-006; EP-ARCH-C02.yaml:f23:AR-DUR-006; candidate evidence: f08 retention/deletion","The frozen candidate supplies a criterion-specific design mechanism and no contrary paper evidence was found: f08 retention/deletion This is design confirmation only, not implementation validation.","CONFIRMED_SATISFIED_FOR_COMPARISON","NONE_AT_E2_COMPARISON","NONE","E3U-C02-TECHNICAL","NONE_AT_E2_ANALYTIC_GATE; the criterion remains subject to its declared E3 obligation and later implementation/release verification.","DURABILITY_RECOVERY_AND_DATA","E3V-003","NOT_APPLICABLE_HARD_CONSTRAINT"
"EP-ARCH-MATRIX-0.1","AR-DAT-001","Authoritative, derived, ephemeral, and lossy-state separation","HARD_CONSTRAINT","EP-ARCH-C02","Local Control Service with Replaceable Workers","SATISFIED_BY_DESIGN","PROPOSAL","ENGINEERING_PREVIEW_ARCHITECTURE_REQUIREMENTS.md:AR-DAT-001; EP-ARCH-C02.yaml:f23:AR-DAT-001; candidate evidence: f06 state classes","The frozen candidate supplies a criterion-specific design mechanism and no contrary paper evidence was found: f06 state classes This is design confirmation only, not implementation validation.","CONFIRMED_SATISFIED_FOR_COMPARISON","NONE_AT_E2_COMPARISON","NONE","E3U-C02-TECHNICAL","NONE_AT_E2_ANALYTIC_GATE; the criterion remains subject to its declared E3 obligation and later implementation/release verification.","DURABILITY_RECOVERY_AND_DATA","E3V-005","NOT_APPLICABLE_HARD_CONSTRAINT"
"EP-ARCH-MATRIX-0.1","AR-DAT-002","Versioned causal history and integrity state","HARD_CONSTRAINT","EP-ARCH-C02","Local Control Service with Replaceable Workers","SATISFIED_BY_DESIGN","PROPOSAL","ENGINEERING_PREVIEW_ARCHITECTURE_REQUIREMENTS.md:AR-DAT-002; EP-ARCH-C02.yaml:f23:AR-DAT-002; candidate evidence: f06/f08 causal history","The frozen candidate supplies a criterion-specific design mechanism and no contrary paper evidence was found: f06/f08 causal history This is design confirmation only, not implementation validation.","CONFIRMED_SATISFIED_FOR_COMPARISON","NONE_AT_E2_COMPARISON","NONE","E3U-C02-TECHNICAL","NONE_AT_E2_ANALYTIC_GATE; the criterion remains subject to its declared E3 obligation and later implementation/release verification.","DURABILITY_RECOVERY_AND_DATA","E3V-005","NOT_APPLICABLE_HARD_CONSTRAINT"
"EP-ARCH-MATRIX-0.1","AR-CTX-001","Durable conversation continuity outside model context","HARD_CONSTRAINT","EP-ARCH-C02","Local Control Service with Replaceable Workers","SATISFIED_BY_DESIGN","PROPOSAL","ENGINEERING_PREVIEW_ARCHITECTURE_REQUIREMENTS.md:AR-CTX-001; EP-ARCH-C02.yaml:f23:AR-CTX-001; candidate evidence: f14 durable service context","The frozen candidate supplies a criterion-specific design mechanism and no contrary paper evidence was found: f14 durable service context This is design confirmation only, not implementation validation.","CONFIRMED_SATISFIED_FOR_COMPARISON","NONE_AT_E2_COMPARISON","NONE","E3U-C02-TECHNICAL","NONE_AT_E2_ANALYTIC_GATE; the criterion remains subject to its declared E3 obligation and later implementation/release verification.","DURABILITY_RECOVERY_AND_DATA","E3V-005","NOT_APPLICABLE_HARD_CONSTRAINT"
"EP-ARCH-MATRIX-0.1","AR-CTX-002","Provenanced compaction and summary invalidation","HARD_CONSTRAINT","EP-ARCH-C02","Local Control Service with Replaceable Workers","SATISFIED_BY_DESIGN","PROPOSAL","ENGINEERING_PREVIEW_ARCHITECTURE_REQUIREMENTS.md:AR-CTX-002; EP-ARCH-C02.yaml:f23:AR-CTX-002; candidate evidence: f14 summary provenance","The frozen candidate supplies a criterion-specific design mechanism and no contrary paper evidence was found: f14 summary provenance This is design confirmation only, not implementation validation.","CONFIRMED_SATISFIED_FOR_COMPARISON","NONE_AT_E2_COMPARISON","NONE","E3U-C02-TECHNICAL","NONE_AT_E2_ANALYTIC_GATE; the criterion remains subject to its declared E3 obligation and later implementation/release verification.","DURABILITY_RECOVERY_AND_DATA","E3V-005","NOT_APPLICABLE_HARD_CONSTRAINT"
"EP-ARCH-MATRIX-0.1","AR-WSP-001","Read-only repository admission and condition disposition","HARD_CONSTRAINT","EP-ARCH-C02","Local Control Service with Replaceable Workers","SATISFIED_BY_DESIGN","PROPOSAL","ENGINEERING_PREVIEW_ARCHITECTURE_REQUIREMENTS.md:AR-WSP-001; EP-ARCH-C02.yaml:f23:AR-WSP-001; candidate evidence: f10 admission/16 conditions","The frozen candidate supplies a criterion-specific design mechanism and no contrary paper evidence was found: f10 admission/16 conditions This is design confirmation only, not implementation validation.","CONFIRMED_SATISFIED_FOR_COMPARISON","NONE_AT_E2_COMPARISON","NONE","E3U-C02-TECHNICAL","NONE_AT_E2_ANALYTIC_GATE; the criterion remains subject to its declared E3 obligation and later implementation/release verification.","WORKSPACE_AND_FILESYSTEM_SAFETY","E3V-003","NOT_APPLICABLE_HARD_CONSTRAINT"
"EP-ARCH-MATRIX-0.1","AR-WSP-002","Isolation-before-mutation and task/workspace binding","HARD_CONSTRAINT","EP-ARCH-C02","Local Control Service with Replaceable Workers","SATISFIED_BY_DESIGN","PROPOSAL","ENGINEERING_PREVIEW_ARCHITECTURE_REQUIREMENTS.md:AR-WSP-002; EP-ARCH-C02.yaml:f23:AR-WSP-002; candidate evidence: f10 lease-bound isolation first","The frozen candidate supplies a criterion-specific design mechanism and no contrary paper evidence was found: f10 lease-bound isolation first This is design confirmation only, not implementation validation.","CONFIRMED_SATISFIED_FOR_COMPARISON","NONE_AT_E2_COMPARISON","NONE","E3U-C02-TECHNICAL","NONE_AT_E2_ANALYTIC_GATE; the criterion remains subject to its declared E3 obligation and later implementation/release verification.","WORKSPACE_AND_FILESYSTEM_SAFETY","E3V-003","NOT_APPLICABLE_HARD_CONSTRAINT"
"EP-ARCH-MATRIX-0.1","AR-WSP-003","Filesystem confinement and adversarial path handling","HARD_CONSTRAINT","EP-ARCH-C02","Local Control Service with Replaceable Workers","PLAUSIBLY_SATISFIABLE_BUT_REQUIRES_E2_003_ANALYSIS","INFERENCE","ENGINEERING_PREVIEW_ARCHITECTURE_REQUIREMENTS.md:AR-WSP-003; EP-ARCH-C02.yaml:f23:AR-WSP-003; candidate evidence: f10 structural path defenses; host mechanism unselected","E2-003 resolves the candidate's explicit paper uncertainty against the verified criterion contract: f10 structural path defenses; host mechanism unselected The resolution confirms the design-level property without claiming implementation proof.","CONFIRMED_SATISFIED_FOR_COMPARISON","E2U-PAPER-C02-U03","PAPER_RESOLVABLE","E3U-C02-TECHNICAL","NONE_AT_E2_ANALYTIC_GATE; the criterion remains subject to its declared E3 obligation and later implementation/release verification.","WORKSPACE_AND_FILESYSTEM_SAFETY","E3V-003","NOT_APPLICABLE_HARD_CONSTRAINT"
"EP-ARCH-MATRIX-0.1","AR-WSP-004","Original user-state and dirty-material protection","HARD_CONSTRAINT","EP-ARCH-C02","Local Control Service with Replaceable Workers","SATISFIED_BY_DESIGN","PROPOSAL","ENGINEERING_PREVIEW_ARCHITECTURE_REQUIREMENTS.md:AR-WSP-004; EP-ARCH-C02.yaml:f23:AR-WSP-004; candidate evidence: f10 original state/canaries","The frozen candidate supplies a criterion-specific design mechanism and no contrary paper evidence was found: f10 original state/canaries This is design confirmation only, not implementation validation.","CONFIRMED_SATISFIED_FOR_COMPARISON","NONE_AT_E2_COMPARISON","NONE","E3U-C02-TECHNICAL","NONE_AT_E2_ANALYTIC_GATE; the criterion remains subject to its declared E3 obligation and later implementation/release verification.","WORKSPACE_AND_FILESYSTEM_SAFETY","E3V-003","NOT_APPLICABLE_HARD_CONSTRAINT"
"EP-ARCH-MATRIX-0.1","AR-WSP-005","Stale-workspace detection and scoped cleanup reconciliation","HARD_CONSTRAINT","EP-ARCH-C02","Local Control Service with Replaceable Workers","SATISFIED_BY_DESIGN","PROPOSAL","ENGINEERING_PREVIEW_ARCHITECTURE_REQUIREMENTS.md:AR-WSP-005; EP-ARCH-C02.yaml:f23:AR-WSP-005; candidate evidence: f09/f10 stale cleanup","The frozen candidate supplies a criterion-specific design mechanism and no contrary paper evidence was found: f09/f10 stale cleanup This is design confirmation only, not implementation validation.","CONFIRMED_SATISFIED_FOR_COMPARISON","NONE_AT_E2_COMPARISON","NONE","E3U-C02-TECHNICAL","NONE_AT_E2_ANALYTIC_GATE; the criterion remains subject to its declared E3 obligation and later implementation/release verification.","WORKSPACE_AND_FILESYSTEM_SAFETY","E3V-003","NOT_APPLICABLE_HARD_CONSTRAINT"
"EP-ARCH-MATRIX-0.1","AR-EXE-001","Versioned capability contracts and boundary validation","HARD_CONSTRAINT","EP-ARCH-C02","Local Control Service with Replaceable Workers","SATISFIED_BY_DESIGN","PROPOSAL","ENGINEERING_PREVIEW_ARCHITECTURE_REQUIREMENTS.md:AR-EXE-001; EP-ARCH-C02.yaml:f23:AR-EXE-001; candidate evidence: f04 IPC envelopes/validators","The frozen candidate supplies a criterion-specific design mechanism and no contrary paper evidence was found: f04 IPC envelopes/validators This is design confirmation only, not implementation validation.","CONFIRMED_SATISFIED_FOR_COMPARISON","NONE_AT_E2_COMPARISON","NONE","E3U-C02-TECHNICAL","NONE_AT_E2_ANALYTIC_GATE; the criterion remains subject to its declared E3 obligation and later implementation/release verification.","EXECUTION_CONTROL_AND_CONTAINMENT","E3V-006","NOT_APPLICABLE_HARD_CONSTRAINT"
"EP-ARCH-MATRIX-0.1","AR-EXE-002","Declared operation lifecycle and bounded output","HARD_CONSTRAINT","EP-ARCH-C02","Local Control Service with Replaceable Workers","SATISFIED_BY_DESIGN","PROPOSAL","ENGINEERING_PREVIEW_ARCHITECTURE_REQUIREMENTS.md:AR-EXE-002; EP-ARCH-C02.yaml:f23:AR-EXE-002; candidate evidence: f07 bounded worker lifecycle","The frozen candidate supplies a criterion-specific design mechanism and no contrary paper evidence was found: f07 bounded worker lifecycle This is design confirmation only, not implementation validation.","CONFIRMED_SATISFIED_FOR_COMPARISON","NONE_AT_E2_COMPARISON","NONE","E3U-C02-TECHNICAL","NONE_AT_E2_ANALYTIC_GATE; the criterion remains subject to its declared E3 obligation and later implementation/release verification.","EXECUTION_CONTROL_AND_CONTAINMENT","E3V-002","NOT_APPLICABLE_HARD_CONSTRAINT"
"EP-ARCH-MATRIX-0.1","AR-EXE-003","Process-tree control, bounds, force termination, and fencing","HARD_CONSTRAINT","EP-ARCH-C02","Local Control Service with Replaceable Workers","UNKNOWN_REQUIRING_SPIKE","UNKNOWN","ENGINEERING_PREVIEW_ARCHITECTURE_REQUIREMENTS.md:AR-EXE-003; EP-ARCH-C02.yaml:f23:AR-EXE-003; candidate evidence: f04/f07 distinguish control-plane lease fencing from local descendant containment; worker process-tree enforcement on the supported host class is unproven under shared SPQ-E2-002-01","The design names process-group, descendant-accounting, force-termination, and fencing mechanisms, but paper evidence cannot prove supported-host whole-tree containment under adversarial schedules.","ARCHITECTURE_BLOCKING_SPIKE","E2U-S01-DESCENDANT-CONTAINMENT","E2_PRESELECTION_SPIKE_REQUIRED","E3U-C02-TECHNICAL","E2-005 selection is blocked unless the shared descendant-containment spike passes for this candidate wrapper; failure eliminates the candidate.","EXECUTION_CONTROL_AND_CONTAINMENT","E3V-002","NOT_APPLICABLE_HARD_CONSTRAINT"
"EP-ARCH-MATRIX-0.1","AR-EXE-004","Untrusted execution-surface classification","HARD_CONSTRAINT","EP-ARCH-C02","Local Control Service with Replaceable Workers","SATISFIED_BY_DESIGN","PROPOSAL","ENGINEERING_PREVIEW_ARCHITECTURE_REQUIREMENTS.md:AR-EXE-004; EP-ARCH-C02.yaml:f23:AR-EXE-004; candidate evidence: f10/f11 classified surfaces","The frozen candidate supplies a criterion-specific design mechanism and no contrary paper evidence was found: f10/f11 classified surfaces This is design confirmation only, not implementation validation.","CONFIRMED_SATISFIED_FOR_COMPARISON","NONE_AT_E2_COMPARISON","NONE","E3U-C02-TECHNICAL","NONE_AT_E2_ANALYTIC_GATE; the criterion remains subject to its declared E3 obligation and later implementation/release verification.","EXECUTION_CONTROL_AND_CONTAINMENT","E3V-006","NOT_APPLICABLE_HARD_CONSTRAINT"
"EP-ARCH-MATRIX-0.1","AR-GIT-001","Normative Git/effect classification enforcement","HARD_CONSTRAINT","EP-ARCH-C02","Local Control Service with Replaceable Workers","SATISFIED_BY_DESIGN","PROPOSAL","ENGINEERING_PREVIEW_ARCHITECTURE_REQUIREMENTS.md:AR-GIT-001; EP-ARCH-C02.yaml:f23:AR-GIT-001; candidate evidence: f11 thirty-row service capability","The frozen candidate supplies a criterion-specific design mechanism and no contrary paper evidence was found: f11 thirty-row service capability This is design confirmation only, not implementation validation.","CONFIRMED_SATISFIED_FOR_COMPARISON","NONE_AT_E2_COMPARISON","NONE","E3U-C02-TECHNICAL","NONE_AT_E2_ANALYTIC_GATE; the criterion remains subject to its declared E3 obligation and later implementation/release verification.","APPROVAL_EFFECT_AND_GIT_ACCOUNTING","E3V-003","NOT_APPLICABLE_HARD_CONSTRAINT"
"EP-ARCH-MATRIX-0.1","AR-GIT-002","Git state binding and local review-package truth","HARD_CONSTRAINT","EP-ARCH-C02","Local Control Service with Replaceable Workers","SATISFIED_BY_DESIGN","PROPOSAL","ENGINEERING_PREVIEW_ARCHITECTURE_REQUIREMENTS.md:AR-GIT-002; EP-ARCH-C02.yaml:f23:AR-GIT-002; candidate evidence: f11 independent service readback","The frozen candidate supplies a criterion-specific design mechanism and no contrary paper evidence was found: f11 independent service readback This is design confirmation only, not implementation validation.","CONFIRMED_SATISFIED_FOR_COMPARISON","NONE_AT_E2_COMPARISON","NONE","E3U-C02-TECHNICAL","NONE_AT_E2_ANALYTIC_GATE; the criterion remains subject to its declared E3 obligation and later implementation/release verification.","APPROVAL_EFFECT_AND_GIT_ACCOUNTING","E3V-005","NOT_APPLICABLE_HARD_CONSTRAINT"
"EP-ARCH-MATRIX-0.1","AR-SEC-001","Closed trust and authority precedence","HARD_CONSTRAINT","EP-ARCH-C02","Local Control Service with Replaceable Workers","SATISFIED_BY_DESIGN","PROPOSAL","ENGINEERING_PREVIEW_ARCHITECTURE_REQUIREMENTS.md:AR-SEC-001; EP-ARCH-C02.yaml:f23:AR-SEC-001; candidate evidence: f05/f18 service policy","The frozen candidate supplies a criterion-specific design mechanism and no contrary paper evidence was found: f05/f18 service policy This is design confirmation only, not implementation validation.","CONFIRMED_SATISFIED_FOR_COMPARISON","NONE_AT_E2_COMPARISON","NONE","E3U-C02-TECHNICAL","NONE_AT_E2_ANALYTIC_GATE; the criterion remains subject to its declared E3 obligation and later implementation/release verification.","SECURITY_AND_PROTECTED_ENTRY","E3V-006","NOT_APPLICABLE_HARD_CONSTRAINT"
"EP-ARCH-MATRIX-0.1","AR-SEC-002","Deny-by-default scoped capabilities","HARD_CONSTRAINT","EP-ARCH-C02","Local Control Service with Replaceable Workers","SATISFIED_BY_DESIGN","PROPOSAL","ENGINEERING_PREVIEW_ARCHITECTURE_REQUIREMENTS.md:AR-SEC-002; EP-ARCH-C02.yaml:f23:AR-SEC-002; candidate evidence: f04/f18 leases/capabilities","The frozen candidate supplies a criterion-specific design mechanism and no contrary paper evidence was found: f04/f18 leases/capabilities This is design confirmation only, not implementation validation.","CONFIRMED_SATISFIED_FOR_COMPARISON","NONE_AT_E2_COMPARISON","NONE","E3U-C02-TECHNICAL","NONE_AT_E2_ANALYTIC_GATE; the criterion remains subject to its declared E3 obligation and later implementation/release verification.","SECURITY_AND_PROTECTED_ENTRY","E3V-006","NOT_APPLICABLE_HARD_CONSTRAINT"
"EP-ARCH-MATRIX-0.1","AR-SEC-003","Protected-secret recipient boundary","HARD_CONSTRAINT","EP-ARCH-C02","Local Control Service with Replaceable Workers","PLAUSIBLY_SATISFIABLE_BUT_REQUIRES_E2_003_ANALYSIS","INFERENCE","ENGINEERING_PREVIEW_ARCHITECTURE_REQUIREMENTS.md:AR-SEC-003; EP-ARCH-C02.yaml:f23:AR-SEC-003; candidate evidence: f05 TB-05 and opaque recipient handoff","E2-003 resolves the candidate's explicit paper uncertainty against the verified criterion contract: f05 TB-05 and opaque recipient handoff The resolution confirms the design-level property without claiming implementation proof.","CONFIRMED_SATISFIED_FOR_COMPARISON","E2U-PAPER-C02-U03","PAPER_RESOLVABLE","E3U-C02-PROTECTED-DELIVERY","NONE_AT_E2_ANALYTIC_GATE; the criterion remains subject to its declared E3 obligation and later implementation/release verification.","SECURITY_AND_PROTECTED_ENTRY","E3V-006","NOT_APPLICABLE_HARD_CONSTRAINT"
"EP-ARCH-MATRIX-0.1","AR-SEC-006","Protected human acquisition and takeover boundary","HARD_CONSTRAINT","EP-ARCH-C02","Local Control Service with Replaceable Workers","UNKNOWN_REQUIRING_SPIKE","UNKNOWN","ENGINEERING_PREVIEW_ARCHITECTURE_REQUIREMENTS.md:AR-SEC-006; EP-ARCH-C02.yaml:f23:AR-SEC-006; candidate evidence: f03/f18 cross-process capture exclusion/handoff unproven","The design separates protected acquisition from ordinary capture and delivery, but paper evidence cannot prove that raw human input avoids every supported observer surface.","ARCHITECTURE_BLOCKING_SPIKE","E2U-S02-PROTECTED-ACQUISITION","E2_PRESELECTION_SPIKE_REQUIRED","E3U-C02-PROTECTED-DELIVERY","E2-005 selection is blocked unless the shared protected-acquisition spike passes for this candidate wrapper; failure eliminates the candidate.","SECURITY_AND_PROTECTED_ENTRY","E3V-006","NOT_APPLICABLE_HARD_CONSTRAINT"
"EP-ARCH-MATRIX-0.1","AR-SEC-004","Explicit network, destination, and credential boundary","HARD_CONSTRAINT","EP-ARCH-C02","Local Control Service with Replaceable Workers","PLAUSIBLY_SATISFIABLE_BUT_REQUIRES_E2_003_ANALYSIS","INFERENCE","ENGINEERING_PREVIEW_ARCHITECTURE_REQUIREMENTS.md:AR-SEC-004; EP-ARCH-C02.yaml:f23:AR-SEC-004; candidate evidence: f05 network gate plus worker policy; host enforcement unselected","E2-003 resolves the candidate's explicit paper uncertainty against the verified criterion contract: f05 network gate plus worker policy; host enforcement unselected The resolution confirms the design-level property without claiming implementation proof.","CONFIRMED_SATISFIED_FOR_COMPARISON","E2U-PAPER-C02-U03","PAPER_RESOLVABLE","E3U-C02-TECHNICAL","NONE_AT_E2_ANALYTIC_GATE; the criterion remains subject to its declared E3 obligation and later implementation/release verification.","SECURITY_AND_PROTECTED_ENTRY","E3V-006","NOT_APPLICABLE_HARD_CONSTRAINT"
"EP-ARCH-MATRIX-0.1","AR-SEC-005","Clean-room and source-provenance enforcement","HARD_CONSTRAINT","EP-ARCH-C02","Local Control Service with Replaceable Workers","SATISFIED_BY_DESIGN","PROPOSAL","ENGINEERING_PREVIEW_ARCHITECTURE_REQUIREMENTS.md:AR-SEC-005; EP-ARCH-C02.yaml:f23:AR-SEC-005; candidate evidence: f10/f15 provenance/forbidden-artifact","The frozen candidate supplies a criterion-specific design mechanism and no contrary paper evidence was found: f10/f15 provenance/forbidden-artifact This is design confirmation only, not implementation validation.","CONFIRMED_SATISFIED_FOR_COMPARISON","NONE_AT_E2_COMPARISON","NONE","E3U-C02-TECHNICAL","NONE_AT_E2_ANALYTIC_GATE; the criterion remains subject to its declared E3 obligation and later implementation/release verification.","SECURITY_AND_PROTECTED_ENTRY","E3V-006","NOT_APPLICABLE_HARD_CONSTRAINT"
"EP-ARCH-MATRIX-0.1","AR-APR-001","Durable exact-scope approval object","HARD_CONSTRAINT","EP-ARCH-C02","Local Control Service with Replaceable Workers","SATISFIED_BY_DESIGN","PROPOSAL","ENGINEERING_PREVIEW_ARCHITECTURE_REQUIREMENTS.md:AR-APR-001; EP-ARCH-C02.yaml:f23:AR-APR-001; candidate evidence: f12 service approval ledger","The frozen candidate supplies a criterion-specific design mechanism and no contrary paper evidence was found: f12 service approval ledger This is design confirmation only, not implementation validation.","CONFIRMED_SATISFIED_FOR_COMPARISON","NONE_AT_E2_COMPARISON","NONE","E3U-C02-TECHNICAL","NONE_AT_E2_ANALYTIC_GATE; the criterion remains subject to its declared E3 obligation and later implementation/release verification.","APPROVAL_EFFECT_AND_GIT_ACCOUNTING","E3V-006","NOT_APPLICABLE_HARD_CONSTRAINT"
"EP-ARCH-MATRIX-0.1","AR-APR-002","External-effect intent, attempt, observation, confirmation, and uncertainty","HARD_CONSTRAINT","EP-ARCH-C02","Local Control Service with Replaceable Workers","SATISFIED_BY_DESIGN","PROPOSAL","ENGINEERING_PREVIEW_ARCHITECTURE_REQUIREMENTS.md:AR-APR-002; EP-ARCH-C02.yaml:f23:AR-APR-002; candidate evidence: f12 distinct effect states","The frozen candidate supplies a criterion-specific design mechanism and no contrary paper evidence was found: f12 distinct effect states This is design confirmation only, not implementation validation.","CONFIRMED_SATISFIED_FOR_COMPARISON","NONE_AT_E2_COMPARISON","NONE","E3U-C02-TECHNICAL","NONE_AT_E2_ANALYTIC_GATE; the criterion remains subject to its declared E3 obligation and later implementation/release verification.","APPROVAL_EFFECT_AND_GIT_ACCOUNTING","E3V-001","NOT_APPLICABLE_HARD_CONSTRAINT"
"EP-ARCH-MATRIX-0.1","AR-APR-003","Consequential, destructive, and prohibited action enforcement","HARD_CONSTRAINT","EP-ARCH-C02","Local Control Service with Replaceable Workers","SATISFIED_BY_DESIGN","PROPOSAL","ENGINEERING_PREVIEW_ARCHITECTURE_REQUIREMENTS.md:AR-APR-003; EP-ARCH-C02.yaml:f23:AR-APR-003; candidate evidence: f05/f11/f12 action policy","The frozen candidate supplies a criterion-specific design mechanism and no contrary paper evidence was found: f05/f11/f12 action policy This is design confirmation only, not implementation validation.","CONFIRMED_SATISFIED_FOR_COMPARISON","NONE_AT_E2_COMPARISON","NONE","E3U-C02-TECHNICAL","NONE_AT_E2_ANALYTIC_GATE; the criterion remains subject to its declared E3 obligation and later implementation/release verification.","APPROVAL_EFFECT_AND_GIT_ACCOUNTING","E3V-006","NOT_APPLICABLE_HARD_CONSTRAINT"
"EP-ARCH-MATRIX-0.1","AR-MOD-001","Provider- and logical-role-neutral product semantics","HARD_CONSTRAINT","EP-ARCH-C02","Local Control Service with Replaceable Workers","SATISFIED_BY_DESIGN","PROPOSAL","ENGINEERING_PREVIEW_ARCHITECTURE_REQUIREMENTS.md:AR-MOD-001; EP-ARCH-C02.yaml:f23:AR-MOD-001; candidate evidence: f13 neutral service gateway","The frozen candidate supplies a criterion-specific design mechanism and no contrary paper evidence was found: f13 neutral service gateway This is design confirmation only, not implementation validation.","CONFIRMED_SATISFIED_FOR_COMPARISON","NONE_AT_E2_COMPARISON","NONE","E3U-C02-TECHNICAL","NONE_AT_E2_ANALYTIC_GATE; the criterion remains subject to its declared E3 obligation and later implementation/release verification.","MODEL_PROVIDER_AND_CAPABILITY_ROUTING","E3V-004","NOT_APPLICABLE_HARD_CONSTRAINT"
"EP-ARCH-MATRIX-0.1","AR-MOD-002","Purpose, eligibility, capability discovery, and zero-dispatch denial","HARD_CONSTRAINT","EP-ARCH-C02","Local Control Service with Replaceable Workers","SATISFIED_BY_DESIGN","PROPOSAL","ENGINEERING_PREVIEW_ARCHITECTURE_REQUIREMENTS.md:AR-MOD-002; EP-ARCH-C02.yaml:f23:AR-MOD-002; candidate evidence: f13 purpose/eligibility/denial","The frozen candidate supplies a criterion-specific design mechanism and no contrary paper evidence was found: f13 purpose/eligibility/denial This is design confirmation only, not implementation validation.","CONFIRMED_SATISFIED_FOR_COMPARISON","NONE_AT_E2_COMPARISON","NONE","E3U-C02-TECHNICAL","NONE_AT_E2_ANALYTIC_GATE; the criterion remains subject to its declared E3 obligation and later implementation/release verification.","MODEL_PROVIDER_AND_CAPABILITY_ROUTING","E3V-004","NOT_APPLICABLE_HARD_CONSTRAINT"
"EP-ARCH-MATRIX-0.1","AR-MOD-003","Explicit fallback and provider-specific semantics","HARD_CONSTRAINT","EP-ARCH-C02","Local Control Service with Replaceable Workers","SATISFIED_BY_DESIGN","PROPOSAL","ENGINEERING_PREVIEW_ARCHITECTURE_REQUIREMENTS.md:AR-MOD-003; EP-ARCH-C02.yaml:f23:AR-MOD-003; candidate evidence: f13 fallback/layer semantics","The frozen candidate supplies a criterion-specific design mechanism and no contrary paper evidence was found: f13 fallback/layer semantics This is design confirmation only, not implementation validation.","CONFIRMED_SATISFIED_FOR_COMPARISON","NONE_AT_E2_COMPARISON","NONE","E3U-C02-TECHNICAL","NONE_AT_E2_ANALYTIC_GATE; the criterion remains subject to its declared E3 obligation and later implementation/release verification.","MODEL_PROVIDER_AND_CAPABILITY_ROUTING","E3V-004","NOT_APPLICABLE_HARD_CONSTRAINT"
"EP-ARCH-MATRIX-0.1","AR-EVD-001","Versioned outcome-profile evidence bundle","HARD_CONSTRAINT","EP-ARCH-C02","Local Control Service with Replaceable Workers","SATISFIED_BY_DESIGN","PROPOSAL","ENGINEERING_PREVIEW_ARCHITECTURE_REQUIREMENTS.md:AR-EVD-001; EP-ARCH-C02.yaml:f23:AR-EVD-001; candidate evidence: f15 service outcome bundle","The frozen candidate supplies a criterion-specific design mechanism and no contrary paper evidence was found: f15 service outcome bundle This is design confirmation only, not implementation validation.","CONFIRMED_SATISFIED_FOR_COMPARISON","NONE_AT_E2_COMPARISON","NONE","E3U-C02-TECHNICAL","NONE_AT_E2_ANALYTIC_GATE; the criterion remains subject to its declared E3 obligation and later implementation/release verification.","EVIDENCE_VERIFICATION_AND_OBSERVABILITY","E3V-005","NOT_APPLICABLE_HARD_CONSTRAINT"
"EP-ARCH-MATRIX-0.1","AR-EVD-002","Stable artifact identity, provenance, references, and redaction","HARD_CONSTRAINT","EP-ARCH-C02","Local Control Service with Replaceable Workers","SATISFIED_BY_DESIGN","PROPOSAL","ENGINEERING_PREVIEW_ARCHITECTURE_REQUIREMENTS.md:AR-EVD-002; EP-ARCH-C02.yaml:f23:AR-EVD-002; candidate evidence: f15 artifacts/provenance/redaction","The frozen candidate supplies a criterion-specific design mechanism and no contrary paper evidence was found: f15 artifacts/provenance/redaction This is design confirmation only, not implementation validation.","CONFIRMED_SATISFIED_FOR_COMPARISON","NONE_AT_E2_COMPARISON","NONE","E3U-C02-TECHNICAL","NONE_AT_E2_ANALYTIC_GATE; the criterion remains subject to its declared E3 obligation and later implementation/release verification.","EVIDENCE_VERIFICATION_AND_OBSERVABILITY","E3V-005","NOT_APPLICABLE_HARD_CONSTRAINT"
"EP-ARCH-MATRIX-0.1","AR-EVD-003","Evidence integrity distinct from telemetry","HARD_CONSTRAINT","EP-ARCH-C02","Local Control Service with Replaceable Workers","SATISFIED_BY_DESIGN","PROPOSAL","ENGINEERING_PREVIEW_ARCHITECTURE_REQUIREMENTS.md:AR-EVD-003; EP-ARCH-C02.yaml:f23:AR-EVD-003; candidate evidence: f15/f17 evidence vs telemetry","The frozen candidate supplies a criterion-specific design mechanism and no contrary paper evidence was found: f15/f17 evidence vs telemetry This is design confirmation only, not implementation validation.","CONFIRMED_SATISFIED_FOR_COMPARISON","NONE_AT_E2_COMPARISON","NONE","E3U-C02-TECHNICAL","NONE_AT_E2_ANALYTIC_GATE; the criterion remains subject to its declared E3 obligation and later implementation/release verification.","EVIDENCE_VERIFICATION_AND_OBSERVABILITY","E3V-005","NOT_APPLICABLE_HARD_CONSTRAINT"
"EP-ARCH-MATRIX-0.1","AR-VER-001","Structurally independent verification path","HARD_CONSTRAINT","EP-ARCH-C02","Local Control Service with Replaceable Workers","SATISFIED_BY_DESIGN","PROPOSAL","ENGINEERING_PREVIEW_ARCHITECTURE_REQUIREMENTS.md:AR-VER-001; EP-ARCH-C02.yaml:f23:AR-VER-001; candidate evidence: f04/f16 separate verifier worker","The frozen candidate supplies a criterion-specific design mechanism and no contrary paper evidence was found: f04/f16 separate verifier worker This is design confirmation only, not implementation validation.","CONFIRMED_SATISFIED_FOR_COMPARISON","NONE_AT_E2_COMPARISON","NONE","E3U-C02-TECHNICAL","NONE_AT_E2_ANALYTIC_GATE; the criterion remains subject to its declared E3 obligation and later implementation/release verification.","EVIDENCE_VERIFICATION_AND_OBSERVABILITY","E3V-005","NOT_APPLICABLE_HARD_CONSTRAINT"
"EP-ARCH-MATRIX-0.1","AR-VER-002","Deterministic replay, bounded verification context, and adequacy review","HARD_CONSTRAINT","EP-ARCH-C02","Local Control Service with Replaceable Workers","SATISFIED_BY_DESIGN","PROPOSAL","ENGINEERING_PREVIEW_ARCHITECTURE_REQUIREMENTS.md:AR-VER-002; EP-ARCH-C02.yaml:f23:AR-VER-002; candidate evidence: f16 readback/replay/adequacy","The frozen candidate supplies a criterion-specific design mechanism and no contrary paper evidence was found: f16 readback/replay/adequacy This is design confirmation only, not implementation validation.","CONFIRMED_SATISFIED_FOR_COMPARISON","NONE_AT_E2_COMPARISON","NONE","E3U-C02-TECHNICAL","NONE_AT_E2_ANALYTIC_GATE; the criterion remains subject to its declared E3 obligation and later implementation/release verification.","EVIDENCE_VERIFICATION_AND_OBSERVABILITY","E3V-005","NOT_APPLICABLE_HARD_CONSTRAINT"
"EP-ARCH-MATRIX-0.1","AR-VER-003","Verification lifecycle, error separation, and correction invalidation","HARD_CONSTRAINT","EP-ARCH-C02","Local Control Service with Replaceable Workers","SATISFIED_BY_DESIGN","PROPOSAL","ENGINEERING_PREVIEW_ARCHITECTURE_REQUIREMENTS.md:AR-VER-003; EP-ARCH-C02.yaml:f23:AR-VER-003; candidate evidence: f16 error/correction/stale","The frozen candidate supplies a criterion-specific design mechanism and no contrary paper evidence was found: f16 error/correction/stale This is design confirmation only, not implementation validation.","CONFIRMED_SATISFIED_FOR_COMPARISON","NONE_AT_E2_COMPARISON","NONE","E3U-C02-TECHNICAL","NONE_AT_E2_ANALYTIC_GATE; the criterion remains subject to its declared E3 obligation and later implementation/release verification.","EVIDENCE_VERIFICATION_AND_OBSERVABILITY","E3V-005","NOT_APPLICABLE_HARD_CONSTRAINT"
"EP-ARCH-MATRIX-0.1","AR-OBS-001","Structured operational observability","HARD_CONSTRAINT","EP-ARCH-C02","Local Control Service with Replaceable Workers","SATISFIED_BY_DESIGN","PROPOSAL","ENGINEERING_PREVIEW_ARCHITECTURE_REQUIREMENTS.md:AR-OBS-001; EP-ARCH-C02.yaml:f23:AR-OBS-001; candidate evidence: f17 service correlation","The frozen candidate supplies a criterion-specific design mechanism and no contrary paper evidence was found: f17 service correlation This is design confirmation only, not implementation validation.","CONFIRMED_SATISFIED_FOR_COMPARISON","NONE_AT_E2_COMPARISON","NONE","E3U-C02-TECHNICAL","NONE_AT_E2_ANALYTIC_GATE; the criterion remains subject to its declared E3 obligation and later implementation/release verification.","EVIDENCE_VERIFICATION_AND_OBSERVABILITY","E3V-007","NOT_APPLICABLE_HARD_CONSTRAINT"
"EP-ARCH-MATRIX-0.1","AR-OBS-002","Evidence-linked explanations without private reasoning","HARD_CONSTRAINT","EP-ARCH-C02","Local Control Service with Replaceable Workers","SATISFIED_BY_DESIGN","PROPOSAL","ENGINEERING_PREVIEW_ARCHITECTURE_REQUIREMENTS.md:AR-OBS-002; EP-ARCH-C02.yaml:f23:AR-OBS-002; candidate evidence: f17 evidence explanations","The frozen candidate supplies a criterion-specific design mechanism and no contrary paper evidence was found: f17 evidence explanations This is design confirmation only, not implementation validation.","CONFIRMED_SATISFIED_FOR_COMPARISON","NONE_AT_E2_COMPARISON","NONE","E3U-C02-TECHNICAL","NONE_AT_E2_ANALYTIC_GATE; the criterion remains subject to its declared E3 obligation and later implementation/release verification.","EVIDENCE_VERIFICATION_AND_OBSERVABILITY","E3V-005","NOT_APPLICABLE_HARD_CONSTRAINT"
"EP-ARCH-MATRIX-0.1","AR-FAIL-001","Structured semantic failure model","HARD_CONSTRAINT","EP-ARCH-C02","Local Control Service with Replaceable Workers","SATISFIED_BY_DESIGN","PROPOSAL","ENGINEERING_PREVIEW_ARCHITECTURE_REQUIREMENTS.md:AR-FAIL-001; EP-ARCH-C02.yaml:f23:AR-FAIL-001; candidate evidence: f17 typed layers","The frozen candidate supplies a criterion-specific design mechanism and no contrary paper evidence was found: f17 typed layers This is design confirmation only, not implementation validation.","CONFIRMED_SATISFIED_FOR_COMPARISON","NONE_AT_E2_COMPARISON","NONE","E3U-C02-TECHNICAL","NONE_AT_E2_ANALYTIC_GATE; the criterion remains subject to its declared E3 obligation and later implementation/release verification.","FAILURE_AND_RESOURCE_CEILINGS","E3V-001","NOT_APPLICABLE_HARD_CONSTRAINT"
"EP-ARCH-MATRIX-0.1","AR-FAIL-002","Ceiling exhaustion and bounded safety reserve","HARD_CONSTRAINT","EP-ARCH-C02","Local Control Service with Replaceable Workers","SATISFIED_BY_DESIGN","PROPOSAL","ENGINEERING_PREVIEW_ARCHITECTURE_REQUIREMENTS.md:AR-FAIL-002; EP-ARCH-C02.yaml:f23:AR-FAIL-002; candidate evidence: f07/f17 ceilings/reserve","The frozen candidate supplies a criterion-specific design mechanism and no contrary paper evidence was found: f07/f17 ceilings/reserve This is design confirmation only, not implementation validation.","CONFIRMED_SATISFIED_FOR_COMPARISON","NONE_AT_E2_COMPARISON","NONE","E3U-C02-TECHNICAL","NONE_AT_E2_ANALYTIC_GATE; the criterion remains subject to its declared E3 obligation and later implementation/release verification.","FAILURE_AND_RESOURCE_CEILINGS","E3V-007","NOT_APPLICABLE_HARD_CONSTRAINT"
"EP-ARCH-MATRIX-0.1","AR-TST-001","Deterministic test seams and fault injection","HARD_CONSTRAINT","EP-ARCH-C02","Local Control Service with Replaceable Workers","SATISFIED_BY_DESIGN","PROPOSAL","ENGINEERING_PREVIEW_ARCHITECTURE_REQUIREMENTS.md:AR-TST-001; EP-ARCH-C02.yaml:f23:AR-TST-001; candidate evidence: f25 service/IPC/worker fault ports","The frozen candidate supplies a criterion-specific design mechanism and no contrary paper evidence was found: f25 service/IPC/worker fault ports This is design confirmation only, not implementation validation.","CONFIRMED_SATISFIED_FOR_COMPARISON","NONE_AT_E2_COMPARISON","NONE","E3U-C02-TECHNICAL","NONE_AT_E2_ANALYTIC_GATE; the criterion remains subject to its declared E3 obligation and later implementation/release verification.","TESTABILITY_AND_FAULT_INJECTION","E3V-001","NOT_APPLICABLE_HARD_CONSTRAINT"
"EP-ARCH-MATRIX-0.1","AR-TST-002","Complete frozen E1 suite materialization","HARD_CONSTRAINT","EP-ARCH-C02","Local Control Service with Replaceable Workers","SATISFIED_BY_DESIGN","PROPOSAL","ENGINEERING_PREVIEW_ARCHITECTURE_REQUIREMENTS.md:AR-TST-002; EP-ARCH-C02.yaml:f23:AR-TST-002; candidate evidence: f25 nine-row family_level_matrix plus EP_CTL_016 and all 16 mandatory dangerous-composition seams","The frozen candidate supplies a criterion-specific design mechanism and no contrary paper evidence was found: f25 nine-row family_level_matrix plus EP_CTL_016 and all 16 mandatory dangerous-composition seams This is design confirmation only, not implementation validation.","CONFIRMED_SATISFIED_FOR_COMPARISON","NONE_AT_E2_COMPARISON","NONE","E3U-C02-TECHNICAL","NONE_AT_E2_ANALYTIC_GATE; the criterion remains subject to its declared E3 obligation and later implementation/release verification.","TESTABILITY_AND_FAULT_INJECTION","E3V-001","NOT_APPLICABLE_HARD_CONSTRAINT"
"EP-ARCH-MATRIX-0.1","AR-TST-003","Measurement-protocol interfaces without invented thresholds","HARD_CONSTRAINT","EP-ARCH-C02","Local Control Service with Replaceable Workers","SATISFIED_BY_DESIGN","PROPOSAL","ENGINEERING_PREVIEW_ARCHITECTURE_REQUIREMENTS.md:AR-TST-003; EP-ARCH-C02.yaml:f23:AR-TST-003; candidate evidence: f25 metric inputs; no thresholds","The frozen candidate supplies a criterion-specific design mechanism and no contrary paper evidence was found: f25 metric inputs; no thresholds This is design confirmation only, not implementation validation.","CONFIRMED_SATISFIED_FOR_COMPARISON","NONE_AT_E2_COMPARISON","NONE","E3U-C02-TECHNICAL","NONE_AT_E2_ANALYTIC_GATE; the criterion remains subject to its declared E3 obligation and later implementation/release verification.","TESTABILITY_AND_FAULT_INJECTION","E3V-007","NOT_APPLICABLE_HARD_CONSTRAINT"
"EP-ARCH-MATRIX-0.1","AR-PERF-001","Finite resource, time, output, network, and cost enforcement","HARD_CONSTRAINT","EP-ARCH-C02","Local Control Service with Replaceable Workers","SATISFIED_BY_DESIGN","PROPOSAL","ENGINEERING_PREVIEW_ARCHITECTURE_REQUIREMENTS.md:AR-PERF-001; EP-ARCH-C02.yaml:f23:AR-PERF-001; candidate evidence: f04/f07/f13 dispatch ceilings","The frozen candidate supplies a criterion-specific design mechanism and no contrary paper evidence was found: f04/f07/f13 dispatch ceilings This is design confirmation only, not implementation validation.","CONFIRMED_SATISFIED_FOR_COMPARISON","NONE_AT_E2_COMPARISON","NONE","E3U-C02-TECHNICAL","NONE_AT_E2_ANALYTIC_GATE; the criterion remains subject to its declared E3 obligation and later implementation/release verification.","PERFORMANCE_AND_MEASUREMENT","E3V-007","NOT_APPLICABLE_HARD_CONSTRAINT"
"EP-ARCH-MATRIX-0.1","AR-PERF-002","Latency, cost, responsiveness, and large-output instrumentation","HARD_CONSTRAINT","EP-ARCH-C02","Local Control Service with Replaceable Workers","SATISFIED_BY_DESIGN","PROPOSAL","ENGINEERING_PREVIEW_ARCHITECTURE_REQUIREMENTS.md:AR-PERF-002; EP-ARCH-C02.yaml:f23:AR-PERF-002; candidate evidence: f13/f17 timing/usage/cost","The frozen candidate supplies a criterion-specific design mechanism and no contrary paper evidence was found: f13/f17 timing/usage/cost This is design confirmation only, not implementation validation.","CONFIRMED_SATISFIED_FOR_COMPARISON","NONE_AT_E2_COMPARISON","NONE","E3U-C02-TECHNICAL","NONE_AT_E2_ANALYTIC_GATE; the criterion remains subject to its declared E3 obligation and later implementation/release verification.","PERFORMANCE_AND_MEASUREMENT","E3V-007","NOT_APPLICABLE_HARD_CONSTRAINT"
"EP-ARCH-MATRIX-0.1","AR-PKG-001","Local-first packaging and contributor-operable boundary","HARD_CONSTRAINT","EP-ARCH-C02","Local Control Service with Replaceable Workers","PLAUSIBLY_SATISFIABLE_BUT_REQUIRES_E2_003_ANALYSIS","INFERENCE","ENGINEERING_PREVIEW_ARCHITECTURE_REQUIREMENTS.md:AR-PKG-001; EP-ARCH-C02.yaml:f23:AR-PKG-001; candidate evidence: f19 service/client lifecycle burden requires analysis","E2-003 resolves the candidate's explicit paper uncertainty against the verified criterion contract: f19 service/client lifecycle burden requires analysis The resolution confirms the design-level property without claiming implementation proof.","CONFIRMED_SATISFIED_FOR_COMPARISON","E2U-PAPER-C02-U02","PAPER_RESOLVABLE","E3U-C02-TECHNICAL","NONE_AT_E2_ANALYTIC_GATE; the criterion remains subject to its declared E3 obligation and later implementation/release verification.","LOCAL_PACKAGING_AND_CONTRIBUTOR_BURDEN","E3V-003","NOT_APPLICABLE_HARD_CONSTRAINT"
"EP-ARCH-MATRIX-0.1","AR-FUT-001","Versioned serializable replaceable boundaries","HARD_CONSTRAINT","EP-ARCH-C02","Local Control Service with Replaceable Workers","SATISFIED_BY_DESIGN","PROPOSAL","ENGINEERING_PREVIEW_ARCHITECTURE_REQUIREMENTS.md:AR-FUT-001; EP-ARCH-C02.yaml:f23:AR-FUT-001; candidate evidence: f04/f20 versioned service/worker/client ports","The frozen candidate supplies a criterion-specific design mechanism and no contrary paper evidence was found: f04/f20 versioned service/worker/client ports This is design confirmation only, not implementation validation.","CONFIRMED_SATISFIED_FOR_COMPARISON","NONE_AT_E2_COMPARISON","NONE","E3U-C02-TECHNICAL","NONE_AT_E2_ANALYTIC_GATE; the criterion remains subject to its declared E3 obligation and later implementation/release verification.","FUTURE_EVOLUTION_AND_REVERSIBILITY","E3V-001","NOT_APPLICABLE_HARD_CONSTRAINT"
"EP-ARCH-MATRIX-0.1","AR-FUT-002","Explicit ownership scopes without global singleton dependence","HARD_CONSTRAINT","EP-ARCH-C02","Local Control Service with Replaceable Workers","SATISFIED_BY_DESIGN","PROPOSAL","ENGINEERING_PREVIEW_ARCHITECTURE_REQUIREMENTS.md:AR-FUT-002; EP-ARCH-C02.yaml:f23:AR-FUT-002; candidate evidence: f06/f07 scoped IDs/leases/fences","The frozen candidate supplies a criterion-specific design mechanism and no contrary paper evidence was found: f06/f07 scoped IDs/leases/fences This is design confirmation only, not implementation validation.","CONFIRMED_SATISFIED_FOR_COMPARISON","NONE_AT_E2_COMPARISON","NONE","E3U-C02-TECHNICAL","NONE_AT_E2_ANALYTIC_GATE; the criterion remains subject to its declared E3 obligation and later implementation/release verification.","FUTURE_EVOLUTION_AND_REVERSIBILITY","E3V-006","NOT_APPLICABLE_HARD_CONSTRAINT"
"EP-ARCH-MATRIX-0.1","AR-FUT-003","Versionable extension boundary and domain-neutral shared core","HARD_CONSTRAINT","EP-ARCH-C02","Local Control Service with Replaceable Workers","SATISFIED_BY_DESIGN","PROPOSAL","ENGINEERING_PREVIEW_ARCHITECTURE_REQUIREMENTS.md:AR-FUT-003; EP-ARCH-C02.yaml:f23:AR-FUT-003; candidate evidence: f13/f20 extension gateway","The frozen candidate supplies a criterion-specific design mechanism and no contrary paper evidence was found: f13/f20 extension gateway This is design confirmation only, not implementation validation.","CONFIRMED_SATISFIED_FOR_COMPARISON","NONE_AT_E2_COMPARISON","NONE","E3U-C02-TECHNICAL","NONE_AT_E2_ANALYTIC_GATE; the criterion remains subject to its declared E3 obligation and later implementation/release verification.","FUTURE_EVOLUTION_AND_REVERSIBILITY","E3V-004","NOT_APPLICABLE_HARD_CONSTRAINT"
"EP-ARCH-MATRIX-0.1","AR-PRF-001","Lower interactive and control latency after hard compliance","WEIGHTED_PREFERENCE","EP-ARCH-C02","Local Control Service with Replaceable Workers","PREFERENCE_CHARACTERIZED_UNSCORED","INFERENCE","ENGINEERING_PREVIEW_ARCHITECTURE_REQUIREMENTS.md:AR-PRF-001; EP-ARCH-C02.yaml:f23:AR-PRF-001; candidate evidence: Local IPC/control path; unmeasured","The candidate's frozen preference evidence is characterized without a score or rank: Local IPC/control path; unmeasured Service, IPC, and worker crossings add local hops; latency remains unmeasured. Numeric weighting is unauthorized and correlated preferences are not double counted.","QUALITATIVE_TRADEOFF_NO_SCORE","E2U-PREFERENCE-WEIGHTS","DEFERRED_OUT_OF_SCOPE","E3U-C02-TECHNICAL","NO_HARD_ELIMINATION; E2-005 may use verified qualitative tradeoffs and an explicit prospective priority rationale, but E2-003 cannot choose a winner.","PREFERENCE_LATENCY_AND_LOCAL_OVERHEAD","E3V-007","Service, IPC, and worker crossings add local hops; latency remains unmeasured."
"EP-ARCH-MATRIX-0.1","AR-PRF-002","Lower operational and maintenance complexity after hard compliance","WEIGHTED_PREFERENCE","EP-ARCH-C02","Local Control Service with Replaceable Workers","PREFERENCE_CHARACTERIZED_UNSCORED","INFERENCE","ENGINEERING_PREVIEW_ARCHITECTURE_REQUIREMENTS.md:AR-PRF-002; EP-ARCH-C02.yaml:f23:AR-PRF-002; candidate evidence: Service/client/worker boundaries and lifecycle","The candidate's frozen preference evidence is characterized without a score or rank: Service/client/worker boundaries and lifecycle Service, IPC, lease, and fence lifecycle costs trade against bounded subsystem ownership. Numeric weighting is unauthorized and correlated preferences are not double counted.","QUALITATIVE_TRADEOFF_NO_SCORE","E2U-PAPER-C02-U01","PAPER_RESOLVABLE","E3U-C02-TECHNICAL","NO_HARD_ELIMINATION; E2-005 may use verified qualitative tradeoffs and an explicit prospective priority rationale, but E2-003 cannot choose a winner.","PREFERENCE_MAINTAINABILITY_AND_PACKAGING","NONE","Service, IPC, lease, and fence lifecycle costs trade against bounded subsystem ownership."
"EP-ARCH-MATRIX-0.1","AR-PRF-003","Lower migration cost and stronger reversibility after hard compliance","WEIGHTED_PREFERENCE","EP-ARCH-C02","Local Control Service with Replaceable Workers","PREFERENCE_CHARACTERIZED_UNSCORED","INFERENCE","ENGINEERING_PREVIEW_ARCHITECTURE_REQUIREMENTS.md:AR-PRF-003; EP-ARCH-C02.yaml:f23:AR-PRF-003; candidate evidence: Replaceable clients/workers; service/state remains central","The candidate's frozen preference evidence is characterized without a score or rank: Replaceable clients/workers; service/state remains central Clients and workers are replaceable, while service/store/protocol choices remain foundational. Numeric weighting is unauthorized and correlated preferences are not double counted.","QUALITATIVE_TRADEOFF_NO_SCORE","E2U-PREFERENCE-WEIGHTS","DEFERRED_OUT_OF_SCOPE","E3U-C02-TECHNICAL","NO_HARD_ELIMINATION; E2-005 may use verified qualitative tradeoffs and an explicit prospective priority rationale, but E2-003 cannot choose a winner.","PREFERENCE_MIGRATION_REMOTE_AND_REVERSIBILITY","E3V-001","Clients and workers are replaceable, while service/store/protocol choices remain foundational."
"EP-ARCH-MATRIX-0.1","AR-PRF-004","Lower future remote/concurrency adaptation cost after hard compliance","WEIGHTED_PREFERENCE","EP-ARCH-C02","Local Control Service with Replaceable Workers","PREFERENCE_CHARACTERIZED_UNSCORED","INFERENCE","ENGINEERING_PREVIEW_ARCHITECTURE_REQUIREMENTS.md:AR-PRF-004; EP-ARCH-C02.yaml:f23:AR-PRF-004; candidate evidence: Serializable lease worker seam; distributed work absent","The candidate's frozen preference evidence is characterized without a score or rank: Serializable lease worker seam; distributed work absent The worker seam is direct, while remote authentication and transport remain absent. Numeric weighting is unauthorized and correlated preferences are not double counted.","QUALITATIVE_TRADEOFF_NO_SCORE","E2U-PREFERENCE-WEIGHTS","DEFERRED_OUT_OF_SCOPE","E3U-C02-TECHNICAL","NO_HARD_ELIMINATION; E2-005 may use verified qualitative tradeoffs and an explicit prospective priority rationale, but E2-003 cannot choose a winner.","PREFERENCE_MIGRATION_REMOTE_AND_REVERSIBILITY","NONE","The worker seam is direct, while remote authentication and transport remain absent."
"EP-ARCH-MATRIX-0.1","AR-PRF-005","Lower evidence and large-output overhead after hard compliance","WEIGHTED_PREFERENCE","EP-ARCH-C02","Local Control Service with Replaceable Workers","PREFERENCE_CHARACTERIZED_UNSCORED","INFERENCE","ENGINEERING_PREVIEW_ARCHITECTURE_REQUIREMENTS.md:AR-PRF-005; EP-ARCH-C02.yaml:f23:AR-PRF-005; candidate evidence: Central artifacts plus IPC overhead; unmeasured","The candidate's frozen preference evidence is characterized without a score or rank: Central artifacts plus IPC overhead; unmeasured Service history plus inbox/outbox paths add potential overhead; cost remains unmeasured. Numeric weighting is unauthorized and correlated preferences are not double counted.","QUALITATIVE_TRADEOFF_NO_SCORE","E2U-PREFERENCE-WEIGHTS","DEFERRED_OUT_OF_SCOPE","E3U-C02-TECHNICAL","NO_HARD_ELIMINATION; E2-005 may use verified qualitative tradeoffs and an explicit prospective priority rationale, but E2-003 cannot choose a winner.","PREFERENCE_LATENCY_AND_LOCAL_OVERHEAD","E3V-007","Service history plus inbox/outbox paths add potential overhead; cost remains unmeasured."
"EP-ARCH-MATRIX-0.1","AR-PRF-006","Lower contributor and local packaging burden after hard compliance","WEIGHTED_PREFERENCE","EP-ARCH-C02","Local Control Service with Replaceable Workers","PREFERENCE_CHARACTERIZED_UNSCORED","INFERENCE","ENGINEERING_PREVIEW_ARCHITECTURE_REQUIREMENTS.md:AR-PRF-006; EP-ARCH-C02.yaml:f23:AR-PRF-006; candidate evidence: More process/lifecycle docs but bounded components","The candidate's frozen preference evidence is characterized without a score or rank: More process/lifecycle docs but bounded components Multi-process setup and debugging are heavier, while subsystem boundaries are narrower. Numeric weighting is unauthorized and correlated preferences are not double counted.","QUALITATIVE_TRADEOFF_NO_SCORE","E2U-PAPER-C02-U01","PAPER_RESOLVABLE","E3U-C02-TECHNICAL","NO_HARD_ELIMINATION; E2-005 may use verified qualitative tradeoffs and an explicit prospective priority rationale, but E2-003 cannot choose a winner.","PREFERENCE_MAINTAINABILITY_AND_PACKAGING","E3V-003","Multi-process setup and debugging are heavier, while subsystem boundaries are narrower."
"EP-ARCH-MATRIX-0.1","AR-COR-001","Stable durable identities","HARD_CONSTRAINT","EP-ARCH-C03","Durable Event and Workflow Core with Rebuildable Projections","SATISFIED_BY_DESIGN","PROPOSAL","ENGINEERING_PREVIEW_ARCHITECTURE_REQUIREMENTS.md:AR-COR-001; EP-ARCH-C03.yaml:f23:AR-COR-001; candidate evidence: f03/f06/f07 IDs/first command result","The frozen candidate supplies a criterion-specific design mechanism and no contrary paper evidence was found: f03/f06/f07 IDs/first command result This is design confirmation only, not implementation validation.","CONFIRMED_SATISFIED_FOR_COMPARISON","NONE_AT_E2_COMPARISON","NONE","E3U-C03-TECHNICAL","NONE_AT_E2_ANALYTIC_GATE; the criterion remains subject to its declared E3 obligation and later implementation/release verification.","CORRECTNESS_AND_AUTHORITY","E3V-001","NOT_APPLICABLE_HARD_CONSTRAINT"
"EP-ARCH-MATRIX-0.1","AR-COR-002","Versioned admitted task contract and plan","HARD_CONSTRAINT","EP-ARCH-C03","Durable Event and Workflow Core with Rebuildable Projections","SATISFIED_BY_DESIGN","PROPOSAL","ENGINEERING_PREVIEW_ARCHITECTURE_REQUIREMENTS.md:AR-COR-002; EP-ARCH-C03.yaml:f23:AR-COR-002; candidate evidence: f06 immutable versioned contract events","The frozen candidate supplies a criterion-specific design mechanism and no contrary paper evidence was found: f06 immutable versioned contract events This is design confirmation only, not implementation validation.","CONFIRMED_SATISFIED_FOR_COMPARISON","NONE_AT_E2_COMPARISON","NONE","E3U-C03-TECHNICAL","NONE_AT_E2_ANALYTIC_GATE; the criterion remains subject to its declared E3 obligation and later implementation/release verification.","CORRECTNESS_AND_AUTHORITY","NONE","NOT_APPLICABLE_HARD_CONSTRAINT"
"EP-ARCH-MATRIX-0.1","AR-COR-003","Orthogonal canonical state semantics","HARD_CONSTRAINT","EP-ARCH-C03","Durable Event and Workflow Core with Rebuildable Projections","SATISFIED_BY_DESIGN","PROPOSAL","ENGINEERING_PREVIEW_ARCHITECTURE_REQUIREMENTS.md:AR-COR-003; EP-ARCH-C03.yaml:f23:AR-COR-003; candidate evidence: f06 reducers keep axes distinct","The frozen candidate supplies a criterion-specific design mechanism and no contrary paper evidence was found: f06 reducers keep axes distinct This is design confirmation only, not implementation validation.","CONFIRMED_SATISFIED_FOR_COMPARISON","NONE_AT_E2_COMPARISON","NONE","E3U-C03-TECHNICAL","NONE_AT_E2_ANALYTIC_GATE; the criterion remains subject to its declared E3 obligation and later implementation/release verification.","CORRECTNESS_AND_AUTHORITY","E3V-005","NOT_APPLICABLE_HARD_CONSTRAINT"
"EP-ARCH-MATRIX-0.1","AR-COR-004","Non-compensating completion gate","HARD_CONSTRAINT","EP-ARCH-C03","Durable Event and Workflow Core with Rebuildable Projections","SATISFIED_BY_DESIGN","PROPOSAL","ENGINEERING_PREVIEW_ARCHITECTURE_REQUIREMENTS.md:AR-COR-004; EP-ARCH-C03.yaml:f23:AR-COR-004; candidate evidence: f15/f16 completion projection conjunction","The frozen candidate supplies a criterion-specific design mechanism and no contrary paper evidence was found: f15/f16 completion projection conjunction This is design confirmation only, not implementation validation.","CONFIRMED_SATISFIED_FOR_COMPARISON","NONE_AT_E2_COMPARISON","NONE","E3U-C03-TECHNICAL","NONE_AT_E2_ANALYTIC_GATE; the criterion remains subject to its declared E3 obligation and later implementation/release verification.","CORRECTNESS_AND_AUTHORITY","E3V-005","NOT_APPLICABLE_HARD_CONSTRAINT"
"EP-ARCH-MATRIX-0.1","AR-COR-005","Predicate adequacy and truthful noncompletion","HARD_CONSTRAINT","EP-ARCH-C03","Durable Event and Workflow Core with Rebuildable Projections","SATISFIED_BY_DESIGN","PROPOSAL","ENGINEERING_PREVIEW_ARCHITECTURE_REQUIREMENTS.md:AR-COR-005; EP-ARCH-C03.yaml:f23:AR-COR-005; candidate evidence: f15 predicate/evidence projection","The frozen candidate supplies a criterion-specific design mechanism and no contrary paper evidence was found: f15 predicate/evidence projection This is design confirmation only, not implementation validation.","CONFIRMED_SATISFIED_FOR_COMPARISON","NONE_AT_E2_COMPARISON","NONE","E3U-C03-TECHNICAL","NONE_AT_E2_ANALYTIC_GATE; the criterion remains subject to its declared E3 obligation and later implementation/release verification.","CORRECTNESS_AND_AUTHORITY","E3V-005","NOT_APPLICABLE_HARD_CONSTRAINT"
"EP-ARCH-MATRIX-0.1","AR-COR-006","Exact state and revision binding","HARD_CONSTRAINT","EP-ARCH-C03","Durable Event and Workflow Core with Rebuildable Projections","SATISFIED_BY_DESIGN","PROPOSAL","ENGINEERING_PREVIEW_ARCHITECTURE_REQUIREMENTS.md:AR-COR-006; EP-ARCH-C03.yaml:f23:AR-COR-006; candidate evidence: f15/f16 event-position/revision stale rule","The frozen candidate supplies a criterion-specific design mechanism and no contrary paper evidence was found: f15/f16 event-position/revision stale rule This is design confirmation only, not implementation validation.","CONFIRMED_SATISFIED_FOR_COMPARISON","NONE_AT_E2_COMPARISON","NONE","E3U-C03-TECHNICAL","NONE_AT_E2_ANALYTIC_GATE; the criterion remains subject to its declared E3 obligation and later implementation/release verification.","CORRECTNESS_AND_AUTHORITY","E3V-005","NOT_APPLICABLE_HARD_CONSTRAINT"
"EP-ARCH-MATRIX-0.1","AR-COR-007","Single accountable ownership and stale-writer rejection","HARD_CONSTRAINT","EP-ARCH-C03","Durable Event and Workflow Core with Rebuildable Projections","SATISFIED_BY_DESIGN","PROPOSAL","ENGINEERING_PREVIEW_ARCHITECTURE_REQUIREMENTS.md:AR-COR-007; EP-ARCH-C03.yaml:f23:AR-COR-007; candidate evidence: f06 expected sequence/owner/fence","The frozen candidate supplies a criterion-specific design mechanism and no contrary paper evidence was found: f06 expected sequence/owner/fence This is design confirmation only, not implementation validation.","CONFIRMED_SATISFIED_FOR_COMPARISON","NONE_AT_E2_COMPARISON","NONE","E3U-C03-TECHNICAL","NONE_AT_E2_ANALYTIC_GATE; the criterion remains subject to its declared E3 obligation and later implementation/release verification.","CORRECTNESS_AND_AUTHORITY","E3V-001","NOT_APPLICABLE_HARD_CONSTRAINT"
"EP-ARCH-MATRIX-0.1","AR-DUR-001","Acknowledged authoritative durability","HARD_CONSTRAINT","EP-ARCH-C03","Durable Event and Workflow Core with Rebuildable Projections","SATISFIED_BY_DESIGN","PROPOSAL","ENGINEERING_PREVIEW_ARCHITECTURE_REQUIREMENTS.md:AR-DUR-001; EP-ARCH-C03.yaml:f23:AR-DUR-001; candidate evidence: f08 durable append acknowledgement","The frozen candidate supplies a criterion-specific design mechanism and no contrary paper evidence was found: f08 durable append acknowledgement This is design confirmation only, not implementation validation.","CONFIRMED_SATISFIED_FOR_COMPARISON","NONE_AT_E2_COMPARISON","NONE","E3U-C03-TECHNICAL","NONE_AT_E2_ANALYTIC_GATE; the criterion remains subject to its declared E3 obligation and later implementation/release verification.","DURABILITY_RECOVERY_AND_DATA","E3V-001","NOT_APPLICABLE_HARD_CONSTRAINT"
"EP-ARCH-MATRIX-0.1","AR-DUR-002","Restart recovery and reconciliation ownership","HARD_CONSTRAINT","EP-ARCH-C03","Durable Event and Workflow Core with Rebuildable Projections","SATISFIED_BY_DESIGN","PROPOSAL","ENGINEERING_PREVIEW_ARCHITECTURE_REQUIREMENTS.md:AR-DUR-002; EP-ARCH-C03.yaml:f23:AR-DUR-002; candidate evidence: f02 lifetime model plus f09 distinguish EP-CTL-016 subscription detach from coordinator/executor loss and define journal replay/reconciliation","The frozen candidate supplies a criterion-specific design mechanism and no contrary paper evidence was found: f02 lifetime model plus f09 distinguish EP-CTL-016 subscription detach from coordinator/executor loss and define journal replay/reconciliation This is design confirmation only, not implementation validation.","CONFIRMED_SATISFIED_FOR_COMPARISON","NONE_AT_E2_COMPARISON","NONE","E3U-C03-TECHNICAL","NONE_AT_E2_ANALYTIC_GATE; the criterion remains subject to its declared E3 obligation and later implementation/release verification.","DURABILITY_RECOVERY_AND_DATA","E3V-001","NOT_APPLICABLE_HARD_CONSTRAINT"
"EP-ARCH-MATRIX-0.1","AR-DUR-003","Idempotent operation accounting and uncertain effects","HARD_CONSTRAINT","EP-ARCH-C03","Durable Event and Workflow Core with Rebuildable Projections","SATISFIED_BY_DESIGN","PROPOSAL","ENGINEERING_PREVIEW_ARCHITECTURE_REQUIREMENTS.md:AR-DUR-003; EP-ARCH-C03.yaml:f23:AR-DUR-003; candidate evidence: f07/f08/f12 specify durable intent, fenced one-attempt authority, admitted observation, readback and explicit known/failed/unknown recovery without claiming cross-boundary atomicity","The frozen candidate supplies a criterion-specific design mechanism and no contrary paper evidence was found: f07/f08/f12 specify durable intent, fenced one-attempt authority, admitted observation, readback and explicit known/failed/unknown recovery without claiming cross-boundary atomicity This is design confirmation only, not implementation validation.","CONFIRMED_SATISFIED_FOR_COMPARISON","NONE_AT_E2_COMPARISON","NONE","E3U-C03-TECHNICAL","NONE_AT_E2_ANALYTIC_GATE; the criterion remains subject to its declared E3 obligation and later implementation/release verification.","DURABILITY_RECOVERY_AND_DATA","E3V-001","NOT_APPLICABLE_HARD_CONSTRAINT"
"EP-ARCH-MATRIX-0.1","AR-DUR-004","Durable ordered control and bounded interruption","HARD_CONSTRAINT","EP-ARCH-C03","Durable Event and Workflow Core with Rebuildable Projections","SATISFIED_BY_DESIGN","PROPOSAL","ENGINEERING_PREVIEW_ARCHITECTURE_REQUIREMENTS.md:AR-DUR-004; EP-ARCH-C03.yaml:f23:AR-DUR-004; candidate evidence: f03/f04/f07/f09 durably order controls/fences, make projection loss non-authoritative, and explicitly advance overdue transitions on replay without claiming real-time enforcement while no coordinator exists","The frozen candidate supplies a criterion-specific design mechanism and no contrary paper evidence was found: f03/f04/f07/f09 durably order controls/fences, make projection loss non-authoritative, and explicitly advance overdue transitions on replay without claiming real-time enforcement while no coordinator exists This is design confirmation only, not implementation validation.","CONFIRMED_SATISFIED_FOR_COMPARISON","NONE_AT_E2_COMPARISON","NONE","E3U-C03-TECHNICAL","NONE_AT_E2_ANALYTIC_GATE; the criterion remains subject to its declared E3 obligation and later implementation/release verification.","DURABILITY_RECOVERY_AND_DATA","E3V-002","NOT_APPLICABLE_HARD_CONSTRAINT"
"EP-ARCH-MATRIX-0.1","AR-DUR-005","Corruption, partial-write, and evolution safety","HARD_CONSTRAINT","EP-ARCH-C03","Durable Event and Workflow Core with Rebuildable Projections","PLAUSIBLY_SATISFIABLE_BUT_REQUIRES_E2_003_ANALYSIS","INFERENCE","ENGINEERING_PREVIEW_ARCHITECTURE_REQUIREMENTS.md:AR-DUR-005; EP-ARCH-C03.yaml:f23:AR-DUR-005; candidate evidence: f08 framing/quarantine/trusted replay proposal","E2-003 resolves the candidate's explicit paper uncertainty against the verified criterion contract: f08 framing/quarantine/trusted replay proposal The resolution confirms the design-level property without claiming implementation proof.","CONFIRMED_SATISFIED_FOR_COMPARISON","E2U-PAPER-C03-U04","PAPER_RESOLVABLE","E3U-C03-TECHNICAL","NONE_AT_E2_ANALYTIC_GATE; the criterion remains subject to its declared E3 obligation and later implementation/release verification.","DURABILITY_RECOVERY_AND_DATA","E3V-001","NOT_APPLICABLE_HARD_CONSTRAINT"
"EP-ARCH-MATRIX-0.1","AR-DUR-006","Retention, hold, cleanup, and deletion accountability","HARD_CONSTRAINT","EP-ARCH-C03","Durable Event and Workflow Core with Rebuildable Projections","SATISFIED_BY_DESIGN","INFERENCE","ENGINEERING_PREVIEW_ARCHITECTURE_REQUIREMENTS.md:AR-DUR-006; EP-ARCH-C03.yaml:f23:AR-DUR-006; candidate evidence: f08 retention/deletion events","E2-003 resolves the candidate's explicit paper uncertainty against the verified criterion contract: f08 retention/deletion events The resolution confirms the design-level property without claiming implementation proof.","CONFIRMED_SATISFIED_FOR_COMPARISON","E2U-PAPER-C03-U02","PAPER_RESOLVABLE","E3U-C03-TECHNICAL","NONE_AT_E2_ANALYTIC_GATE; the criterion remains subject to its declared E3 obligation and later implementation/release verification.","DURABILITY_RECOVERY_AND_DATA","E3V-003","NOT_APPLICABLE_HARD_CONSTRAINT"
"EP-ARCH-MATRIX-0.1","AR-DAT-001","Authoritative, derived, ephemeral, and lossy-state separation","HARD_CONSTRAINT","EP-ARCH-C03","Durable Event and Workflow Core with Rebuildable Projections","SATISFIED_BY_DESIGN","PROPOSAL","ENGINEERING_PREVIEW_ARCHITECTURE_REQUIREMENTS.md:AR-DAT-001; EP-ARCH-C03.yaml:f23:AR-DAT-001; candidate evidence: f06 events/payloads vs projections/ephemeral/summary","The frozen candidate supplies a criterion-specific design mechanism and no contrary paper evidence was found: f06 events/payloads vs projections/ephemeral/summary This is design confirmation only, not implementation validation.","CONFIRMED_SATISFIED_FOR_COMPARISON","NONE_AT_E2_COMPARISON","NONE","E3U-C03-TECHNICAL","NONE_AT_E2_ANALYTIC_GATE; the criterion remains subject to its declared E3 obligation and later implementation/release verification.","DURABILITY_RECOVERY_AND_DATA","E3V-005","NOT_APPLICABLE_HARD_CONSTRAINT"
"EP-ARCH-MATRIX-0.1","AR-DAT-002","Versioned causal history and integrity state","HARD_CONSTRAINT","EP-ARCH-C03","Durable Event and Workflow Core with Rebuildable Projections","SATISFIED_BY_DESIGN","PROPOSAL","ENGINEERING_PREVIEW_ARCHITECTURE_REQUIREMENTS.md:AR-DAT-002; EP-ARCH-C03.yaml:f23:AR-DAT-002; candidate evidence: f06/f08 causal ordered integrity","The frozen candidate supplies a criterion-specific design mechanism and no contrary paper evidence was found: f06/f08 causal ordered integrity This is design confirmation only, not implementation validation.","CONFIRMED_SATISFIED_FOR_COMPARISON","NONE_AT_E2_COMPARISON","NONE","E3U-C03-TECHNICAL","NONE_AT_E2_ANALYTIC_GATE; the criterion remains subject to its declared E3 obligation and later implementation/release verification.","DURABILITY_RECOVERY_AND_DATA","E3V-005","NOT_APPLICABLE_HARD_CONSTRAINT"
"EP-ARCH-MATRIX-0.1","AR-CTX-001","Durable conversation continuity outside model context","HARD_CONSTRAINT","EP-ARCH-C03","Durable Event and Workflow Core with Rebuildable Projections","SATISFIED_BY_DESIGN","PROPOSAL","ENGINEERING_PREVIEW_ARCHITECTURE_REQUIREMENTS.md:AR-CTX-001; EP-ARCH-C03.yaml:f23:AR-CTX-001; candidate evidence: f14 journal/payload continuity","The frozen candidate supplies a criterion-specific design mechanism and no contrary paper evidence was found: f14 journal/payload continuity This is design confirmation only, not implementation validation.","CONFIRMED_SATISFIED_FOR_COMPARISON","NONE_AT_E2_COMPARISON","NONE","E3U-C03-TECHNICAL","NONE_AT_E2_ANALYTIC_GATE; the criterion remains subject to its declared E3 obligation and later implementation/release verification.","DURABILITY_RECOVERY_AND_DATA","E3V-005","NOT_APPLICABLE_HARD_CONSTRAINT"
"EP-ARCH-MATRIX-0.1","AR-CTX-002","Provenanced compaction and summary invalidation","HARD_CONSTRAINT","EP-ARCH-C03","Durable Event and Workflow Core with Rebuildable Projections","SATISFIED_BY_DESIGN","PROPOSAL","ENGINEERING_PREVIEW_ARCHITECTURE_REQUIREMENTS.md:AR-CTX-002; EP-ARCH-C03.yaml:f23:AR-CTX-002; candidate evidence: f14 source-range invalidation","The frozen candidate supplies a criterion-specific design mechanism and no contrary paper evidence was found: f14 source-range invalidation This is design confirmation only, not implementation validation.","CONFIRMED_SATISFIED_FOR_COMPARISON","NONE_AT_E2_COMPARISON","NONE","E3U-C03-TECHNICAL","NONE_AT_E2_ANALYTIC_GATE; the criterion remains subject to its declared E3 obligation and later implementation/release verification.","DURABILITY_RECOVERY_AND_DATA","E3V-005","NOT_APPLICABLE_HARD_CONSTRAINT"
"EP-ARCH-MATRIX-0.1","AR-WSP-001","Read-only repository admission and condition disposition","HARD_CONSTRAINT","EP-ARCH-C03","Durable Event and Workflow Core with Rebuildable Projections","SATISFIED_BY_DESIGN","PROPOSAL","ENGINEERING_PREVIEW_ARCHITECTURE_REQUIREMENTS.md:AR-WSP-001; EP-ARCH-C03.yaml:f23:AR-WSP-001; candidate evidence: f10 admission events/16 conditions","The frozen candidate supplies a criterion-specific design mechanism and no contrary paper evidence was found: f10 admission events/16 conditions This is design confirmation only, not implementation validation.","CONFIRMED_SATISFIED_FOR_COMPARISON","NONE_AT_E2_COMPARISON","NONE","E3U-C03-TECHNICAL","NONE_AT_E2_ANALYTIC_GATE; the criterion remains subject to its declared E3 obligation and later implementation/release verification.","WORKSPACE_AND_FILESYSTEM_SAFETY","E3V-003","NOT_APPLICABLE_HARD_CONSTRAINT"
"EP-ARCH-MATRIX-0.1","AR-WSP-002","Isolation-before-mutation and task/workspace binding","HARD_CONSTRAINT","EP-ARCH-C03","Durable Event and Workflow Core with Rebuildable Projections","SATISFIED_BY_DESIGN","PROPOSAL","ENGINEERING_PREVIEW_ARCHITECTURE_REQUIREMENTS.md:AR-WSP-002; EP-ARCH-C03.yaml:f23:AR-WSP-002; candidate evidence: f10 bind event before mutation","The frozen candidate supplies a criterion-specific design mechanism and no contrary paper evidence was found: f10 bind event before mutation This is design confirmation only, not implementation validation.","CONFIRMED_SATISFIED_FOR_COMPARISON","NONE_AT_E2_COMPARISON","NONE","E3U-C03-TECHNICAL","NONE_AT_E2_ANALYTIC_GATE; the criterion remains subject to its declared E3 obligation and later implementation/release verification.","WORKSPACE_AND_FILESYSTEM_SAFETY","E3V-003","NOT_APPLICABLE_HARD_CONSTRAINT"
"EP-ARCH-MATRIX-0.1","AR-WSP-003","Filesystem confinement and adversarial path handling","HARD_CONSTRAINT","EP-ARCH-C03","Durable Event and Workflow Core with Rebuildable Projections","PLAUSIBLY_SATISFIABLE_BUT_REQUIRES_E2_003_ANALYSIS","INFERENCE","ENGINEERING_PREVIEW_ARCHITECTURE_REQUIREMENTS.md:AR-WSP-003; EP-ARCH-C03.yaml:f23:AR-WSP-003; candidate evidence: f10 object/path defense; mechanism unselected","E2-003 resolves the candidate's explicit paper uncertainty against the verified criterion contract: f10 object/path defense; mechanism unselected The resolution confirms the design-level property without claiming implementation proof.","CONFIRMED_SATISFIED_FOR_COMPARISON","E2U-PAPER-C03-U04","PAPER_RESOLVABLE","E3U-C03-TECHNICAL","NONE_AT_E2_ANALYTIC_GATE; the criterion remains subject to its declared E3 obligation and later implementation/release verification.","WORKSPACE_AND_FILESYSTEM_SAFETY","E3V-003","NOT_APPLICABLE_HARD_CONSTRAINT"
"EP-ARCH-MATRIX-0.1","AR-WSP-004","Original user-state and dirty-material protection","HARD_CONSTRAINT","EP-ARCH-C03","Durable Event and Workflow Core with Rebuildable Projections","SATISFIED_BY_DESIGN","PROPOSAL","ENGINEERING_PREVIEW_ARCHITECTURE_REQUIREMENTS.md:AR-WSP-004; EP-ARCH-C03.yaml:f23:AR-WSP-004; candidate evidence: f10 inventory/canary events","The frozen candidate supplies a criterion-specific design mechanism and no contrary paper evidence was found: f10 inventory/canary events This is design confirmation only, not implementation validation.","CONFIRMED_SATISFIED_FOR_COMPARISON","NONE_AT_E2_COMPARISON","NONE","E3U-C03-TECHNICAL","NONE_AT_E2_ANALYTIC_GATE; the criterion remains subject to its declared E3 obligation and later implementation/release verification.","WORKSPACE_AND_FILESYSTEM_SAFETY","E3V-003","NOT_APPLICABLE_HARD_CONSTRAINT"
"EP-ARCH-MATRIX-0.1","AR-WSP-005","Stale-workspace detection and scoped cleanup reconciliation","HARD_CONSTRAINT","EP-ARCH-C03","Durable Event and Workflow Core with Rebuildable Projections","SATISFIED_BY_DESIGN","PROPOSAL","ENGINEERING_PREVIEW_ARCHITECTURE_REQUIREMENTS.md:AR-WSP-005; EP-ARCH-C03.yaml:f23:AR-WSP-005; candidate evidence: f09/f10 stale/cleanup events","The frozen candidate supplies a criterion-specific design mechanism and no contrary paper evidence was found: f09/f10 stale/cleanup events This is design confirmation only, not implementation validation.","CONFIRMED_SATISFIED_FOR_COMPARISON","NONE_AT_E2_COMPARISON","NONE","E3U-C03-TECHNICAL","NONE_AT_E2_ANALYTIC_GATE; the criterion remains subject to its declared E3 obligation and later implementation/release verification.","WORKSPACE_AND_FILESYSTEM_SAFETY","E3V-003","NOT_APPLICABLE_HARD_CONSTRAINT"
"EP-ARCH-MATRIX-0.1","AR-EXE-001","Versioned capability contracts and boundary validation","HARD_CONSTRAINT","EP-ARCH-C03","Durable Event and Workflow Core with Rebuildable Projections","SATISFIED_BY_DESIGN","PROPOSAL","ENGINEERING_PREVIEW_ARCHITECTURE_REQUIREMENTS.md:AR-EXE-001; EP-ARCH-C03.yaml:f23:AR-EXE-001; candidate evidence: f04 command/event schemas","The frozen candidate supplies a criterion-specific design mechanism and no contrary paper evidence was found: f04 command/event schemas This is design confirmation only, not implementation validation.","CONFIRMED_SATISFIED_FOR_COMPARISON","NONE_AT_E2_COMPARISON","NONE","E3U-C03-TECHNICAL","NONE_AT_E2_ANALYTIC_GATE; the criterion remains subject to its declared E3 obligation and later implementation/release verification.","EXECUTION_CONTROL_AND_CONTAINMENT","E3V-006","NOT_APPLICABLE_HARD_CONSTRAINT"
"EP-ARCH-MATRIX-0.1","AR-EXE-002","Declared operation lifecycle and bounded output","HARD_CONSTRAINT","EP-ARCH-C03","Durable Event and Workflow Core with Rebuildable Projections","SATISFIED_BY_DESIGN","PROPOSAL","ENGINEERING_PREVIEW_ARCHITECTURE_REQUIREMENTS.md:AR-EXE-002; EP-ARCH-C03.yaml:f23:AR-EXE-002; candidate evidence: f07 operation event lifecycle","The frozen candidate supplies a criterion-specific design mechanism and no contrary paper evidence was found: f07 operation event lifecycle This is design confirmation only, not implementation validation.","CONFIRMED_SATISFIED_FOR_COMPARISON","NONE_AT_E2_COMPARISON","NONE","E3U-C03-TECHNICAL","NONE_AT_E2_ANALYTIC_GATE; the criterion remains subject to its declared E3 obligation and later implementation/release verification.","EXECUTION_CONTROL_AND_CONTAINMENT","E3V-002","NOT_APPLICABLE_HARD_CONSTRAINT"
"EP-ARCH-MATRIX-0.1","AR-EXE-003","Process-tree control, bounds, force termination, and fencing","HARD_CONSTRAINT","EP-ARCH-C03","Durable Event and Workflow Core with Rebuildable Projections","UNKNOWN_REQUIRING_SPIKE","UNKNOWN","ENGINEERING_PREVIEW_ARCHITECTURE_REQUIREMENTS.md:AR-EXE-003; EP-ARCH-C03.yaml:f23:AR-EXE-003; candidate evidence: f04/f10 separate workflow lease/fencing from actual descendant containment; supported-host process-tree feasibility is shared SPQ-E2-002-01","The design names process-group, descendant-accounting, force-termination, and fencing mechanisms, but paper evidence cannot prove supported-host whole-tree containment under adversarial schedules.","ARCHITECTURE_BLOCKING_SPIKE","E2U-S01-DESCENDANT-CONTAINMENT","E2_PRESELECTION_SPIKE_REQUIRED","E3U-C03-TECHNICAL","E2-005 selection is blocked unless the shared descendant-containment spike passes for this candidate wrapper; failure eliminates the candidate.","EXECUTION_CONTROL_AND_CONTAINMENT","E3V-002","NOT_APPLICABLE_HARD_CONSTRAINT"
"EP-ARCH-MATRIX-0.1","AR-EXE-004","Untrusted execution-surface classification","HARD_CONSTRAINT","EP-ARCH-C03","Durable Event and Workflow Core with Rebuildable Projections","SATISFIED_BY_DESIGN","PROPOSAL","ENGINEERING_PREVIEW_ARCHITECTURE_REQUIREMENTS.md:AR-EXE-004; EP-ARCH-C03.yaml:f23:AR-EXE-004; candidate evidence: f10/f11 classified commands","The frozen candidate supplies a criterion-specific design mechanism and no contrary paper evidence was found: f10/f11 classified commands This is design confirmation only, not implementation validation.","CONFIRMED_SATISFIED_FOR_COMPARISON","NONE_AT_E2_COMPARISON","NONE","E3U-C03-TECHNICAL","NONE_AT_E2_ANALYTIC_GATE; the criterion remains subject to its declared E3 obligation and later implementation/release verification.","EXECUTION_CONTROL_AND_CONTAINMENT","E3V-006","NOT_APPLICABLE_HARD_CONSTRAINT"
"EP-ARCH-MATRIX-0.1","AR-GIT-001","Normative Git/effect classification enforcement","HARD_CONSTRAINT","EP-ARCH-C03","Durable Event and Workflow Core with Rebuildable Projections","SATISFIED_BY_DESIGN","PROPOSAL","ENGINEERING_PREVIEW_ARCHITECTURE_REQUIREMENTS.md:AR-GIT-001; EP-ARCH-C03.yaml:f23:AR-GIT-001; candidate evidence: f11 thirty typed actions","The frozen candidate supplies a criterion-specific design mechanism and no contrary paper evidence was found: f11 thirty typed actions This is design confirmation only, not implementation validation.","CONFIRMED_SATISFIED_FOR_COMPARISON","NONE_AT_E2_COMPARISON","NONE","E3U-C03-TECHNICAL","NONE_AT_E2_ANALYTIC_GATE; the criterion remains subject to its declared E3 obligation and later implementation/release verification.","APPROVAL_EFFECT_AND_GIT_ACCOUNTING","E3V-003","NOT_APPLICABLE_HARD_CONSTRAINT"
"EP-ARCH-MATRIX-0.1","AR-GIT-002","Git state binding and local review-package truth","HARD_CONSTRAINT","EP-ARCH-C03","Durable Event and Workflow Core with Rebuildable Projections","SATISFIED_BY_DESIGN","PROPOSAL","ENGINEERING_PREVIEW_ARCHITECTURE_REQUIREMENTS.md:AR-GIT-002; EP-ARCH-C03.yaml:f23:AR-GIT-002; candidate evidence: f11 exact Git observation events","The frozen candidate supplies a criterion-specific design mechanism and no contrary paper evidence was found: f11 exact Git observation events This is design confirmation only, not implementation validation.","CONFIRMED_SATISFIED_FOR_COMPARISON","NONE_AT_E2_COMPARISON","NONE","E3U-C03-TECHNICAL","NONE_AT_E2_ANALYTIC_GATE; the criterion remains subject to its declared E3 obligation and later implementation/release verification.","APPROVAL_EFFECT_AND_GIT_ACCOUNTING","E3V-005","NOT_APPLICABLE_HARD_CONSTRAINT"
"EP-ARCH-MATRIX-0.1","AR-SEC-001","Closed trust and authority precedence","HARD_CONSTRAINT","EP-ARCH-C03","Durable Event and Workflow Core with Rebuildable Projections","SATISFIED_BY_DESIGN","PROPOSAL","ENGINEERING_PREVIEW_ARCHITECTURE_REQUIREMENTS.md:AR-SEC-001; EP-ARCH-C03.yaml:f23:AR-SEC-001; candidate evidence: f05/f18 command policy precedence","The frozen candidate supplies a criterion-specific design mechanism and no contrary paper evidence was found: f05/f18 command policy precedence This is design confirmation only, not implementation validation.","CONFIRMED_SATISFIED_FOR_COMPARISON","NONE_AT_E2_COMPARISON","NONE","E3U-C03-TECHNICAL","NONE_AT_E2_ANALYTIC_GATE; the criterion remains subject to its declared E3 obligation and later implementation/release verification.","SECURITY_AND_PROTECTED_ENTRY","E3V-006","NOT_APPLICABLE_HARD_CONSTRAINT"
"EP-ARCH-MATRIX-0.1","AR-SEC-002","Deny-by-default scoped capabilities","HARD_CONSTRAINT","EP-ARCH-C03","Durable Event and Workflow Core with Rebuildable Projections","SATISFIED_BY_DESIGN","PROPOSAL","ENGINEERING_PREVIEW_ARCHITECTURE_REQUIREMENTS.md:AR-SEC-002; EP-ARCH-C03.yaml:f23:AR-SEC-002; candidate evidence: f04/f18 scoped command/fence","The frozen candidate supplies a criterion-specific design mechanism and no contrary paper evidence was found: f04/f18 scoped command/fence This is design confirmation only, not implementation validation.","CONFIRMED_SATISFIED_FOR_COMPARISON","NONE_AT_E2_COMPARISON","NONE","E3U-C03-TECHNICAL","NONE_AT_E2_ANALYTIC_GATE; the criterion remains subject to its declared E3 obligation and later implementation/release verification.","SECURITY_AND_PROTECTED_ENTRY","E3V-006","NOT_APPLICABLE_HARD_CONSTRAINT"
"EP-ARCH-MATRIX-0.1","AR-SEC-003","Protected-secret recipient boundary","HARD_CONSTRAINT","EP-ARCH-C03","Durable Event and Workflow Core with Rebuildable Projections","PLAUSIBLY_SATISFIABLE_BUT_REQUIRES_E2_003_ANALYSIS","INFERENCE","ENGINEERING_PREVIEW_ARCHITECTURE_REQUIREMENTS.md:AR-SEC-003; EP-ARCH-C03.yaml:f23:AR-SEC-003; candidate evidence: f05 TB-05 event-excluded recipient","E2-003 resolves the candidate's explicit paper uncertainty against the verified criterion contract: f05 TB-05 event-excluded recipient The resolution confirms the design-level property without claiming implementation proof.","CONFIRMED_SATISFIED_FOR_COMPARISON","E2U-PAPER-C03-U04","PAPER_RESOLVABLE","E3U-C03-PROTECTED-DELIVERY","NONE_AT_E2_ANALYTIC_GATE; the criterion remains subject to its declared E3 obligation and later implementation/release verification.","SECURITY_AND_PROTECTED_ENTRY","E3V-006","NOT_APPLICABLE_HARD_CONSTRAINT"
"EP-ARCH-MATRIX-0.1","AR-SEC-006","Protected human acquisition and takeover boundary","HARD_CONSTRAINT","EP-ARCH-C03","Durable Event and Workflow Core with Rebuildable Projections","UNKNOWN_REQUIRING_SPIKE","UNKNOWN","ENGINEERING_PREVIEW_ARCHITECTURE_REQUIREMENTS.md:AR-SEC-006; EP-ARCH-C03.yaml:f23:AR-SEC-006; candidate evidence: f03/f18 ordinary event/capture exclusion unproven","The design separates protected acquisition from ordinary capture and delivery, but paper evidence cannot prove that raw human input avoids every supported observer surface.","ARCHITECTURE_BLOCKING_SPIKE","E2U-S02-PROTECTED-ACQUISITION","E2_PRESELECTION_SPIKE_REQUIRED","E3U-C03-PROTECTED-DELIVERY","E2-005 selection is blocked unless the shared protected-acquisition spike passes for this candidate wrapper; failure eliminates the candidate.","SECURITY_AND_PROTECTED_ENTRY","E3V-006","NOT_APPLICABLE_HARD_CONSTRAINT"
"EP-ARCH-MATRIX-0.1","AR-SEC-004","Explicit network, destination, and credential boundary","HARD_CONSTRAINT","EP-ARCH-C03","Durable Event and Workflow Core with Rebuildable Projections","PLAUSIBLY_SATISFIABLE_BUT_REQUIRES_E2_003_ANALYSIS","INFERENCE","ENGINEERING_PREVIEW_ARCHITECTURE_REQUIREMENTS.md:AR-SEC-004; EP-ARCH-C03.yaml:f23:AR-SEC-004; candidate evidence: f05/f13 network adapter; host enforcement unselected","E2-003 resolves the candidate's explicit paper uncertainty against the verified criterion contract: f05/f13 network adapter; host enforcement unselected The resolution confirms the design-level property without claiming implementation proof.","CONFIRMED_SATISFIED_FOR_COMPARISON","E2U-PAPER-C03-U04","PAPER_RESOLVABLE","E3U-C03-TECHNICAL","NONE_AT_E2_ANALYTIC_GATE; the criterion remains subject to its declared E3 obligation and later implementation/release verification.","SECURITY_AND_PROTECTED_ENTRY","E3V-006","NOT_APPLICABLE_HARD_CONSTRAINT"
"EP-ARCH-MATRIX-0.1","AR-SEC-005","Clean-room and source-provenance enforcement","HARD_CONSTRAINT","EP-ARCH-C03","Durable Event and Workflow Core with Rebuildable Projections","SATISFIED_BY_DESIGN","PROPOSAL","ENGINEERING_PREVIEW_ARCHITECTURE_REQUIREMENTS.md:AR-SEC-005; EP-ARCH-C03.yaml:f23:AR-SEC-005; candidate evidence: f10/f15 provenance/forbidden artifacts","The frozen candidate supplies a criterion-specific design mechanism and no contrary paper evidence was found: f10/f15 provenance/forbidden artifacts This is design confirmation only, not implementation validation.","CONFIRMED_SATISFIED_FOR_COMPARISON","NONE_AT_E2_COMPARISON","NONE","E3U-C03-TECHNICAL","NONE_AT_E2_ANALYTIC_GATE; the criterion remains subject to its declared E3 obligation and later implementation/release verification.","SECURITY_AND_PROTECTED_ENTRY","E3V-006","NOT_APPLICABLE_HARD_CONSTRAINT"
"EP-ARCH-MATRIX-0.1","AR-APR-001","Durable exact-scope approval object","HARD_CONSTRAINT","EP-ARCH-C03","Durable Event and Workflow Core with Rebuildable Projections","SATISFIED_BY_DESIGN","PROPOSAL","ENGINEERING_PREVIEW_ARCHITECTURE_REQUIREMENTS.md:AR-APR-001; EP-ARCH-C03.yaml:f23:AR-APR-001; candidate evidence: f12 immutable approval lifecycle","The frozen candidate supplies a criterion-specific design mechanism and no contrary paper evidence was found: f12 immutable approval lifecycle This is design confirmation only, not implementation validation.","CONFIRMED_SATISFIED_FOR_COMPARISON","NONE_AT_E2_COMPARISON","NONE","E3U-C03-TECHNICAL","NONE_AT_E2_ANALYTIC_GATE; the criterion remains subject to its declared E3 obligation and later implementation/release verification.","APPROVAL_EFFECT_AND_GIT_ACCOUNTING","E3V-006","NOT_APPLICABLE_HARD_CONSTRAINT"
"EP-ARCH-MATRIX-0.1","AR-APR-002","External-effect intent, attempt, observation, confirmation, and uncertainty","HARD_CONSTRAINT","EP-ARCH-C03","Durable Event and Workflow Core with Rebuildable Projections","SATISFIED_BY_DESIGN","PROPOSAL","ENGINEERING_PREVIEW_ARCHITECTURE_REQUIREMENTS.md:AR-APR-002; EP-ARCH-C03.yaml:f23:AR-APR-002; candidate evidence: f12 distinct effect events","The frozen candidate supplies a criterion-specific design mechanism and no contrary paper evidence was found: f12 distinct effect events This is design confirmation only, not implementation validation.","CONFIRMED_SATISFIED_FOR_COMPARISON","NONE_AT_E2_COMPARISON","NONE","E3U-C03-TECHNICAL","NONE_AT_E2_ANALYTIC_GATE; the criterion remains subject to its declared E3 obligation and later implementation/release verification.","APPROVAL_EFFECT_AND_GIT_ACCOUNTING","E3V-001","NOT_APPLICABLE_HARD_CONSTRAINT"
"EP-ARCH-MATRIX-0.1","AR-APR-003","Consequential, destructive, and prohibited action enforcement","HARD_CONSTRAINT","EP-ARCH-C03","Durable Event and Workflow Core with Rebuildable Projections","SATISFIED_BY_DESIGN","PROPOSAL","ENGINEERING_PREVIEW_ARCHITECTURE_REQUIREMENTS.md:AR-APR-003; EP-ARCH-C03.yaml:f23:AR-APR-003; candidate evidence: f05/f11/f12 command policy","The frozen candidate supplies a criterion-specific design mechanism and no contrary paper evidence was found: f05/f11/f12 command policy This is design confirmation only, not implementation validation.","CONFIRMED_SATISFIED_FOR_COMPARISON","NONE_AT_E2_COMPARISON","NONE","E3U-C03-TECHNICAL","NONE_AT_E2_ANALYTIC_GATE; the criterion remains subject to its declared E3 obligation and later implementation/release verification.","APPROVAL_EFFECT_AND_GIT_ACCOUNTING","E3V-006","NOT_APPLICABLE_HARD_CONSTRAINT"
"EP-ARCH-MATRIX-0.1","AR-MOD-001","Provider- and logical-role-neutral product semantics","HARD_CONSTRAINT","EP-ARCH-C03","Durable Event and Workflow Core with Rebuildable Projections","SATISFIED_BY_DESIGN","PROPOSAL","ENGINEERING_PREVIEW_ARCHITECTURE_REQUIREMENTS.md:AR-MOD-001; EP-ARCH-C03.yaml:f23:AR-MOD-001; candidate evidence: f13 neutral provider events","The frozen candidate supplies a criterion-specific design mechanism and no contrary paper evidence was found: f13 neutral provider events This is design confirmation only, not implementation validation.","CONFIRMED_SATISFIED_FOR_COMPARISON","NONE_AT_E2_COMPARISON","NONE","E3U-C03-TECHNICAL","NONE_AT_E2_ANALYTIC_GATE; the criterion remains subject to its declared E3 obligation and later implementation/release verification.","MODEL_PROVIDER_AND_CAPABILITY_ROUTING","E3V-004","NOT_APPLICABLE_HARD_CONSTRAINT"
"EP-ARCH-MATRIX-0.1","AR-MOD-002","Purpose, eligibility, capability discovery, and zero-dispatch denial","HARD_CONSTRAINT","EP-ARCH-C03","Durable Event and Workflow Core with Rebuildable Projections","SATISFIED_BY_DESIGN","PROPOSAL","ENGINEERING_PREVIEW_ARCHITECTURE_REQUIREMENTS.md:AR-MOD-002; EP-ARCH-C03.yaml:f23:AR-MOD-002; candidate evidence: f13 eligibility/zero dispatch","The frozen candidate supplies a criterion-specific design mechanism and no contrary paper evidence was found: f13 eligibility/zero dispatch This is design confirmation only, not implementation validation.","CONFIRMED_SATISFIED_FOR_COMPARISON","NONE_AT_E2_COMPARISON","NONE","E3U-C03-TECHNICAL","NONE_AT_E2_ANALYTIC_GATE; the criterion remains subject to its declared E3 obligation and later implementation/release verification.","MODEL_PROVIDER_AND_CAPABILITY_ROUTING","E3V-004","NOT_APPLICABLE_HARD_CONSTRAINT"
"EP-ARCH-MATRIX-0.1","AR-MOD-003","Explicit fallback and provider-specific semantics","HARD_CONSTRAINT","EP-ARCH-C03","Durable Event and Workflow Core with Rebuildable Projections","SATISFIED_BY_DESIGN","PROPOSAL","ENGINEERING_PREVIEW_ARCHITECTURE_REQUIREMENTS.md:AR-MOD-003; EP-ARCH-C03.yaml:f23:AR-MOD-003; candidate evidence: f13 causal fallback/failure","The frozen candidate supplies a criterion-specific design mechanism and no contrary paper evidence was found: f13 causal fallback/failure This is design confirmation only, not implementation validation.","CONFIRMED_SATISFIED_FOR_COMPARISON","NONE_AT_E2_COMPARISON","NONE","E3U-C03-TECHNICAL","NONE_AT_E2_ANALYTIC_GATE; the criterion remains subject to its declared E3 obligation and later implementation/release verification.","MODEL_PROVIDER_AND_CAPABILITY_ROUTING","E3V-004","NOT_APPLICABLE_HARD_CONSTRAINT"
"EP-ARCH-MATRIX-0.1","AR-EVD-001","Versioned outcome-profile evidence bundle","HARD_CONSTRAINT","EP-ARCH-C03","Durable Event and Workflow Core with Rebuildable Projections","SATISFIED_BY_DESIGN","PROPOSAL","ENGINEERING_PREVIEW_ARCHITECTURE_REQUIREMENTS.md:AR-EVD-001; EP-ARCH-C03.yaml:f23:AR-EVD-001; candidate evidence: f15 evidence projection/profile","The frozen candidate supplies a criterion-specific design mechanism and no contrary paper evidence was found: f15 evidence projection/profile This is design confirmation only, not implementation validation.","CONFIRMED_SATISFIED_FOR_COMPARISON","NONE_AT_E2_COMPARISON","NONE","E3U-C03-TECHNICAL","NONE_AT_E2_ANALYTIC_GATE; the criterion remains subject to its declared E3 obligation and later implementation/release verification.","EVIDENCE_VERIFICATION_AND_OBSERVABILITY","E3V-005","NOT_APPLICABLE_HARD_CONSTRAINT"
"EP-ARCH-MATRIX-0.1","AR-EVD-002","Stable artifact identity, provenance, references, and redaction","HARD_CONSTRAINT","EP-ARCH-C03","Durable Event and Workflow Core with Rebuildable Projections","SATISFIED_BY_DESIGN","INFERENCE","ENGINEERING_PREVIEW_ARCHITECTURE_REQUIREMENTS.md:AR-EVD-002; EP-ARCH-C03.yaml:f23:AR-EVD-002; candidate evidence: f15 payload identities/provenance/redaction","E2-003 resolves the candidate's explicit paper uncertainty against the verified criterion contract: f15 payload identities/provenance/redaction The resolution confirms the design-level property without claiming implementation proof.","CONFIRMED_SATISFIED_FOR_COMPARISON","E2U-PAPER-C03-U02","PAPER_RESOLVABLE","E3U-C03-TECHNICAL","NONE_AT_E2_ANALYTIC_GATE; the criterion remains subject to its declared E3 obligation and later implementation/release verification.","EVIDENCE_VERIFICATION_AND_OBSERVABILITY","E3V-005","NOT_APPLICABLE_HARD_CONSTRAINT"
"EP-ARCH-MATRIX-0.1","AR-EVD-003","Evidence integrity distinct from telemetry","HARD_CONSTRAINT","EP-ARCH-C03","Durable Event and Workflow Core with Rebuildable Projections","SATISFIED_BY_DESIGN","PROPOSAL","ENGINEERING_PREVIEW_ARCHITECTURE_REQUIREMENTS.md:AR-EVD-003; EP-ARCH-C03.yaml:f23:AR-EVD-003; candidate evidence: f15/f17 evidence journal vs telemetry","The frozen candidate supplies a criterion-specific design mechanism and no contrary paper evidence was found: f15/f17 evidence journal vs telemetry This is design confirmation only, not implementation validation.","CONFIRMED_SATISFIED_FOR_COMPARISON","NONE_AT_E2_COMPARISON","NONE","E3U-C03-TECHNICAL","NONE_AT_E2_ANALYTIC_GATE; the criterion remains subject to its declared E3 obligation and later implementation/release verification.","EVIDENCE_VERIFICATION_AND_OBSERVABILITY","E3V-005","NOT_APPLICABLE_HARD_CONSTRAINT"
"EP-ARCH-MATRIX-0.1","AR-VER-001","Structurally independent verification path","HARD_CONSTRAINT","EP-ARCH-C03","Durable Event and Workflow Core with Rebuildable Projections","SATISFIED_BY_DESIGN","PROPOSAL","ENGINEERING_PREVIEW_ARCHITECTURE_REQUIREMENTS.md:AR-VER-001; EP-ARCH-C03.yaml:f23:AR-VER-001; candidate evidence: f04/f16 separate verifier adapter","The frozen candidate supplies a criterion-specific design mechanism and no contrary paper evidence was found: f04/f16 separate verifier adapter This is design confirmation only, not implementation validation.","CONFIRMED_SATISFIED_FOR_COMPARISON","NONE_AT_E2_COMPARISON","NONE","E3U-C03-TECHNICAL","NONE_AT_E2_ANALYTIC_GATE; the criterion remains subject to its declared E3 obligation and later implementation/release verification.","EVIDENCE_VERIFICATION_AND_OBSERVABILITY","E3V-005","NOT_APPLICABLE_HARD_CONSTRAINT"
"EP-ARCH-MATRIX-0.1","AR-VER-002","Deterministic replay, bounded verification context, and adequacy review","HARD_CONSTRAINT","EP-ARCH-C03","Durable Event and Workflow Core with Rebuildable Projections","SATISFIED_BY_DESIGN","PROPOSAL","ENGINEERING_PREVIEW_ARCHITECTURE_REQUIREMENTS.md:AR-VER-002; EP-ARCH-C03.yaml:f23:AR-VER-002; candidate evidence: f16 replay/readback/adequacy","The frozen candidate supplies a criterion-specific design mechanism and no contrary paper evidence was found: f16 replay/readback/adequacy This is design confirmation only, not implementation validation.","CONFIRMED_SATISFIED_FOR_COMPARISON","NONE_AT_E2_COMPARISON","NONE","E3U-C03-TECHNICAL","NONE_AT_E2_ANALYTIC_GATE; the criterion remains subject to its declared E3 obligation and later implementation/release verification.","EVIDENCE_VERIFICATION_AND_OBSERVABILITY","E3V-005","NOT_APPLICABLE_HARD_CONSTRAINT"
"EP-ARCH-MATRIX-0.1","AR-VER-003","Verification lifecycle, error separation, and correction invalidation","HARD_CONSTRAINT","EP-ARCH-C03","Durable Event and Workflow Core with Rebuildable Projections","SATISFIED_BY_DESIGN","PROPOSAL","ENGINEERING_PREVIEW_ARCHITECTURE_REQUIREMENTS.md:AR-VER-003; EP-ARCH-C03.yaml:f23:AR-VER-003; candidate evidence: f16 immutable lifecycle/correction","The frozen candidate supplies a criterion-specific design mechanism and no contrary paper evidence was found: f16 immutable lifecycle/correction This is design confirmation only, not implementation validation.","CONFIRMED_SATISFIED_FOR_COMPARISON","NONE_AT_E2_COMPARISON","NONE","E3U-C03-TECHNICAL","NONE_AT_E2_ANALYTIC_GATE; the criterion remains subject to its declared E3 obligation and later implementation/release verification.","EVIDENCE_VERIFICATION_AND_OBSERVABILITY","E3V-005","NOT_APPLICABLE_HARD_CONSTRAINT"
"EP-ARCH-MATRIX-0.1","AR-OBS-001","Structured operational observability","HARD_CONSTRAINT","EP-ARCH-C03","Durable Event and Workflow Core with Rebuildable Projections","SATISFIED_BY_DESIGN","PROPOSAL","ENGINEERING_PREVIEW_ARCHITECTURE_REQUIREMENTS.md:AR-OBS-001; EP-ARCH-C03.yaml:f23:AR-OBS-001; candidate evidence: f17 causal projections","The frozen candidate supplies a criterion-specific design mechanism and no contrary paper evidence was found: f17 causal projections This is design confirmation only, not implementation validation.","CONFIRMED_SATISFIED_FOR_COMPARISON","NONE_AT_E2_COMPARISON","NONE","E3U-C03-TECHNICAL","NONE_AT_E2_ANALYTIC_GATE; the criterion remains subject to its declared E3 obligation and later implementation/release verification.","EVIDENCE_VERIFICATION_AND_OBSERVABILITY","E3V-007","NOT_APPLICABLE_HARD_CONSTRAINT"
"EP-ARCH-MATRIX-0.1","AR-OBS-002","Evidence-linked explanations without private reasoning","HARD_CONSTRAINT","EP-ARCH-C03","Durable Event and Workflow Core with Rebuildable Projections","SATISFIED_BY_DESIGN","PROPOSAL","ENGINEERING_PREVIEW_ARCHITECTURE_REQUIREMENTS.md:AR-OBS-002; EP-ARCH-C03.yaml:f23:AR-OBS-002; candidate evidence: f17 evidence-linked explanations","The frozen candidate supplies a criterion-specific design mechanism and no contrary paper evidence was found: f17 evidence-linked explanations This is design confirmation only, not implementation validation.","CONFIRMED_SATISFIED_FOR_COMPARISON","NONE_AT_E2_COMPARISON","NONE","E3U-C03-TECHNICAL","NONE_AT_E2_ANALYTIC_GATE; the criterion remains subject to its declared E3 obligation and later implementation/release verification.","EVIDENCE_VERIFICATION_AND_OBSERVABILITY","E3V-005","NOT_APPLICABLE_HARD_CONSTRAINT"
"EP-ARCH-MATRIX-0.1","AR-FAIL-001","Structured semantic failure model","HARD_CONSTRAINT","EP-ARCH-C03","Durable Event and Workflow Core with Rebuildable Projections","SATISFIED_BY_DESIGN","PROPOSAL","ENGINEERING_PREVIEW_ARCHITECTURE_REQUIREMENTS.md:AR-FAIL-001; EP-ARCH-C03.yaml:f23:AR-FAIL-001; candidate evidence: f17 typed failure events","The frozen candidate supplies a criterion-specific design mechanism and no contrary paper evidence was found: f17 typed failure events This is design confirmation only, not implementation validation.","CONFIRMED_SATISFIED_FOR_COMPARISON","NONE_AT_E2_COMPARISON","NONE","E3U-C03-TECHNICAL","NONE_AT_E2_ANALYTIC_GATE; the criterion remains subject to its declared E3 obligation and later implementation/release verification.","FAILURE_AND_RESOURCE_CEILINGS","E3V-001","NOT_APPLICABLE_HARD_CONSTRAINT"
"EP-ARCH-MATRIX-0.1","AR-FAIL-002","Ceiling exhaustion and bounded safety reserve","HARD_CONSTRAINT","EP-ARCH-C03","Durable Event and Workflow Core with Rebuildable Projections","SATISFIED_BY_DESIGN","PROPOSAL","ENGINEERING_PREVIEW_ARCHITECTURE_REQUIREMENTS.md:AR-FAIL-002; EP-ARCH-C03.yaml:f23:AR-FAIL-002; candidate evidence: f07/f17 ceiling events/reserve","The frozen candidate supplies a criterion-specific design mechanism and no contrary paper evidence was found: f07/f17 ceiling events/reserve This is design confirmation only, not implementation validation.","CONFIRMED_SATISFIED_FOR_COMPARISON","NONE_AT_E2_COMPARISON","NONE","E3U-C03-TECHNICAL","NONE_AT_E2_ANALYTIC_GATE; the criterion remains subject to its declared E3 obligation and later implementation/release verification.","FAILURE_AND_RESOURCE_CEILINGS","E3V-007","NOT_APPLICABLE_HARD_CONSTRAINT"
"EP-ARCH-MATRIX-0.1","AR-TST-001","Deterministic test seams and fault injection","HARD_CONSTRAINT","EP-ARCH-C03","Durable Event and Workflow Core with Rebuildable Projections","SATISFIED_BY_DESIGN","PROPOSAL","ENGINEERING_PREVIEW_ARCHITECTURE_REQUIREMENTS.md:AR-TST-001; EP-ARCH-C03.yaml:f23:AR-TST-001; candidate evidence: f25 event fault streams/adapters","The frozen candidate supplies a criterion-specific design mechanism and no contrary paper evidence was found: f25 event fault streams/adapters This is design confirmation only, not implementation validation.","CONFIRMED_SATISFIED_FOR_COMPARISON","NONE_AT_E2_COMPARISON","NONE","E3U-C03-TECHNICAL","NONE_AT_E2_ANALYTIC_GATE; the criterion remains subject to its declared E3 obligation and later implementation/release verification.","TESTABILITY_AND_FAULT_INJECTION","E3V-001","NOT_APPLICABLE_HARD_CONSTRAINT"
"EP-ARCH-MATRIX-0.1","AR-TST-002","Complete frozen E1 suite materialization","HARD_CONSTRAINT","EP-ARCH-C03","Durable Event and Workflow Core with Rebuildable Projections","SATISFIED_BY_DESIGN","PROPOSAL","ENGINEERING_PREVIEW_ARCHITECTURE_REQUIREMENTS.md:AR-TST-002; EP-ARCH-C03.yaml:f23:AR-TST-002; candidate evidence: f25 nine-row family_level_matrix plus EP_CTL_016 and all 16 mandatory dangerous-composition seams","The frozen candidate supplies a criterion-specific design mechanism and no contrary paper evidence was found: f25 nine-row family_level_matrix plus EP_CTL_016 and all 16 mandatory dangerous-composition seams This is design confirmation only, not implementation validation.","CONFIRMED_SATISFIED_FOR_COMPARISON","NONE_AT_E2_COMPARISON","NONE","E3U-C03-TECHNICAL","NONE_AT_E2_ANALYTIC_GATE; the criterion remains subject to its declared E3 obligation and later implementation/release verification.","TESTABILITY_AND_FAULT_INJECTION","E3V-001","NOT_APPLICABLE_HARD_CONSTRAINT"
"EP-ARCH-MATRIX-0.1","AR-TST-003","Measurement-protocol interfaces without invented thresholds","HARD_CONSTRAINT","EP-ARCH-C03","Durable Event and Workflow Core with Rebuildable Projections","SATISFIED_BY_DESIGN","PROPOSAL","ENGINEERING_PREVIEW_ARCHITECTURE_REQUIREMENTS.md:AR-TST-003; EP-ARCH-C03.yaml:f23:AR-TST-003; candidate evidence: f25 metric events; no thresholds","The frozen candidate supplies a criterion-specific design mechanism and no contrary paper evidence was found: f25 metric events; no thresholds This is design confirmation only, not implementation validation.","CONFIRMED_SATISFIED_FOR_COMPARISON","NONE_AT_E2_COMPARISON","NONE","E3U-C03-TECHNICAL","NONE_AT_E2_ANALYTIC_GATE; the criterion remains subject to its declared E3 obligation and later implementation/release verification.","TESTABILITY_AND_FAULT_INJECTION","E3V-007","NOT_APPLICABLE_HARD_CONSTRAINT"
"EP-ARCH-MATRIX-0.1","AR-PERF-001","Finite resource, time, output, network, and cost enforcement","HARD_CONSTRAINT","EP-ARCH-C03","Durable Event and Workflow Core with Rebuildable Projections","SATISFIED_BY_DESIGN","PROPOSAL","ENGINEERING_PREVIEW_ARCHITECTURE_REQUIREMENTS.md:AR-PERF-001; EP-ARCH-C03.yaml:f23:AR-PERF-001; candidate evidence: f07/f13 pre-dispatch ceilings","The frozen candidate supplies a criterion-specific design mechanism and no contrary paper evidence was found: f07/f13 pre-dispatch ceilings This is design confirmation only, not implementation validation.","CONFIRMED_SATISFIED_FOR_COMPARISON","NONE_AT_E2_COMPARISON","NONE","E3U-C03-TECHNICAL","NONE_AT_E2_ANALYTIC_GATE; the criterion remains subject to its declared E3 obligation and later implementation/release verification.","PERFORMANCE_AND_MEASUREMENT","E3V-007","NOT_APPLICABLE_HARD_CONSTRAINT"
"EP-ARCH-MATRIX-0.1","AR-PERF-002","Latency, cost, responsiveness, and large-output instrumentation","HARD_CONSTRAINT","EP-ARCH-C03","Durable Event and Workflow Core with Rebuildable Projections","SATISFIED_BY_DESIGN","PROPOSAL","ENGINEERING_PREVIEW_ARCHITECTURE_REQUIREMENTS.md:AR-PERF-002; EP-ARCH-C03.yaml:f23:AR-PERF-002; candidate evidence: f13/f17 timing/usage/cost events","The frozen candidate supplies a criterion-specific design mechanism and no contrary paper evidence was found: f13/f17 timing/usage/cost events This is design confirmation only, not implementation validation.","CONFIRMED_SATISFIED_FOR_COMPARISON","NONE_AT_E2_COMPARISON","NONE","E3U-C03-TECHNICAL","NONE_AT_E2_ANALYTIC_GATE; the criterion remains subject to its declared E3 obligation and later implementation/release verification.","PERFORMANCE_AND_MEASUREMENT","E3V-007","NOT_APPLICABLE_HARD_CONSTRAINT"
"EP-ARCH-MATRIX-0.1","AR-PKG-001","Local-first packaging and contributor-operable boundary","HARD_CONSTRAINT","EP-ARCH-C03","Durable Event and Workflow Core with Rebuildable Projections","PLAUSIBLY_SATISFIABLE_BUT_REQUIRES_E2_003_ANALYSIS","INFERENCE","ENGINEERING_PREVIEW_ARCHITECTURE_REQUIREMENTS.md:AR-PKG-001; EP-ARCH-C03.yaml:f23:AR-PKG-001; candidate evidence: f19 journal/reducer tooling/support burden requires analysis","E2-003 resolves the candidate's explicit paper uncertainty against the verified criterion contract: f19 journal/reducer tooling/support burden requires analysis The resolution confirms the design-level property without claiming implementation proof.","CONFIRMED_SATISFIED_FOR_COMPARISON","E2U-PAPER-C03-U03","PAPER_RESOLVABLE","E3U-C03-TECHNICAL","NONE_AT_E2_ANALYTIC_GATE; the criterion remains subject to its declared E3 obligation and later implementation/release verification.","LOCAL_PACKAGING_AND_CONTRIBUTOR_BURDEN","E3V-003","NOT_APPLICABLE_HARD_CONSTRAINT"
"EP-ARCH-MATRIX-0.1","AR-FUT-001","Versioned serializable replaceable boundaries","HARD_CONSTRAINT","EP-ARCH-C03","Durable Event and Workflow Core with Rebuildable Projections","SATISFIED_BY_DESIGN","PROPOSAL","ENGINEERING_PREVIEW_ARCHITECTURE_REQUIREMENTS.md:AR-FUT-001; EP-ARCH-C03.yaml:f23:AR-FUT-001; candidate evidence: f04/f20 serializable commands/events/adapters","The frozen candidate supplies a criterion-specific design mechanism and no contrary paper evidence was found: f04/f20 serializable commands/events/adapters This is design confirmation only, not implementation validation.","CONFIRMED_SATISFIED_FOR_COMPARISON","NONE_AT_E2_COMPARISON","NONE","E3U-C03-TECHNICAL","NONE_AT_E2_ANALYTIC_GATE; the criterion remains subject to its declared E3 obligation and later implementation/release verification.","FUTURE_EVOLUTION_AND_REVERSIBILITY","E3V-001","NOT_APPLICABLE_HARD_CONSTRAINT"
"EP-ARCH-MATRIX-0.1","AR-FUT-002","Explicit ownership scopes without global singleton dependence","HARD_CONSTRAINT","EP-ARCH-C03","Durable Event and Workflow Core with Rebuildable Projections","SATISFIED_BY_DESIGN","PROPOSAL","ENGINEERING_PREVIEW_ARCHITECTURE_REQUIREMENTS.md:AR-FUT-002; EP-ARCH-C03.yaml:f23:AR-FUT-002; candidate evidence: f06/f20 per-stream/task ownership","The frozen candidate supplies a criterion-specific design mechanism and no contrary paper evidence was found: f06/f20 per-stream/task ownership This is design confirmation only, not implementation validation.","CONFIRMED_SATISFIED_FOR_COMPARISON","NONE_AT_E2_COMPARISON","NONE","E3U-C03-TECHNICAL","NONE_AT_E2_ANALYTIC_GATE; the criterion remains subject to its declared E3 obligation and later implementation/release verification.","FUTURE_EVOLUTION_AND_REVERSIBILITY","E3V-006","NOT_APPLICABLE_HARD_CONSTRAINT"
"EP-ARCH-MATRIX-0.1","AR-FUT-003","Versionable extension boundary and domain-neutral shared core","HARD_CONSTRAINT","EP-ARCH-C03","Durable Event and Workflow Core with Rebuildable Projections","SATISFIED_BY_DESIGN","PROPOSAL","ENGINEERING_PREVIEW_ARCHITECTURE_REQUIREMENTS.md:AR-FUT-003; EP-ARCH-C03.yaml:f23:AR-FUT-003; candidate evidence: f13/f20 versioned extension events","The frozen candidate supplies a criterion-specific design mechanism and no contrary paper evidence was found: f13/f20 versioned extension events This is design confirmation only, not implementation validation.","CONFIRMED_SATISFIED_FOR_COMPARISON","NONE_AT_E2_COMPARISON","NONE","E3U-C03-TECHNICAL","NONE_AT_E2_ANALYTIC_GATE; the criterion remains subject to its declared E3 obligation and later implementation/release verification.","FUTURE_EVOLUTION_AND_REVERSIBILITY","E3V-004","NOT_APPLICABLE_HARD_CONSTRAINT"
"EP-ARCH-MATRIX-0.1","AR-PRF-001","Lower interactive and control latency after hard compliance","WEIGHTED_PREFERENCE","EP-ARCH-C03","Durable Event and Workflow Core with Rebuildable Projections","PREFERENCE_CHARACTERIZED_UNSCORED","INFERENCE","ENGINEERING_PREVIEW_ARCHITECTURE_REQUIREMENTS.md:AR-PRF-001; EP-ARCH-C03.yaml:f23:AR-PRF-001; candidate evidence: Local append/reducer/projection path; unmeasured","The candidate's frozen preference evidence is characterized without a score or rank: Local append/reducer/projection path; unmeasured Append, reduce, and project steps add work; latency remains unmeasured. Numeric weighting is unauthorized and correlated preferences are not double counted.","QUALITATIVE_TRADEOFF_NO_SCORE","E2U-PREFERENCE-WEIGHTS","DEFERRED_OUT_OF_SCOPE","E3U-C03-TECHNICAL","NO_HARD_ELIMINATION; E2-005 may use verified qualitative tradeoffs and an explicit prospective priority rationale, but E2-003 cannot choose a winner.","PREFERENCE_LATENCY_AND_LOCAL_OVERHEAD","E3V-007","Append, reduce, and project steps add work; latency remains unmeasured."
"EP-ARCH-MATRIX-0.1","AR-PRF-002","Lower operational and maintenance complexity after hard compliance","WEIGHTED_PREFERENCE","EP-ARCH-C03","Durable Event and Workflow Core with Rebuildable Projections","PREFERENCE_CHARACTERIZED_UNSCORED","INFERENCE","ENGINEERING_PREVIEW_ARCHITECTURE_REQUIREMENTS.md:AR-PRF-002; EP-ARCH-C03.yaml:f23:AR-PRF-002; candidate evidence: Event/schema/reducer/projection/recovery concepts","The candidate's frozen preference evidence is characterized without a score or rank: Event/schema/reducer/projection/recovery concepts Event, reducer, projection, checkpoint, and migration concepts increase operational learning burden. Numeric weighting is unauthorized and correlated preferences are not double counted.","QUALITATIVE_TRADEOFF_NO_SCORE","E2U-PAPER-C03-U01","PAPER_RESOLVABLE","E3U-C03-TECHNICAL","NO_HARD_ELIMINATION; E2-005 may use verified qualitative tradeoffs and an explicit prospective priority rationale, but E2-003 cannot choose a winner.","PREFERENCE_MAINTAINABILITY_AND_PACKAGING","NONE","Event, reducer, projection, checkpoint, and migration concepts increase operational learning burden."
"EP-ARCH-MATRIX-0.1","AR-PRF-003","Lower migration cost and stronger reversibility after hard compliance","WEIGHTED_PREFERENCE","EP-ARCH-C03","Durable Event and Workflow Core with Rebuildable Projections","PREFERENCE_CHARACTERIZED_UNSCORED","INFERENCE","ENGINEERING_PREVIEW_ARCHITECTURE_REQUIREMENTS.md:AR-PRF-003; EP-ARCH-C03.yaml:f23:AR-PRF-003; candidate evidence: Adapters/projections replaceable; event schema/history costly","The candidate's frozen preference evidence is characterized without a score or rank: Adapters/projections replaceable; event schema/history costly Adapters and projections are replaceable, while event semantics and evolution are foundational. Numeric weighting is unauthorized and correlated preferences are not double counted.","QUALITATIVE_TRADEOFF_NO_SCORE","E2U-PREFERENCE-WEIGHTS","DEFERRED_OUT_OF_SCOPE","E3U-C03-TECHNICAL","NO_HARD_ELIMINATION; E2-005 may use verified qualitative tradeoffs and an explicit prospective priority rationale, but E2-003 cannot choose a winner.","PREFERENCE_MIGRATION_REMOTE_AND_REVERSIBILITY","E3V-001","Adapters and projections are replaceable, while event semantics and evolution are foundational."
"EP-ARCH-MATRIX-0.1","AR-PRF-004","Lower future remote/concurrency adaptation cost after hard compliance","WEIGHTED_PREFERENCE","EP-ARCH-C03","Durable Event and Workflow Core with Rebuildable Projections","PREFERENCE_CHARACTERIZED_UNSCORED","INFERENCE","ENGINEERING_PREVIEW_ARCHITECTURE_REQUIREMENTS.md:AR-PRF-004; EP-ARCH-C03.yaml:f23:AR-PRF-004; candidate evidence: Serializable event boundary; distributed coordination absent","The candidate's frozen preference evidence is characterized without a score or rank: Serializable event boundary; distributed coordination absent Dispatch is serializable, while remote transport and authority remain absent. Numeric weighting is unauthorized and correlated preferences are not double counted.","QUALITATIVE_TRADEOFF_NO_SCORE","E2U-PREFERENCE-WEIGHTS","DEFERRED_OUT_OF_SCOPE","E3U-C03-TECHNICAL","NO_HARD_ELIMINATION; E2-005 may use verified qualitative tradeoffs and an explicit prospective priority rationale, but E2-003 cannot choose a winner.","PREFERENCE_MIGRATION_REMOTE_AND_REVERSIBILITY","NONE","Dispatch is serializable, while remote transport and authority remain absent."
"EP-ARCH-MATRIX-0.1","AR-PRF-005","Lower evidence and large-output overhead after hard compliance","WEIGHTED_PREFERENCE","EP-ARCH-C03","Durable Event and Workflow Core with Rebuildable Projections","PREFERENCE_CHARACTERIZED_UNSCORED","INFERENCE","ENGINEERING_PREVIEW_ARCHITECTURE_REQUIREMENTS.md:AR-PRF-005; EP-ARCH-C03.yaml:f23:AR-PRF-005; candidate evidence: Journal/payload/projection overhead unmeasured","The candidate's frozen preference evidence is characterized without a score or rank: Journal/payload/projection overhead unmeasured Journal, payload, replay, and projection paths may cost more; overhead remains unmeasured. Numeric weighting is unauthorized and correlated preferences are not double counted.","QUALITATIVE_TRADEOFF_NO_SCORE","E2U-PAPER-C03-U01","PAPER_RESOLVABLE","E3U-C03-TECHNICAL","NO_HARD_ELIMINATION; E2-005 may use verified qualitative tradeoffs and an explicit prospective priority rationale, but E2-003 cannot choose a winner.","PREFERENCE_LATENCY_AND_LOCAL_OVERHEAD","E3V-007","Journal, payload, replay, and projection paths may cost more; overhead remains unmeasured."
"EP-ARCH-MATRIX-0.1","AR-PRF-006","Lower contributor and local packaging burden after hard compliance","WEIGHTED_PREFERENCE","EP-ARCH-C03","Durable Event and Workflow Core with Rebuildable Projections","PREFERENCE_CHARACTERIZED_UNSCORED","INFERENCE","ENGINEERING_PREVIEW_ARCHITECTURE_REQUIREMENTS.md:AR-PRF-006; EP-ARCH-C03.yaml:f23:AR-PRF-006; candidate evidence: Replay tooling aids reproduction; event model docs burden","The candidate's frozen preference evidence is characterized without a score or rank: Replay tooling aids reproduction; event model docs burden No daemon is required, while event/replay concepts raise contributor burden. Numeric weighting is unauthorized and correlated preferences are not double counted.","QUALITATIVE_TRADEOFF_NO_SCORE","E2U-PAPER-C03-U01","PAPER_RESOLVABLE","E3U-C03-TECHNICAL","NO_HARD_ELIMINATION; E2-005 may use verified qualitative tradeoffs and an explicit prospective priority rationale, but E2-003 cannot choose a winner.","PREFERENCE_MAINTAINABILITY_AND_PACKAGING","E3V-003","No daemon is required, while event/replay concepts raise contributor burden."
