"canonical_e1_requirement_id","family","source_anchor","primary_architecture_disposition","architecture_impact_taxonomy","primary_architecture_requirement_id","supporting_architecture_requirement_ids","secondary_weighted_preference_ids","implied_architecture_property","criterion_role","hard_constraint","decision_domain_ids","eventual_compliance_evidence","e3_validation_obligation_ids","future_compatibility_impact","justification_or_uncertainty","evaluation_case_or_protocol_ids","evaluation_spec_status","provenance"
"FR-001","FR","03_product/ENGINEERING_PREVIEW_PRD.md §6.1 row FR-001","HARD_CONSTRAINT","DIRECT_ARCHITECTURE_CONSTRAINT","AR-COR-001","AR-FUT-001; AR-FUT-002","","Stable durable identities: A task acknowledged before interruption is reread under the same task identity while replacement process/session identities are separately visible.","DIRECT_ARCHITECTURE_CONSTRAINT","YES_NONCOMPENSATING","D02_CORE_APPLICATION_RUNTIME; D03_TASK_WORKFLOW_ORCHESTRATION; D04_DURABLE_STATE_PERSISTENCE; D05_CANONICAL_TASK_CONVERSATION_EVIDENCE_MODEL; D06_EVENT_OPERATION_HISTORY; D11_APPROVAL_PERMISSION_SYSTEM; D22_FUTURE_REMOTE_EXECUTION; D23_FUTURE_CONCURRENCY_MULTI_AGENT; D24_EXTENSION_SKILL_CONNECTOR_BOUNDARY","Candidate design trace for AR-COR-001; deterministic seam/readback under EP-WF-006; EP-NEG-FUTURE-01; future obligation E3V-001; E3V-006.","E3V-001; E3V-006","DIRECT_VERSIONED_OWNERSHIP_OR_REPLACEABILITY_SEAM","Frozen E1 semantic obligation. The property is hard; its implementation mechanism remains an E2 candidate decision and unresolved compliance cannot be scored as pass.","EP-WF-006; EP-NEG-FUTURE-01","CASE_ORACLE_SPECIFIED_NOT_IMPLEMENTED_NOT_RUN; implementation=SPECIFIED_NOT_IMPLEMENTED; run=NOT_RUN","FROZEN_E1_PRIMARY; E1_GATE_PASSED; EP-EVAL-0.2 typed trace; project-derived Level A property; external audit non-authoritative"
"FR-002","FR","03_product/ENGINEERING_PREVIEW_PRD.md §6.1 row FR-002","HARD_CONSTRAINT","DIRECT_ARCHITECTURE_CONSTRAINT","AR-COR-001","AR-DUR-001","","Stable durable identities: A task acknowledged before interruption is reread under the same task identity while replacement process/session identities are separately visible.","DIRECT_ARCHITECTURE_CONSTRAINT","YES_NONCOMPENSATING","D03_TASK_WORKFLOW_ORCHESTRATION; D04_DURABLE_STATE_PERSISTENCE; D05_CANONICAL_TASK_CONVERSATION_EVIDENCE_MODEL; D06_EVENT_OPERATION_HISTORY","Candidate design trace for AR-COR-001; deterministic seam/readback under EP-WF-001; EP-CTL-017; EP-NEG-FUTURE-01; future obligation E3V-001.","E3V-001","NO_EXTRA_FUTURE_FEATURE; PRESERVE_EXPLICIT_IDENTITY_VERSION_SCOPE_AND_REPLACEABLE_BOUNDARIES","Frozen E1 semantic obligation. The property is hard; its implementation mechanism remains an E2 candidate decision and unresolved compliance cannot be scored as pass.","EP-WF-001; EP-CTL-017; EP-NEG-FUTURE-01","CASE_ORACLE_SPECIFIED_NOT_IMPLEMENTED_NOT_RUN; implementation=SPECIFIED_NOT_IMPLEMENTED; run=NOT_RUN","FROZEN_E1_PRIMARY; E1_GATE_PASSED; EP-EVAL-0.2 typed trace; project-derived Level A property; external audit non-authoritative"
"FR-003","FR","03_product/ENGINEERING_PREVIEW_PRD.md §6.1 row FR-003","HARD_CONSTRAINT","DIRECT_ARCHITECTURE_CONSTRAINT","AR-COR-002","AR-DAT-002","","Versioned admitted task contract and plan: Every material operation points to the current admitted task/plan version; prior versions and redirect causes remain inspectable.","DIRECT_ARCHITECTURE_CONSTRAINT","YES_NONCOMPENSATING","D03_TASK_WORKFLOW_ORCHESTRATION; D05_CANONICAL_TASK_CONVERSATION_EVIDENCE_MODEL; D06_EVENT_OPERATION_HISTORY; D11_APPROVAL_PERMISSION_SYSTEM; D17_EVIDENCE_ARTIFACT_SYSTEM; D20_SECURITY_BOUNDARIES","Candidate design trace for AR-COR-002; deterministic seam/readback under EP-WF-001; EP-WF-002; EP-WF-008; EP-NEG-CTX-01; EP-CONTRIB-001; EP-CONTRIB-002; future obligation E3V-005.","E3V-005","NO_EXTRA_FUTURE_FEATURE; PRESERVE_EXPLICIT_IDENTITY_VERSION_SCOPE_AND_REPLACEABLE_BOUNDARIES","Frozen E1 semantic obligation. The property is hard; its implementation mechanism remains an E2 candidate decision and unresolved compliance cannot be scored as pass.","EP-WF-001; EP-WF-002; EP-WF-008; EP-NEG-CTX-01; EP-CONTRIB-001; EP-CONTRIB-002","CASE_ORACLE_SPECIFIED_NOT_IMPLEMENTED_NOT_RUN; implementation=SPECIFIED_NOT_IMPLEMENTED; run=NOT_RUN","FROZEN_E1_PRIMARY; E1_GATE_PASSED; EP-EVAL-0.2 typed trace; project-derived Level A property; external audit non-authoritative"
"FR-004","FR","03_product/ENGINEERING_PREVIEW_PRD.md §6.1 row FR-004","HARD_CONSTRAINT","SECURITY_BOUNDARY","AR-SEC-001","","","Closed trust and authority precedence: Conflicts yield a typed denial, wait, or blocker under the higher authority with zero prohibited effect.","DIRECT_ARCHITECTURE_CONSTRAINT","YES_NONCOMPENSATING","D01_CLIENT_INTERACTION_BOUNDARY; D02_CORE_APPLICATION_RUNTIME; D11_APPROVAL_PERMISSION_SYSTEM; D20_SECURITY_BOUNDARIES","Candidate design trace for AR-SEC-001; deterministic seam/readback under EP-WF-003; EP-WF-019; EP-NEG-AUTH-01; EP-REPO-012; EP-CONTRIB-001; future obligation E3V-006.","E3V-006","NO_EXTRA_FUTURE_FEATURE; PRESERVE_EXPLICIT_IDENTITY_VERSION_SCOPE_AND_REPLACEABLE_BOUNDARIES","Frozen E1 semantic obligation. The property is hard; its implementation mechanism remains an E2 candidate decision and unresolved compliance cannot be scored as pass.","EP-WF-003; EP-WF-019; EP-NEG-AUTH-01; EP-REPO-012; EP-CONTRIB-001","CASE_ORACLE_SPECIFIED_NOT_IMPLEMENTED_NOT_RUN; implementation=SPECIFIED_NOT_IMPLEMENTED; run=NOT_RUN","FROZEN_E1_PRIMARY; E1_GATE_PASSED; EP-EVAL-0.2 typed trace; project-derived Level A property; external audit non-authoritative"
"FR-005","FR","03_product/ENGINEERING_PREVIEW_PRD.md §6.1 row FR-005","HARD_CONSTRAINT","DIRECT_ARCHITECTURE_CONSTRAINT","AR-COR-002","","","Versioned admitted task contract and plan: Every material operation points to the current admitted task/plan version; prior versions and redirect causes remain inspectable.","DIRECT_ARCHITECTURE_CONSTRAINT","YES_NONCOMPENSATING","D03_TASK_WORKFLOW_ORCHESTRATION; D05_CANONICAL_TASK_CONVERSATION_EVIDENCE_MODEL; D06_EVENT_OPERATION_HISTORY; D11_APPROVAL_PERMISSION_SYSTEM","Candidate design trace for AR-COR-002; deterministic seam/readback under EP-WF-008; EP-CTL-009; EP-FALSE-006; paper-resolvable architecture evidence plus frozen-suite verification.","NONE","NO_EXTRA_FUTURE_FEATURE; PRESERVE_EXPLICIT_IDENTITY_VERSION_SCOPE_AND_REPLACEABLE_BOUNDARIES","Frozen E1 semantic obligation. The property is hard; its implementation mechanism remains an E2 candidate decision and unresolved compliance cannot be scored as pass.","EP-WF-008; EP-CTL-009; EP-FALSE-006","CASE_ORACLE_SPECIFIED_NOT_IMPLEMENTED_NOT_RUN; implementation=SPECIFIED_NOT_IMPLEMENTED; run=NOT_RUN","FROZEN_E1_PRIMARY; E1_GATE_PASSED; EP-EVAL-0.2 typed trace; project-derived Level A property; external audit non-authoritative"
"FR-006","FR","03_product/ENGINEERING_PREVIEW_PRD.md §6.1 row FR-006","HARD_CONSTRAINT","DIRECT_ARCHITECTURE_CONSTRAINT","AR-COR-002","AR-SEC-002","","Versioned admitted task contract and plan: Every material operation points to the current admitted task/plan version; prior versions and redirect causes remain inspectable.","DIRECT_ARCHITECTURE_CONSTRAINT","YES_NONCOMPENSATING","D03_TASK_WORKFLOW_ORCHESTRATION; D05_CANONICAL_TASK_CONVERSATION_EVIDENCE_MODEL; D06_EVENT_OPERATION_HISTORY; D11_APPROVAL_PERMISSION_SYSTEM; D14_ROUTING_CAPABILITY_DISCOVERY; D20_SECURITY_BOUNDARIES; D24_EXTENSION_SKILL_CONNECTOR_BOUNDARY","Candidate design trace for AR-COR-002; deterministic seam/readback under EP-WF-002; EP-WF-008; EP-CTL-007; EP-CTL-008; EP-CTL-009; EP-CTL-010; EP-CTL-013; EP-CONTRIB-002; future obligation E3V-006.","E3V-006","NO_EXTRA_FUTURE_FEATURE; PRESERVE_EXPLICIT_IDENTITY_VERSION_SCOPE_AND_REPLACEABLE_BOUNDARIES","Frozen E1 semantic obligation. The property is hard; its implementation mechanism remains an E2 candidate decision and unresolved compliance cannot be scored as pass.","EP-WF-002; EP-WF-008; EP-CTL-007; EP-CTL-008; EP-CTL-009; EP-CTL-010; EP-CTL-013; EP-CONTRIB-002","CASE_ORACLE_SPECIFIED_NOT_IMPLEMENTED_NOT_RUN; implementation=SPECIFIED_NOT_IMPLEMENTED; run=NOT_RUN","FROZEN_E1_PRIMARY; E1_GATE_PASSED; EP-EVAL-0.2 typed trace; project-derived Level A property; external audit non-authoritative"
"FR-007","FR","03_product/ENGINEERING_PREVIEW_PRD.md §6.1 row FR-007","HARD_CONSTRAINT","DIRECT_ARCHITECTURE_CONSTRAINT","AR-COR-003","AR-DAT-001","","Orthogonal canonical state semantics: All required legal tuples reconstruct exactly and invalid tuples are rejected; any primary display label is a derived projection.","DIRECT_ARCHITECTURE_CONSTRAINT","YES_NONCOMPENSATING","D01_CLIENT_INTERACTION_BOUNDARY; D03_TASK_WORKFLOW_ORCHESTRATION; D05_CANONICAL_TASK_CONVERSATION_EVIDENCE_MODEL; D06_EVENT_OPERATION_HISTORY; D15_CONTEXT_MEMORY_COMPACTION; D18_OBSERVABILITY_LOGGING; D19_ERROR_FAILURE_MODEL","Candidate design trace for AR-COR-003; deterministic seam/readback under EP-WF-014; EP-FALSE-017; EP-FALSE-018; EP-EVID-008; future obligation E3V-005.","E3V-005","NO_EXTRA_FUTURE_FEATURE; PRESERVE_EXPLICIT_IDENTITY_VERSION_SCOPE_AND_REPLACEABLE_BOUNDARIES","Frozen E1 semantic obligation. The property is hard; its implementation mechanism remains an E2 candidate decision and unresolved compliance cannot be scored as pass.","EP-WF-014; EP-FALSE-017; EP-FALSE-018; EP-EVID-008","CASE_ORACLE_SPECIFIED_NOT_IMPLEMENTED_NOT_RUN; implementation=SPECIFIED_NOT_IMPLEMENTED; run=NOT_RUN","FROZEN_E1_PRIMARY; E1_GATE_PASSED; EP-EVAL-0.2 typed trace; project-derived Level A property; external audit non-authoritative"
"FR-008","FR","03_product/ENGINEERING_PREVIEW_PRD.md §6.1 row FR-008","HARD_CONSTRAINT","DIRECT_ARCHITECTURE_CONSTRAINT","AR-COR-007","AR-FUT-002","","Single accountable ownership and stale-writer rejection: A two-owner or restart race admits one legal persisted outcome and exposes rejected stale activity.","DIRECT_ARCHITECTURE_CONSTRAINT","YES_NONCOMPENSATING","D03_TASK_WORKFLOW_ORCHESTRATION; D04_DURABLE_STATE_PERSISTENCE; D06_EVENT_OPERATION_HISTORY; D11_APPROVAL_PERMISSION_SYSTEM; D23_FUTURE_CONCURRENCY_MULTI_AGENT; D24_EXTENSION_SKILL_CONNECTOR_BOUNDARY","Candidate design trace for AR-COR-007; deterministic seam/readback under EP-WF-007; EP-NEG-RACE-01; EP-NEG-FUTURE-01; future obligation E3V-001; E3V-006.","E3V-001; E3V-006","DIRECT_VERSIONED_OWNERSHIP_OR_REPLACEABILITY_SEAM","Frozen E1 semantic obligation. The property is hard; its implementation mechanism remains an E2 candidate decision and unresolved compliance cannot be scored as pass.","EP-WF-007; EP-NEG-RACE-01; EP-NEG-FUTURE-01","CASE_ORACLE_SPECIFIED_NOT_IMPLEMENTED_NOT_RUN; implementation=SPECIFIED_NOT_IMPLEMENTED; run=NOT_RUN","FROZEN_E1_PRIMARY; E1_GATE_PASSED; EP-EVAL-0.2 typed trace; project-derived Level A property; external audit non-authoritative"
"FR-009","FR","03_product/ENGINEERING_PREVIEW_PRD.md §6.1 row FR-009","HARD_CONSTRAINT","SECURITY_BOUNDARY","AR-SEC-001","AR-SEC-002; AR-WSP-001","","Closed trust and authority precedence: Conflicts yield a typed denial, wait, or blocker under the higher authority with zero prohibited effect.","DIRECT_ARCHITECTURE_CONSTRAINT","YES_NONCOMPENSATING","D01_CLIENT_INTERACTION_BOUNDARY; D02_CORE_APPLICATION_RUNTIME; D07_FILESYSTEM_WORKSPACE_ABSTRACTION; D09_ISOLATION_SANDBOXING; D10_GIT_INTEGRATION; D11_APPROVAL_PERMISSION_SYSTEM; D14_ROUTING_CAPABILITY_DISCOVERY; D20_SECURITY_BOUNDARIES; D24_EXTENSION_SKILL_CONNECTOR_BOUNDARY","Candidate design trace for AR-SEC-001; deterministic seam/readback under EP-WF-003; EP-WF-019; EP-NEG-AUTH-01; EP-NEG-GIT-01; EP-NEG-SECRET-01; EP-CONTRIB-001; future obligation E3V-003; E3V-006.","E3V-003; E3V-006","NO_EXTRA_FUTURE_FEATURE; PRESERVE_EXPLICIT_IDENTITY_VERSION_SCOPE_AND_REPLACEABLE_BOUNDARIES","Frozen E1 semantic obligation. The property is hard; its implementation mechanism remains an E2 candidate decision and unresolved compliance cannot be scored as pass.","EP-WF-003; EP-WF-019; EP-NEG-AUTH-01; EP-NEG-GIT-01; EP-NEG-SECRET-01; EP-CONTRIB-001","CASE_ORACLE_SPECIFIED_NOT_IMPLEMENTED_NOT_RUN; implementation=SPECIFIED_NOT_IMPLEMENTED; run=NOT_RUN","FROZEN_E1_PRIMARY; E1_GATE_PASSED; EP-EVAL-0.2 typed trace; project-derived Level A property; external audit non-authoritative"
"FR-010","FR","03_product/ENGINEERING_PREVIEW_PRD.md §6.2 row FR-010","HARD_CONSTRAINT","WORKSPACE_SECURITY_BOUNDARY","AR-WSP-001","","","Read-only repository admission and condition disposition: Preflight independently rereads identity, revision, topology, tracked/untracked/ignored/generated and extension facts before mutation.","DIRECT_ARCHITECTURE_CONSTRAINT","YES_NONCOMPENSATING","D07_FILESYSTEM_WORKSPACE_ABSTRACTION; D09_ISOLATION_SANDBOXING; D10_GIT_INTEGRATION; D20_SECURITY_BOUNDARIES","Candidate design trace for AR-WSP-001; deterministic seam/readback under EP-WF-004; EP-REPO-001; EP-REPO-002; EP-REPO-003; EP-REPO-004; EP-REPO-005; EP-REPO-006; EP-REPO-007; EP-REPO-008; EP-REPO-009; EP-REPO-010; EP-REPO-011; EP-REPO-012; EP-REPO-013; EP-REPO-014; EP-REPO-015; EP-REPO-016; future obligation E3V-003.","E3V-003","NO_EXTRA_FUTURE_FEATURE; PRESERVE_EXPLICIT_IDENTITY_VERSION_SCOPE_AND_REPLACEABLE_BOUNDARIES","Frozen E1 semantic obligation. The property is hard; its implementation mechanism remains an E2 candidate decision and unresolved compliance cannot be scored as pass.","EP-WF-004; EP-REPO-001; EP-REPO-002; EP-REPO-003; EP-REPO-004; EP-REPO-005; EP-REPO-006; EP-REPO-007; EP-REPO-008; EP-REPO-009; EP-REPO-010; EP-REPO-011; EP-REPO-012; EP-REPO-013; EP-REPO-014; EP-REPO-015; EP-REPO-016","CASE_ORACLE_SPECIFIED_NOT_IMPLEMENTED_NOT_RUN; implementation=SPECIFIED_NOT_IMPLEMENTED; run=NOT_RUN","FROZEN_E1_PRIMARY; E1_GATE_PASSED; EP-EVAL-0.2 typed trace; project-derived Level A property; external audit non-authoritative"
"FR-011","FR","03_product/ENGINEERING_PREVIEW_PRD.md §6.2 row FR-011","HARD_CONSTRAINT","WORKSPACE_SECURITY_BOUNDARY","AR-WSP-004","","","Original user-state and dirty-material protection: Before/after byte/ref/index inventories show zero unrelated loss or silent mixing and identify all included/excluded/unavailable material.","DIRECT_ARCHITECTURE_CONSTRAINT","YES_NONCOMPENSATING","D07_FILESYSTEM_WORKSPACE_ABSTRACTION; D09_ISOLATION_SANDBOXING; D10_GIT_INTEGRATION; D20_SECURITY_BOUNDARIES","Candidate design trace for AR-WSP-004; deterministic seam/readback under EP-WF-004; EP-WF-009; EP-NEG-DESTRUCT-01; EP-NEG-CLEAN-01; EP-REPO-001; EP-REPO-002; EP-REPO-003; EP-REPO-004; EP-REPO-008; EP-REPO-009; EP-REPO-010; EP-REPO-011; EP-REPO-012; EP-REPO-015; EP-GIT-003; EP-GIT-014; EP-GIT-015; EP-GIT-016; EP-GIT-019; EP-CONTRIB-003; future obligation E3V-003.","E3V-003","NO_EXTRA_FUTURE_FEATURE; PRESERVE_EXPLICIT_IDENTITY_VERSION_SCOPE_AND_REPLACEABLE_BOUNDARIES","Frozen E1 semantic obligation. The property is hard; its implementation mechanism remains an E2 candidate decision and unresolved compliance cannot be scored as pass.","EP-WF-004; EP-WF-009; EP-NEG-DESTRUCT-01; EP-NEG-CLEAN-01; EP-REPO-001; EP-REPO-002; EP-REPO-003; EP-REPO-004; EP-REPO-008; EP-REPO-009; EP-REPO-010; EP-REPO-011; EP-REPO-012; EP-REPO-015; EP-GIT-003; EP-GIT-014; EP-GIT-015; EP-GIT-016; EP-GIT-019; EP-CONTRIB-003","CASE_ORACLE_SPECIFIED_NOT_IMPLEMENTED_NOT_RUN; implementation=SPECIFIED_NOT_IMPLEMENTED; run=NOT_RUN","FROZEN_E1_PRIMARY; E1_GATE_PASSED; EP-EVAL-0.2 typed trace; project-derived Level A property; external audit non-authoritative"
"FR-012","FR","03_product/ENGINEERING_PREVIEW_PRD.md §6.2 row FR-012","HARD_CONSTRAINT","WORKSPACE_SECURITY_BOUNDARY","AR-WSP-002","","","Isolation-before-mutation and task/workspace binding: Ordering evidence proves bind-before-dispatch and a separable task diff with original user state unchanged.","DIRECT_ARCHITECTURE_CONSTRAINT","YES_NONCOMPENSATING","D07_FILESYSTEM_WORKSPACE_ABSTRACTION; D08_EXECUTION_PROCESS_CONTROL; D09_ISOLATION_SANDBOXING; D10_GIT_INTEGRATION","Candidate design trace for AR-WSP-002; deterministic seam/readback under EP-WF-004; EP-WF-009; EP-WF-019; EP-CTL-013; EP-NEG-DESTRUCT-01; EP-REPO-001; EP-REPO-002; EP-REPO-003; EP-REPO-004; EP-REPO-008; EP-REPO-009; EP-REPO-010; EP-REPO-011; EP-REPO-012; EP-REPO-014; EP-REPO-015; EP-REPO-016; EP-GIT-017; EP-CONTRIB-003; future obligation E3V-003.","E3V-003","NO_EXTRA_FUTURE_FEATURE; PRESERVE_EXPLICIT_IDENTITY_VERSION_SCOPE_AND_REPLACEABLE_BOUNDARIES","Frozen E1 semantic obligation. The property is hard; its implementation mechanism remains an E2 candidate decision and unresolved compliance cannot be scored as pass.","EP-WF-004; EP-WF-009; EP-WF-019; EP-CTL-013; EP-NEG-DESTRUCT-01; EP-REPO-001; EP-REPO-002; EP-REPO-003; EP-REPO-004; EP-REPO-008; EP-REPO-009; EP-REPO-010; EP-REPO-011; EP-REPO-012; EP-REPO-014; EP-REPO-015; EP-REPO-016; EP-GIT-017; EP-CONTRIB-003","CASE_ORACLE_SPECIFIED_NOT_IMPLEMENTED_NOT_RUN; implementation=SPECIFIED_NOT_IMPLEMENTED; run=NOT_RUN","FROZEN_E1_PRIMARY; E1_GATE_PASSED; EP-EVAL-0.2 typed trace; project-derived Level A property; external audit non-authoritative"
"FR-013","FR","03_product/ENGINEERING_PREVIEW_PRD.md §6.2 row FR-013","HARD_CONSTRAINT","WORKSPACE_SECURITY_BOUNDARY","AR-WSP-003","","","Filesystem confinement and adversarial path handling: Canaries outside authorized roots remain byte-identical through adversarial path and cleanup races.","DIRECT_ARCHITECTURE_CONSTRAINT","YES_NONCOMPENSATING","D07_FILESYSTEM_WORKSPACE_ABSTRACTION; D09_ISOLATION_SANDBOXING; D20_SECURITY_BOUNDARIES","Candidate design trace for AR-WSP-003; deterministic seam/readback under EP-WF-004; EP-WF-010; EP-NEG-FS-01; EP-NEG-SECRET-01; EP-NEG-CLEAN-01; EP-REPO-008; EP-REPO-009; EP-REPO-011; future obligation E3V-003.","E3V-003","NO_EXTRA_FUTURE_FEATURE; PRESERVE_EXPLICIT_IDENTITY_VERSION_SCOPE_AND_REPLACEABLE_BOUNDARIES","Frozen E1 semantic obligation. The property is hard; its implementation mechanism remains an E2 candidate decision and unresolved compliance cannot be scored as pass.","EP-WF-004; EP-WF-010; EP-NEG-FS-01; EP-NEG-SECRET-01; EP-NEG-CLEAN-01; EP-REPO-008; EP-REPO-009; EP-REPO-011","CASE_ORACLE_SPECIFIED_NOT_IMPLEMENTED_NOT_RUN; implementation=SPECIFIED_NOT_IMPLEMENTED; run=NOT_RUN","FROZEN_E1_PRIMARY; E1_GATE_PASSED; EP-EVAL-0.2 typed trace; project-derived Level A property; external audit non-authoritative"
"FR-014","FR","03_product/ENGINEERING_PREVIEW_PRD.md §6.2 row FR-014","HARD_CONSTRAINT","DURABILITY_REQUIREMENT","AR-DUR-005","AR-WSP-003","","Corruption, partial-write, and evolution safety: Fault injection yields a valid old/new state or an explicit recoverable/blocked/failed state with the original bytes/evidence retained.","DIRECT_ARCHITECTURE_CONSTRAINT","YES_NONCOMPENSATING","D04_DURABLE_STATE_PERSISTENCE; D06_EVENT_OPERATION_HISTORY; D07_FILESYSTEM_WORKSPACE_ABSTRACTION; D09_ISOLATION_SANDBOXING; D19_ERROR_FAILURE_MODEL; D20_SECURITY_BOUNDARIES","Candidate design trace for AR-DUR-005; deterministic seam/readback under EP-WF-004; EP-WF-010; EP-CTL-024; future obligation E3V-001; E3V-003.","E3V-001; E3V-003","NO_EXTRA_FUTURE_FEATURE; PRESERVE_EXPLICIT_IDENTITY_VERSION_SCOPE_AND_REPLACEABLE_BOUNDARIES","Frozen E1 semantic obligation. The property is hard; its implementation mechanism remains an E2 candidate decision and unresolved compliance cannot be scored as pass.","EP-WF-004; EP-WF-010; EP-CTL-024","CASE_ORACLE_SPECIFIED_NOT_IMPLEMENTED_NOT_RUN; implementation=SPECIFIED_NOT_IMPLEMENTED; run=NOT_RUN","FROZEN_E1_PRIMARY; E1_GATE_PASSED; EP-EVAL-0.2 typed trace; project-derived Level A property; external audit non-authoritative"
"FR-015","FR","03_product/ENGINEERING_PREVIEW_PRD.md §6.2 row FR-015","HARD_CONSTRAINT","DIRECT_ARCHITECTURE_CONSTRAINT","AR-COR-006","AR-WSP-004; AR-GIT-002","","Exact state and revision binding: Post-verification mutation preserves the old run for history but makes the current aggregate UNVERIFIED until the new state is verified.","DIRECT_ARCHITECTURE_CONSTRAINT","YES_NONCOMPENSATING","D05_CANONICAL_TASK_CONVERSATION_EVIDENCE_MODEL; D06_EVENT_OPERATION_HISTORY; D07_FILESYSTEM_WORKSPACE_ABSTRACTION; D09_ISOLATION_SANDBOXING; D10_GIT_INTEGRATION; D12_EXTERNAL_EFFECT_RECONCILIATION; D16_VERIFICATION_ARCHITECTURE; D17_EVIDENCE_ARTIFACT_SYSTEM; D20_SECURITY_BOUNDARIES; D21_LOCAL_FIRST_PACKAGING","Candidate design trace for AR-COR-006; deterministic seam/readback under EP-WF-004; EP-FALSE-007; EP-NEG-VER-02; future obligation E3V-003; E3V-005.","E3V-003; E3V-005","NO_EXTRA_FUTURE_FEATURE; PRESERVE_EXPLICIT_IDENTITY_VERSION_SCOPE_AND_REPLACEABLE_BOUNDARIES","Frozen E1 semantic obligation. The property is hard; its implementation mechanism remains an E2 candidate decision and unresolved compliance cannot be scored as pass.","EP-WF-004; EP-FALSE-007; EP-NEG-VER-02","CASE_ORACLE_SPECIFIED_NOT_IMPLEMENTED_NOT_RUN; implementation=SPECIFIED_NOT_IMPLEMENTED; run=NOT_RUN","FROZEN_E1_PRIMARY; E1_GATE_PASSED; EP-EVAL-0.2 typed trace; project-derived Level A property; external audit non-authoritative"
"FR-020","FR","03_product/ENGINEERING_PREVIEW_PRD.md §6.3 row FR-020","HARD_CONSTRAINT","EXECUTION_INTERFACE_REQUIREMENT","AR-EXE-002","","","Declared operation lifecycle and bounded output: Success, nonzero exit, timeout, cancellation, output truncation, lost response, and uncertain effect remain distinguishable and correlated.","DIRECT_ARCHITECTURE_CONSTRAINT","YES_NONCOMPENSATING","D06_EVENT_OPERATION_HISTORY; D08_EXECUTION_PROCESS_CONTROL; D18_OBSERVABILITY_LOGGING; D19_ERROR_FAILURE_MODEL","Candidate design trace for AR-EXE-002; deterministic seam/readback under EP-WF-011; EP-NEG-SCHEMA-01; EP-NEG-TERM-01; EP-NEG-CMD-01; EP-NEG-DOS-01; future obligation E3V-002.","E3V-002","NO_EXTRA_FUTURE_FEATURE; PRESERVE_EXPLICIT_IDENTITY_VERSION_SCOPE_AND_REPLACEABLE_BOUNDARIES","Frozen E1 semantic obligation. The property is hard; its implementation mechanism remains an E2 candidate decision and unresolved compliance cannot be scored as pass.","EP-WF-011; EP-NEG-SCHEMA-01; EP-NEG-TERM-01; EP-NEG-CMD-01; EP-NEG-DOS-01","CASE_ORACLE_SPECIFIED_NOT_IMPLEMENTED_NOT_RUN; implementation=SPECIFIED_NOT_IMPLEMENTED; run=NOT_RUN","FROZEN_E1_PRIMARY; E1_GATE_PASSED; EP-EVAL-0.2 typed trace; project-derived Level A property; external audit non-authoritative"
"FR-021","FR","03_product/ENGINEERING_PREVIEW_PRD.md §6.3 row FR-021","HARD_CONSTRAINT","EXECUTION_INTERFACE_REQUIREMENT","AR-EXE-002","AR-OBS-001; AR-FAIL-001; AR-PERF-002","AR-PRF-005","Declared operation lifecycle and bounded output: Success, nonzero exit, timeout, cancellation, output truncation, lost response, and uncertain effect remain distinguishable and correlated.","DIRECT_ARCHITECTURE_CONSTRAINT","YES_NONCOMPENSATING","D01_CLIENT_INTERACTION_BOUNDARY; D03_TASK_WORKFLOW_ORCHESTRATION; D04_DURABLE_STATE_PERSISTENCE; D06_EVENT_OPERATION_HISTORY; D08_EXECUTION_PROCESS_CONTROL; D13_MODEL_PROVIDER_GATEWAY; D17_EVIDENCE_ARTIFACT_SYSTEM; D18_OBSERVABILITY_LOGGING; D19_ERROR_FAILURE_MODEL; D25_E1_SUITE_TESTABILITY","Candidate design trace for AR-EXE-002; AR-OBS-001; AR-FAIL-001; AR-PERF-002; AR-PRF-005; deterministic seam/readback under EP-WF-011; EP-CTL-022; EP-FALSE-011; EP-EVID-006; EP-NEG-TERM-01; EP-NEG-DOS-01; future focused obligation E3V-001; E3V-002; E3V-004; E3V-007.","E3V-001; E3V-002; E3V-004; E3V-007","NO_EXTRA_FUTURE_FEATURE; PRESERVE_EXPLICIT_IDENTITY_VERSION_SCOPE_AND_REPLACEABLE_BOUNDARIES","Frozen E1 semantic obligation. The property is hard; its implementation mechanism remains an E2 candidate decision and unresolved compliance cannot be scored as pass.","EP-WF-011; EP-CTL-022; EP-FALSE-011; EP-EVID-006; EP-NEG-TERM-01; EP-NEG-DOS-01","CASE_ORACLE_SPECIFIED_NOT_IMPLEMENTED_NOT_RUN; implementation=SPECIFIED_NOT_IMPLEMENTED; run=NOT_RUN","FROZEN_E1_PRIMARY; E1_GATE_PASSED; EP-EVAL-0.2 typed trace; project-derived Level A property; external audit non-authoritative"
"FR-022","FR","03_product/ENGINEERING_PREVIEW_PRD.md §6.3 row FR-022","HARD_CONSTRAINT","EXECUTION_INTERFACE_REQUIREMENT","AR-EXE-001","AR-SEC-002","","Versioned capability contracts and boundary validation: Invalid requests dispatch zero effects; invalid effectful results are not consumed and enter readback/reconciliation.","DIRECT_ARCHITECTURE_CONSTRAINT","YES_NONCOMPENSATING","D02_CORE_APPLICATION_RUNTIME; D08_EXECUTION_PROCESS_CONTROL; D11_APPROVAL_PERMISSION_SYSTEM; D14_ROUTING_CAPABILITY_DISCOVERY; D20_SECURITY_BOUNDARIES; D24_EXTENSION_SKILL_CONNECTOR_BOUNDARY","Candidate design trace for AR-EXE-001; deterministic seam/readback under EP-WF-011; EP-NEG-AUTH-01; EP-NEG-CMD-01; future obligation E3V-006.","E3V-006","NO_EXTRA_FUTURE_FEATURE; PRESERVE_EXPLICIT_IDENTITY_VERSION_SCOPE_AND_REPLACEABLE_BOUNDARIES","Frozen E1 semantic obligation. The property is hard; its implementation mechanism remains an E2 candidate decision and unresolved compliance cannot be scored as pass.","EP-WF-011; EP-NEG-AUTH-01; EP-NEG-CMD-01","CASE_ORACLE_SPECIFIED_NOT_IMPLEMENTED_NOT_RUN; implementation=SPECIFIED_NOT_IMPLEMENTED; run=NOT_RUN","FROZEN_E1_PRIMARY; E1_GATE_PASSED; EP-EVAL-0.2 typed trace; project-derived Level A property; external audit non-authoritative"
"FR-023","FR","03_product/ENGINEERING_PREVIEW_PRD.md §6.3 row FR-023","HARD_CONSTRAINT","GIT_EFFECT_INTERFACE_REQUIREMENT","AR-GIT-001","","","Normative Git/effect classification enforcement: Every Git action resolves to one matrix row; prohibited actions remain denied even with approval; supported remote effects require exact approval and readback.","DIRECT_ARCHITECTURE_CONSTRAINT","YES_NONCOMPENSATING","D10_GIT_INTEGRATION; D11_APPROVAL_PERMISSION_SYSTEM; D12_EXTERNAL_EFFECT_RECONCILIATION; D20_SECURITY_BOUNDARIES","Candidate design trace for AR-GIT-001; deterministic seam/readback under EP-NEG-GIT-01; EP-REPO-005; EP-REPO-006; EP-REPO-007; EP-REPO-013; EP-GIT-001; EP-GIT-002; EP-GIT-003; EP-GIT-004; EP-GIT-005; EP-GIT-006; EP-GIT-007; EP-GIT-008; EP-GIT-009; EP-GIT-010; EP-GIT-011; EP-GIT-012; EP-GIT-013; EP-GIT-014; EP-GIT-015; EP-GIT-016; EP-GIT-017; EP-GIT-018; EP-GIT-019; EP-GIT-020; EP-GIT-021; EP-GIT-022; EP-GIT-023; EP-GIT-024; EP-GIT-025; EP-GIT-026; EP-GIT-027; EP-GIT-028; EP-GIT-029; EP-GIT-030; future obligation E3V-003.","E3V-003","NO_EXTRA_FUTURE_FEATURE; PRESERVE_EXPLICIT_IDENTITY_VERSION_SCOPE_AND_REPLACEABLE_BOUNDARIES","Frozen E1 semantic obligation. The property is hard; its implementation mechanism remains an E2 candidate decision and unresolved compliance cannot be scored as pass.","EP-NEG-GIT-01; EP-REPO-005; EP-REPO-006; EP-REPO-007; EP-REPO-013; EP-GIT-001; EP-GIT-002; EP-GIT-003; EP-GIT-004; EP-GIT-005; EP-GIT-006; EP-GIT-007; EP-GIT-008; EP-GIT-009; EP-GIT-010; EP-GIT-011; EP-GIT-012; EP-GIT-013; EP-GIT-014; EP-GIT-015; EP-GIT-016; EP-GIT-017; EP-GIT-018; EP-GIT-019; EP-GIT-020; EP-GIT-021; EP-GIT-022; EP-GIT-023; EP-GIT-024; EP-GIT-025; EP-GIT-026; EP-GIT-027; EP-GIT-028; EP-GIT-029; EP-GIT-030","CASE_ORACLE_SPECIFIED_NOT_IMPLEMENTED_NOT_RUN; implementation=SPECIFIED_NOT_IMPLEMENTED; run=NOT_RUN","FROZEN_E1_PRIMARY; E1_GATE_PASSED; EP-EVAL-0.2 typed trace; project-derived Level A property; external audit non-authoritative"
"FR-024","FR","03_product/ENGINEERING_PREVIEW_PRD.md §6.3 row FR-024","HARD_CONSTRAINT","GIT_EFFECT_INTERFACE_REQUIREMENT","AR-GIT-001","AR-APR-003","","Normative Git/effect classification enforcement: Every Git action resolves to one matrix row; prohibited actions remain denied even with approval; supported remote effects require exact approval and readback.","DIRECT_ARCHITECTURE_CONSTRAINT","YES_NONCOMPENSATING","D08_EXECUTION_PROCESS_CONTROL; D10_GIT_INTEGRATION; D11_APPROVAL_PERMISSION_SYSTEM; D12_EXTERNAL_EFFECT_RECONCILIATION; D20_SECURITY_BOUNDARIES","Candidate design trace for AR-GIT-001; deterministic seam/readback under EP-NEG-GIT-01; EP-NEG-DESTRUCT-01; EP-REPO-005; EP-REPO-013; EP-GIT-001; EP-GIT-002; EP-GIT-003; EP-GIT-004; EP-GIT-005; EP-GIT-006; EP-GIT-007; EP-GIT-008; EP-GIT-009; EP-GIT-010; EP-GIT-011; EP-GIT-012; EP-GIT-013; EP-GIT-014; EP-GIT-015; EP-GIT-016; EP-GIT-017; EP-GIT-018; EP-GIT-019; EP-GIT-020; EP-GIT-021; EP-GIT-022; EP-GIT-023; EP-GIT-024; EP-GIT-025; EP-GIT-026; EP-GIT-027; EP-GIT-028; EP-GIT-029; EP-GIT-030; future obligation E3V-003; E3V-006.","E3V-003; E3V-006","NO_EXTRA_FUTURE_FEATURE; PRESERVE_EXPLICIT_IDENTITY_VERSION_SCOPE_AND_REPLACEABLE_BOUNDARIES","Frozen E1 semantic obligation. The property is hard; its implementation mechanism remains an E2 candidate decision and unresolved compliance cannot be scored as pass.","EP-NEG-GIT-01; EP-NEG-DESTRUCT-01; EP-REPO-005; EP-REPO-013; EP-GIT-001; EP-GIT-002; EP-GIT-003; EP-GIT-004; EP-GIT-005; EP-GIT-006; EP-GIT-007; EP-GIT-008; EP-GIT-009; EP-GIT-010; EP-GIT-011; EP-GIT-012; EP-GIT-013; EP-GIT-014; EP-GIT-015; EP-GIT-016; EP-GIT-017; EP-GIT-018; EP-GIT-019; EP-GIT-020; EP-GIT-021; EP-GIT-022; EP-GIT-023; EP-GIT-024; EP-GIT-025; EP-GIT-026; EP-GIT-027; EP-GIT-028; EP-GIT-029; EP-GIT-030","CASE_ORACLE_SPECIFIED_NOT_IMPLEMENTED_NOT_RUN; implementation=SPECIFIED_NOT_IMPLEMENTED; run=NOT_RUN","FROZEN_E1_PRIMARY; E1_GATE_PASSED; EP-EVAL-0.2 typed trace; project-derived Level A property; external audit non-authoritative"
"FR-025","FR","03_product/ENGINEERING_PREVIEW_PRD.md §6.3 row FR-025","HARD_CONSTRAINT","CORRECTNESS_REQUIREMENT","AR-COR-005","AR-VER-002; AR-TST-001","","Versioned predicate-set derivation and adequacy: required checks come from admitted authority, cannot be silently weakened or rescued after flakiness, and remain mapped to objective completion predicates.","DIRECT_ARCHITECTURE_CONSTRAINT","YES_NONCOMPENSATING","D02_CORE_APPLICATION_RUNTIME; D03_TASK_WORKFLOW_ORCHESTRATION; D08_EXECUTION_PROCESS_CONTROL; D16_VERIFICATION_ARCHITECTURE; D17_EVIDENCE_ARTIFACT_SYSTEM; D25_E1_SUITE_TESTABILITY","Candidate design trace for AR-COR-005; AR-VER-002; AR-TST-001; deterministic seam/readback under EP-WF-005; EP-WF-012; EP-CTL-009; EP-FALSE-001; EP-FALSE-002; EP-FALSE-010; EP-NEG-VER-02; EP-REPO-007; EP-REPO-012; EP-CONTRIB-004; future focused obligation E3V-001; E3V-002; E3V-003; E3V-004; E3V-005; E3V-006.","E3V-001; E3V-002; E3V-003; E3V-004; E3V-005; E3V-006","NO_EXTRA_FUTURE_FEATURE; PRESERVE_EXPLICIT_IDENTITY_VERSION_SCOPE_AND_REPLACEABLE_BOUNDARIES","Frozen E1 semantic obligation. The property is hard; its implementation mechanism remains an E2 candidate decision and unresolved compliance cannot be scored as pass.","EP-WF-005; EP-WF-012; EP-CTL-009; EP-FALSE-001; EP-FALSE-002; EP-FALSE-010; EP-NEG-VER-02; EP-REPO-007; EP-REPO-012; EP-CONTRIB-004","CASE_ORACLE_SPECIFIED_NOT_IMPLEMENTED_NOT_RUN; implementation=SPECIFIED_NOT_IMPLEMENTED; run=NOT_RUN","FROZEN_E1_PRIMARY; E1_GATE_PASSED; EP-EVAL-0.2 typed trace; project-derived Level A property; external audit non-authoritative"
"FR-026","FR","03_product/ENGINEERING_PREVIEW_PRD.md §6.3 row FR-026","HARD_CONSTRAINT","EVIDENCE_REQUIREMENT","AR-EVD-001","AR-VER-002; AR-TST-001","","Complete exact-revision check evidence: check/run/configuration/environment identity, ordered repetitions, bounded outputs, predicate relationship, and flakiness remain independently inspectable and cannot be flattened into pass prose.","DIRECT_ARCHITECTURE_CONSTRAINT","YES_NONCOMPENSATING","D02_CORE_APPLICATION_RUNTIME; D05_CANONICAL_TASK_CONVERSATION_EVIDENCE_MODEL; D08_EXECUTION_PROCESS_CONTROL; D16_VERIFICATION_ARCHITECTURE; D17_EVIDENCE_ARTIFACT_SYSTEM; D18_OBSERVABILITY_LOGGING; D25_E1_SUITE_TESTABILITY","Candidate design trace for AR-EVD-001; AR-VER-002; AR-TST-001; deterministic seam/readback under EP-WF-012; EP-FALSE-001; EP-FALSE-010; EP-NEG-VER-02; EP-CONTRIB-004; future focused obligation E3V-001; E3V-002; E3V-003; E3V-004; E3V-005; E3V-006.","E3V-001; E3V-002; E3V-003; E3V-004; E3V-005; E3V-006","NO_EXTRA_FUTURE_FEATURE; PRESERVE_EXPLICIT_IDENTITY_VERSION_SCOPE_AND_REPLACEABLE_BOUNDARIES","Frozen E1 semantic obligation. The property is hard; its implementation mechanism remains an E2 candidate decision and unresolved compliance cannot be scored as pass.","EP-WF-012; EP-FALSE-001; EP-FALSE-010; EP-NEG-VER-02; EP-CONTRIB-004","CASE_ORACLE_SPECIFIED_NOT_IMPLEMENTED_NOT_RUN; implementation=SPECIFIED_NOT_IMPLEMENTED; run=NOT_RUN","FROZEN_E1_PRIMARY; E1_GATE_PASSED; EP-EVAL-0.2 typed trace; project-derived Level A property; external audit non-authoritative"
"FR-027","FR","03_product/ENGINEERING_PREVIEW_PRD.md §6.3 row FR-027","HARD_CONSTRAINT","EXECUTION_INTERFACE_REQUIREMENT","AR-EXE-004","AR-SEC-004","","Untrusted execution-surface classification: Unauthorized hooks/scripts/helpers/connections do not execute and their unmet preconditions or denials are recorded.","DIRECT_ARCHITECTURE_CONSTRAINT","YES_NONCOMPENSATING","D08_EXECUTION_PROCESS_CONTROL; D10_GIT_INTEGRATION; D13_MODEL_PROVIDER_GATEWAY; D14_ROUTING_CAPABILITY_DISCOVERY; D20_SECURITY_BOUNDARIES","Candidate design trace for AR-EXE-004; deterministic seam/readback under EP-NEG-GIT-01; EP-NEG-SUPPLY-01; EP-NEG-SUPPLY-02; EP-REPO-008; EP-REPO-009; EP-GIT-012; EP-CONTRIB-005; future obligation E3V-006.","E3V-006","NO_EXTRA_FUTURE_FEATURE; PRESERVE_EXPLICIT_IDENTITY_VERSION_SCOPE_AND_REPLACEABLE_BOUNDARIES","Frozen E1 semantic obligation. The property is hard; its implementation mechanism remains an E2 candidate decision and unresolved compliance cannot be scored as pass.","EP-NEG-GIT-01; EP-NEG-SUPPLY-01; EP-NEG-SUPPLY-02; EP-REPO-008; EP-REPO-009; EP-GIT-012; EP-CONTRIB-005","CASE_ORACLE_SPECIFIED_NOT_IMPLEMENTED_NOT_RUN; implementation=SPECIFIED_NOT_IMPLEMENTED; run=NOT_RUN","FROZEN_E1_PRIMARY; E1_GATE_PASSED; EP-EVAL-0.2 typed trace; project-derived Level A property; external audit non-authoritative"
"FR-030","FR","03_product/ENGINEERING_PREVIEW_PRD.md §6.4 row FR-030","HARD_CONSTRAINT","DURABILITY_REQUIREMENT","AR-DUR-001","","","Acknowledged authoritative durability: Crash immediately after acknowledgement recovers exactly one valid mutation with no acknowledged-record loss.","DIRECT_ARCHITECTURE_CONSTRAINT","YES_NONCOMPENSATING","D04_DURABLE_STATE_PERSISTENCE; D05_CANONICAL_TASK_CONVERSATION_EVIDENCE_MODEL; D06_EVENT_OPERATION_HISTORY","Candidate design trace for AR-DUR-001; deterministic seam/readback under EP-CTL-001; EP-CTL-011; EP-CTL-014; EP-CTL-017; EP-APR-006; EP-NEG-RACE-01; EP-NEG-AUDIT-01; future obligation E3V-001.","E3V-001","NO_EXTRA_FUTURE_FEATURE; PRESERVE_EXPLICIT_IDENTITY_VERSION_SCOPE_AND_REPLACEABLE_BOUNDARIES","Frozen E1 semantic obligation. The property is hard; its implementation mechanism remains an E2 candidate decision and unresolved compliance cannot be scored as pass.","EP-CTL-001; EP-CTL-011; EP-CTL-014; EP-CTL-017; EP-APR-006; EP-NEG-RACE-01; EP-NEG-AUDIT-01","CASE_ORACLE_SPECIFIED_NOT_IMPLEMENTED_NOT_RUN; implementation=SPECIFIED_NOT_IMPLEMENTED; run=NOT_RUN","FROZEN_E1_PRIMARY; E1_GATE_PASSED; EP-EVAL-0.2 typed trace; project-derived Level A property; external audit non-authoritative"
"FR-031","FR","03_product/ENGINEERING_PREVIEW_PRD.md §6.4 row FR-031","HARD_CONSTRAINT","DURABILITY_REQUIREMENT","AR-DUR-002","AR-VER-003; AR-FAIL-001","","Restart recovery and reconciliation ownership: Recovery records interruption class, recovered authority, owner transition, reconciliation work, and final truthful state.","DIRECT_ARCHITECTURE_CONSTRAINT","YES_NONCOMPENSATING","D03_TASK_WORKFLOW_ORCHESTRATION; D04_DURABLE_STATE_PERSISTENCE; D06_EVENT_OPERATION_HISTORY; D13_MODEL_PROVIDER_GATEWAY; D16_VERIFICATION_ARCHITECTURE; D18_OBSERVABILITY_LOGGING; D19_ERROR_FAILURE_MODEL","Candidate design trace for AR-DUR-002; deterministic seam/readback under EP-CTL-014; EP-CTL-015; EP-CTL-016; EP-CTL-017; EP-CTL-018; EP-CTL-021; EP-CTL-022; EP-FALSE-004; EP-NEG-RACE-01; future obligation E3V-001; E3V-004; E3V-005.","E3V-001; E3V-004; E3V-005","NO_EXTRA_FUTURE_FEATURE; PRESERVE_EXPLICIT_IDENTITY_VERSION_SCOPE_AND_REPLACEABLE_BOUNDARIES","Frozen E1 semantic obligation. The property is hard; its implementation mechanism remains an E2 candidate decision and unresolved compliance cannot be scored as pass.","EP-CTL-014; EP-CTL-015; EP-CTL-016; EP-CTL-017; EP-CTL-018; EP-CTL-021; EP-CTL-022; EP-FALSE-004; EP-NEG-RACE-01","CASE_ORACLE_SPECIFIED_NOT_IMPLEMENTED_NOT_RUN; implementation=SPECIFIED_NOT_IMPLEMENTED; run=NOT_RUN","FROZEN_E1_PRIMARY; E1_GATE_PASSED; EP-EVAL-0.2 typed trace; project-derived Level A property; external audit non-authoritative"
"FR-032","FR","03_product/ENGINEERING_PREVIEW_PRD.md §6.4 row FR-032","HARD_CONSTRAINT","DURABILITY_REQUIREMENT","AR-DUR-003","AR-APR-002","","Idempotent operation accounting and uncertain effects: Crash-around-effect produces one confirmed effect, known no-start, known failure, or explicit uncertainty, with no blind retry.","DIRECT_ARCHITECTURE_CONSTRAINT","YES_NONCOMPENSATING","D06_EVENT_OPERATION_HISTORY; D08_EXECUTION_PROCESS_CONTROL; D11_APPROVAL_PERMISSION_SYSTEM; D12_EXTERNAL_EFFECT_RECONCILIATION; D17_EVIDENCE_ARTIFACT_SYSTEM; D19_ERROR_FAILURE_MODEL","Candidate design trace for AR-DUR-003; deterministic seam/readback under EP-CTL-003; EP-CTL-006; EP-CTL-018; EP-CTL-019; EP-CTL-023; EP-FALSE-015; EP-NEG-RACE-01; EP-NEG-EXT-01; future obligation E3V-001.","E3V-001","NO_EXTRA_FUTURE_FEATURE; PRESERVE_EXPLICIT_IDENTITY_VERSION_SCOPE_AND_REPLACEABLE_BOUNDARIES","Frozen E1 semantic obligation. The property is hard; its implementation mechanism remains an E2 candidate decision and unresolved compliance cannot be scored as pass.","EP-CTL-003; EP-CTL-006; EP-CTL-018; EP-CTL-019; EP-CTL-023; EP-FALSE-015; EP-NEG-RACE-01; EP-NEG-EXT-01","CASE_ORACLE_SPECIFIED_NOT_IMPLEMENTED_NOT_RUN; implementation=SPECIFIED_NOT_IMPLEMENTED; run=NOT_RUN","FROZEN_E1_PRIMARY; E1_GATE_PASSED; EP-EVAL-0.2 typed trace; project-derived Level A property; external audit non-authoritative"
"FR-033","FR","03_product/ENGINEERING_PREVIEW_PRD.md §6.4 row FR-033","HARD_CONSTRAINT","DURABILITY_REQUIREMENT","AR-DUR-004","AR-EXE-003","","Durable ordered control and bounded interruption: Control races have one recorded winner; descendants terminate or lose authority; unresolved effects are explicit; stop closes CANCELLED, never COMPLETED.","DIRECT_ARCHITECTURE_CONSTRAINT","YES_NONCOMPENSATING","D03_TASK_WORKFLOW_ORCHESTRATION; D08_EXECUTION_PROCESS_CONTROL; D09_ISOLATION_SANDBOXING; D12_EXTERNAL_EFFECT_RECONCILIATION; D18_OBSERVABILITY_LOGGING; D20_SECURITY_BOUNDARIES","Candidate design trace for AR-DUR-004; deterministic seam/readback under EP-CTL-001; EP-CTL-002; EP-CTL-003; EP-CTL-004; EP-CTL-005; EP-CTL-006; EP-CTL-007; EP-CTL-008; EP-CTL-011; EP-CTL-012; EP-CTL-013; EP-FALSE-011; EP-FALSE-019; EP-NEG-TERM-01; EP-NEG-RACE-01; EP-NEG-DOS-01; future obligation E3V-002.","E3V-002","NO_EXTRA_FUTURE_FEATURE; PRESERVE_EXPLICIT_IDENTITY_VERSION_SCOPE_AND_REPLACEABLE_BOUNDARIES","Frozen E1 semantic obligation. The property is hard; its implementation mechanism remains an E2 candidate decision and unresolved compliance cannot be scored as pass.","EP-CTL-001; EP-CTL-002; EP-CTL-003; EP-CTL-004; EP-CTL-005; EP-CTL-006; EP-CTL-007; EP-CTL-008; EP-CTL-011; EP-CTL-012; EP-CTL-013; EP-FALSE-011; EP-FALSE-019; EP-NEG-TERM-01; EP-NEG-RACE-01; EP-NEG-DOS-01","CASE_ORACLE_SPECIFIED_NOT_IMPLEMENTED_NOT_RUN; implementation=SPECIFIED_NOT_IMPLEMENTED; run=NOT_RUN","FROZEN_E1_PRIMARY; E1_GATE_PASSED; EP-EVAL-0.2 typed trace; project-derived Level A property; external audit non-authoritative"
"FR-034","FR","03_product/ENGINEERING_PREVIEW_PRD.md §6.4 row FR-034","HARD_CONSTRAINT","FAILURE_OPERABILITY_REQUIREMENT","AR-FAIL-001","AR-PERF-001","","Structured semantic failure model: Same visible symptom from different layers retains different typed causes and permitted next actions; unknown stays unknown.","DIRECT_ARCHITECTURE_CONSTRAINT","YES_NONCOMPENSATING","D03_TASK_WORKFLOW_ORCHESTRATION; D08_EXECUTION_PROCESS_CONTROL; D13_MODEL_PROVIDER_GATEWAY; D18_OBSERVABILITY_LOGGING; D19_ERROR_FAILURE_MODEL; D20_SECURITY_BOUNDARIES","Candidate design trace for AR-FAIL-001; deterministic seam/readback under EP-WF-017; EP-CTL-021; EP-CTL-023; EP-NEG-RACE-01; EP-NEG-DOS-01; future obligation E3V-001; E3V-004; E3V-007.","E3V-001; E3V-004; E3V-007","NO_EXTRA_FUTURE_FEATURE; PRESERVE_EXPLICIT_IDENTITY_VERSION_SCOPE_AND_REPLACEABLE_BOUNDARIES","Frozen E1 semantic obligation. The property is hard; its implementation mechanism remains an E2 candidate decision and unresolved compliance cannot be scored as pass.","EP-WF-017; EP-CTL-021; EP-CTL-023; EP-NEG-RACE-01; EP-NEG-DOS-01","CASE_ORACLE_SPECIFIED_NOT_IMPLEMENTED_NOT_RUN; implementation=SPECIFIED_NOT_IMPLEMENTED; run=NOT_RUN","FROZEN_E1_PRIMARY; E1_GATE_PASSED; EP-EVAL-0.2 typed trace; project-derived Level A property; external audit non-authoritative"
"FR-035","FR","03_product/ENGINEERING_PREVIEW_PRD.md §6.4 row FR-035","HARD_CONSTRAINT","DURABILITY_REQUIREMENT","AR-DUR-005","AR-FAIL-001","","Corruption, partial-write, and evolution safety: Fault injection yields a valid old/new state or an explicit recoverable/blocked/failed state with the original bytes/evidence retained.","DIRECT_ARCHITECTURE_CONSTRAINT","YES_NONCOMPENSATING","D03_TASK_WORKFLOW_ORCHESTRATION; D04_DURABLE_STATE_PERSISTENCE; D06_EVENT_OPERATION_HISTORY; D07_FILESYSTEM_WORKSPACE_ABSTRACTION; D13_MODEL_PROVIDER_GATEWAY; D18_OBSERVABILITY_LOGGING; D19_ERROR_FAILURE_MODEL","Candidate design trace for AR-DUR-005; deterministic seam/readback under EP-CTL-024; future obligation E3V-001; E3V-004.","E3V-001; E3V-004","NO_EXTRA_FUTURE_FEATURE; PRESERVE_EXPLICIT_IDENTITY_VERSION_SCOPE_AND_REPLACEABLE_BOUNDARIES","Frozen E1 semantic obligation. The property is hard; its implementation mechanism remains an E2 candidate decision and unresolved compliance cannot be scored as pass.","EP-CTL-024","CASE_ORACLE_SPECIFIED_NOT_IMPLEMENTED_NOT_RUN; implementation=SPECIFIED_NOT_IMPLEMENTED; run=NOT_RUN","FROZEN_E1_PRIMARY; E1_GATE_PASSED; EP-EVAL-0.2 typed trace; project-derived Level A property; external audit non-authoritative"
"FR-036","FR","03_product/ENGINEERING_PREVIEW_PRD.md §6.4 row FR-036","HARD_CONSTRAINT","CONTEXT_MEMORY_REQUIREMENT","AR-CTX-001","AR-CTX-002; AR-DAT-001","","Durable conversation continuity outside model context: A resumed invocation reconstructs a bounded context manifest from durable records and identifies omitted material without losing task truth.","DIRECT_ARCHITECTURE_CONSTRAINT","YES_NONCOMPENSATING","D01_CLIENT_INTERACTION_BOUNDARY; D05_CANONICAL_TASK_CONVERSATION_EVIDENCE_MODEL; D06_EVENT_OPERATION_HISTORY; D15_CONTEXT_MEMORY_COMPACTION; D18_OBSERVABILITY_LOGGING; D20_SECURITY_BOUNDARIES","Candidate design trace for AR-CTX-001; deterministic seam/readback under EP-CTL-020; EP-NEG-CTX-01; future obligation E3V-005.","E3V-005","NO_EXTRA_FUTURE_FEATURE; PRESERVE_EXPLICIT_IDENTITY_VERSION_SCOPE_AND_REPLACEABLE_BOUNDARIES","Frozen E1 semantic obligation. The property is hard; its implementation mechanism remains an E2 candidate decision and unresolved compliance cannot be scored as pass.","EP-CTL-020; EP-NEG-CTX-01","CASE_ORACLE_SPECIFIED_NOT_IMPLEMENTED_NOT_RUN; implementation=SPECIFIED_NOT_IMPLEMENTED; run=NOT_RUN","FROZEN_E1_PRIMARY; E1_GATE_PASSED; EP-EVAL-0.2 typed trace; project-derived Level A property; external audit non-authoritative"
"FR-037","FR","03_product/ENGINEERING_PREVIEW_PRD.md §6.4 row FR-037","HARD_CONSTRAINT","SECURITY_BOUNDARY","AR-SEC-002","AR-PERF-001; AR-FAIL-002; AR-COR-002; AR-APR-003","","Deny-by-default scoped capabilities: Wrong task/target/owner/version/endpoint/child/replay uses fail before dispatch and are auditable.","DIRECT_ARCHITECTURE_CONSTRAINT","YES_NONCOMPENSATING","D03_TASK_WORKFLOW_ORCHESTRATION; D05_CANONICAL_TASK_CONVERSATION_EVIDENCE_MODEL; D06_EVENT_OPERATION_HISTORY; D08_EXECUTION_PROCESS_CONTROL; D10_GIT_INTEGRATION; D11_APPROVAL_PERMISSION_SYSTEM; D13_MODEL_PROVIDER_GATEWAY; D14_ROUTING_CAPABILITY_DISCOVERY; D19_ERROR_FAILURE_MODEL; D20_SECURITY_BOUNDARIES; D24_EXTENSION_SKILL_CONNECTOR_BOUNDARY","Candidate design trace for AR-SEC-002; AR-PERF-001; AR-FAIL-002; AR-COR-002; AR-APR-003; deterministic seam/readback under EP-WF-002; EP-WF-017; EP-NEG-AUTH-01; EP-NEG-DOS-01; EP-CONTRIB-002; future focused obligation E3V-006; E3V-007.","E3V-006; E3V-007","NO_EXTRA_FUTURE_FEATURE; PRESERVE_EXPLICIT_IDENTITY_VERSION_SCOPE_AND_REPLACEABLE_BOUNDARIES","Frozen E1 semantic obligation. The property is hard; its implementation mechanism remains an E2 candidate decision and unresolved compliance cannot be scored as pass.","EP-WF-002; EP-WF-017; EP-NEG-AUTH-01; EP-NEG-DOS-01; EP-CONTRIB-002","CASE_ORACLE_SPECIFIED_NOT_IMPLEMENTED_NOT_RUN; implementation=SPECIFIED_NOT_IMPLEMENTED; run=NOT_RUN","FROZEN_E1_PRIMARY; E1_GATE_PASSED; EP-EVAL-0.2 typed trace; project-derived Level A property; external audit non-authoritative"
"FR-040","FR","03_product/ENGINEERING_PREVIEW_PRD.md §6.5 row FR-040","HARD_CONSTRAINT","EXECUTION_INTERFACE_REQUIREMENT","AR-EXE-001","AR-FUT-003; AR-EXE-003; AR-PERF-001","AR-PRF-002","Versioned capability contracts and boundary validation: Invalid requests dispatch zero effects; invalid effectful results are not consumed and enter readback/reconciliation.","DIRECT_ARCHITECTURE_CONSTRAINT","YES_NONCOMPENSATING","D02_CORE_APPLICATION_RUNTIME; D03_TASK_WORKFLOW_ORCHESTRATION; D04_DURABLE_STATE_PERSISTENCE; D08_EXECUTION_PROCESS_CONTROL; D09_ISOLATION_SANDBOXING; D11_APPROVAL_PERMISSION_SYSTEM; D12_EXTERNAL_EFFECT_RECONCILIATION; D13_MODEL_PROVIDER_GATEWAY; D14_ROUTING_CAPABILITY_DISCOVERY; D19_ERROR_FAILURE_MODEL; D20_SECURITY_BOUNDARIES; D21_LOCAL_FIRST_PACKAGING; D24_EXTENSION_SKILL_CONNECTOR_BOUNDARY; D25_E1_SUITE_TESTABILITY","Candidate design trace for AR-EXE-001; AR-FUT-003; AR-EXE-003; AR-PERF-001; AR-PRF-002; deterministic seam/readback under EP-WF-011; EP-CTL-002; EP-CTL-005; EP-CTL-022; EP-NEG-SCHEMA-01; EP-NEG-TERM-01; EP-NEG-SUPPLY-01; EP-NEG-DOS-01; future focused obligation E3V-002; E3V-004; E3V-006; E3V-007.","E3V-002; E3V-004; E3V-006; E3V-007","DIRECT_VERSIONED_OWNERSHIP_OR_REPLACEABILITY_SEAM","Frozen E1 semantic obligation. The property is hard; its implementation mechanism remains an E2 candidate decision and unresolved compliance cannot be scored as pass.","EP-WF-011; EP-CTL-002; EP-CTL-005; EP-CTL-022; EP-NEG-SCHEMA-01; EP-NEG-TERM-01; EP-NEG-SUPPLY-01; EP-NEG-DOS-01","CASE_ORACLE_SPECIFIED_NOT_IMPLEMENTED_NOT_RUN; implementation=SPECIFIED_NOT_IMPLEMENTED; run=NOT_RUN","FROZEN_E1_PRIMARY; E1_GATE_PASSED; EP-EVAL-0.2 typed trace; project-derived Level A property; external audit non-authoritative"
"FR-041","FR","03_product/ENGINEERING_PREVIEW_PRD.md §6.5 row FR-041","HARD_CONSTRAINT","EXECUTION_INTERFACE_REQUIREMENT","AR-EXE-001","AR-TST-001","","Versioned capability contracts and boundary validation: Invalid requests dispatch zero effects; invalid effectful results are not consumed and enter readback/reconciliation.","DIRECT_ARCHITECTURE_CONSTRAINT","YES_NONCOMPENSATING","D02_CORE_APPLICATION_RUNTIME; D08_EXECUTION_PROCESS_CONTROL; D11_APPROVAL_PERMISSION_SYSTEM; D14_ROUTING_CAPABILITY_DISCOVERY; D16_VERIFICATION_ARCHITECTURE; D20_SECURITY_BOUNDARIES; D25_E1_SUITE_TESTABILITY","Candidate design trace for AR-EXE-001; deterministic seam/readback under EP-EVID-006; EP-NEG-SCHEMA-01; EP-NEG-CMD-01; EP-NEG-EVID-01; EP-NEG-DOS-01; future obligation E3V-001; E3V-002; E3V-003; E3V-004; E3V-005; E3V-006.","E3V-001; E3V-002; E3V-003; E3V-004; E3V-005; E3V-006","NO_EXTRA_FUTURE_FEATURE; PRESERVE_EXPLICIT_IDENTITY_VERSION_SCOPE_AND_REPLACEABLE_BOUNDARIES","Frozen E1 semantic obligation. The property is hard; its implementation mechanism remains an E2 candidate decision and unresolved compliance cannot be scored as pass.","EP-EVID-006; EP-NEG-SCHEMA-01; EP-NEG-CMD-01; EP-NEG-EVID-01; EP-NEG-DOS-01","CASE_ORACLE_SPECIFIED_NOT_IMPLEMENTED_NOT_RUN; implementation=SPECIFIED_NOT_IMPLEMENTED; run=NOT_RUN","FROZEN_E1_PRIMARY; E1_GATE_PASSED; EP-EVAL-0.2 typed trace; project-derived Level A property; external audit non-authoritative"
"FR-042","FR","03_product/ENGINEERING_PREVIEW_PRD.md §6.5 row FR-042","HARD_CONSTRAINT","SECURITY_BOUNDARY","AR-SEC-002","","","Deny-by-default scoped capabilities: Wrong task/target/owner/version/endpoint/child/replay uses fail before dispatch and are auditable.","DIRECT_ARCHITECTURE_CONSTRAINT","YES_NONCOMPENSATING","D11_APPROVAL_PERMISSION_SYSTEM; D14_ROUTING_CAPABILITY_DISCOVERY; D20_SECURITY_BOUNDARIES; D24_EXTENSION_SKILL_CONNECTOR_BOUNDARY","Candidate design trace for AR-SEC-002; deterministic seam/readback under EP-APR-001; EP-APR-003; EP-APR-004; EP-APR-008; EP-NEG-CMD-01; EP-NEG-CRED-01; EP-NEG-APR-01; EP-NEG-FUTURE-01; EP-GIT-008; EP-GIT-021; EP-GIT-023; future obligation E3V-006.","E3V-006","NO_EXTRA_FUTURE_FEATURE; PRESERVE_EXPLICIT_IDENTITY_VERSION_SCOPE_AND_REPLACEABLE_BOUNDARIES","Frozen E1 semantic obligation. The property is hard; its implementation mechanism remains an E2 candidate decision and unresolved compliance cannot be scored as pass.","EP-APR-001; EP-APR-003; EP-APR-004; EP-APR-008; EP-NEG-CMD-01; EP-NEG-CRED-01; EP-NEG-APR-01; EP-NEG-FUTURE-01; EP-GIT-008; EP-GIT-021; EP-GIT-023","CASE_ORACLE_SPECIFIED_NOT_IMPLEMENTED_NOT_RUN; implementation=SPECIFIED_NOT_IMPLEMENTED; run=NOT_RUN","FROZEN_E1_PRIMARY; E1_GATE_PASSED; EP-EVAL-0.2 typed trace; project-derived Level A property; external audit non-authoritative"
"FR-043","FR","03_product/ENGINEERING_PREVIEW_PRD.md §6.5 row FR-043","HARD_CONSTRAINT","APPROVAL_EFFECT_REQUIREMENT","AR-APR-001","","","Durable exact-scope approval object: Only one exact current inspectable use can be consumed; stale/revoked/mutated/replayed/recovered ambiguity is denied or reconciled.","DIRECT_ARCHITECTURE_CONSTRAINT","YES_NONCOMPENSATING","D03_TASK_WORKFLOW_ORCHESTRATION; D06_EVENT_OPERATION_HISTORY; D11_APPROVAL_PERMISSION_SYSTEM; D20_SECURITY_BOUNDARIES","Candidate design trace for AR-APR-001; deterministic seam/readback under EP-FALSE-009; EP-APR-001; EP-APR-002; EP-APR-008; EP-APR-009; EP-NEG-APR-01; EP-GIT-021; EP-GIT-023; future obligation E3V-006.","E3V-006","NO_EXTRA_FUTURE_FEATURE; PRESERVE_EXPLICIT_IDENTITY_VERSION_SCOPE_AND_REPLACEABLE_BOUNDARIES","Frozen E1 semantic obligation. The property is hard; its implementation mechanism remains an E2 candidate decision and unresolved compliance cannot be scored as pass.","EP-FALSE-009; EP-APR-001; EP-APR-002; EP-APR-008; EP-APR-009; EP-NEG-APR-01; EP-GIT-021; EP-GIT-023","CASE_ORACLE_SPECIFIED_NOT_IMPLEMENTED_NOT_RUN; implementation=SPECIFIED_NOT_IMPLEMENTED; run=NOT_RUN","FROZEN_E1_PRIMARY; E1_GATE_PASSED; EP-EVAL-0.2 typed trace; project-derived Level A property; external audit non-authoritative"
"FR-044","FR","03_product/ENGINEERING_PREVIEW_PRD.md §6.5 row FR-044","HARD_CONSTRAINT","APPROVAL_EFFECT_REQUIREMENT","AR-APR-001","AR-DAT-002","","Durable exact-scope approval object: Only one exact current inspectable use can be consumed; stale/revoked/mutated/replayed/recovered ambiguity is denied or reconciled.","DIRECT_ARCHITECTURE_CONSTRAINT","YES_NONCOMPENSATING","D03_TASK_WORKFLOW_ORCHESTRATION; D05_CANONICAL_TASK_CONVERSATION_EVIDENCE_MODEL; D06_EVENT_OPERATION_HISTORY; D11_APPROVAL_PERMISSION_SYSTEM; D17_EVIDENCE_ARTIFACT_SYSTEM; D20_SECURITY_BOUNDARIES","Candidate design trace for AR-APR-001; deterministic seam/readback under EP-CTL-015; EP-FALSE-009; EP-APR-001; EP-APR-003; EP-APR-004; EP-APR-005; EP-APR-006; EP-APR-007; EP-APR-008; EP-APR-009; EP-NEG-CRED-01; EP-NEG-APR-01; EP-NEG-RACE-01; EP-NEG-AUDIT-01; EP-GIT-021; EP-GIT-023; future obligation E3V-005; E3V-006.","E3V-005; E3V-006","NO_EXTRA_FUTURE_FEATURE; PRESERVE_EXPLICIT_IDENTITY_VERSION_SCOPE_AND_REPLACEABLE_BOUNDARIES","Frozen E1 semantic obligation. The property is hard; its implementation mechanism remains an E2 candidate decision and unresolved compliance cannot be scored as pass.","EP-CTL-015; EP-FALSE-009; EP-APR-001; EP-APR-003; EP-APR-004; EP-APR-005; EP-APR-006; EP-APR-007; EP-APR-008; EP-APR-009; EP-NEG-CRED-01; EP-NEG-APR-01; EP-NEG-RACE-01; EP-NEG-AUDIT-01; EP-GIT-021; EP-GIT-023","CASE_ORACLE_SPECIFIED_NOT_IMPLEMENTED_NOT_RUN; implementation=SPECIFIED_NOT_IMPLEMENTED; run=NOT_RUN","FROZEN_E1_PRIMARY; E1_GATE_PASSED; EP-EVAL-0.2 typed trace; project-derived Level A property; external audit non-authoritative"
"FR-045","FR","03_product/ENGINEERING_PREVIEW_PRD.md §6.5 row FR-045","HARD_CONSTRAINT","SECURITY_BOUNDARY","AR-SEC-004","AR-EXE-004","","Explicit network, destination, and credential boundary: Disallowed or unauthorized destinations/routes transmit zero bytes/incur zero calls; effective targets are rechecked after redirection.","DIRECT_ARCHITECTURE_CONSTRAINT","YES_NONCOMPENSATING","D08_EXECUTION_PROCESS_CONTROL; D10_GIT_INTEGRATION; D13_MODEL_PROVIDER_GATEWAY; D14_ROUTING_CAPABILITY_DISCOVERY; D20_SECURITY_BOUNDARIES","Candidate design trace for AR-SEC-004; deterministic seam/readback under EP-NEG-SUPPLY-01; EP-NEG-SUPPLY-02; EP-NEG-NET-01; EP-GIT-009; EP-GIT-010; EP-GIT-011; EP-GIT-012; EP-GIT-021; EP-GIT-023; future obligation E3V-006.","E3V-006","NO_EXTRA_FUTURE_FEATURE; PRESERVE_EXPLICIT_IDENTITY_VERSION_SCOPE_AND_REPLACEABLE_BOUNDARIES","Frozen E1 semantic obligation. The property is hard; its implementation mechanism remains an E2 candidate decision and unresolved compliance cannot be scored as pass.","EP-NEG-SUPPLY-01; EP-NEG-SUPPLY-02; EP-NEG-NET-01; EP-GIT-009; EP-GIT-010; EP-GIT-011; EP-GIT-012; EP-GIT-021; EP-GIT-023","CASE_ORACLE_SPECIFIED_NOT_IMPLEMENTED_NOT_RUN; implementation=SPECIFIED_NOT_IMPLEMENTED; run=NOT_RUN","FROZEN_E1_PRIMARY; E1_GATE_PASSED; EP-EVAL-0.2 typed trace; project-derived Level A property; external audit non-authoritative"
"FR-046","FR","03_product/ENGINEERING_PREVIEW_PRD.md §6.5 row FR-046","HARD_CONSTRAINT","SECURITY_BOUNDARY","AR-SEC-003","AR-SEC-006","","Protected-secret recipient boundary: Synthetic marker scans across all twelve observable surface classes find zero unauthorized occurrence; ambiguous locations fail closed without value inspection.","DIRECT_ARCHITECTURE_CONSTRAINT","YES_NONCOMPENSATING","D01_CLIENT_INTERACTION_BOUNDARY; D08_EXECUTION_PROCESS_CONTROL; D09_ISOLATION_SANDBOXING; D11_APPROVAL_PERMISSION_SYSTEM; D13_MODEL_PROVIDER_GATEWAY; D20_SECURITY_BOUNDARIES","Candidate design trace for AR-SEC-003; AR-SEC-006; deterministic seam/readback under EP-EVID-005; EP-NEG-SECRET-01; EP-CONTRIB-007; future focused obligation E3V-006.","E3V-006","NO_EXTRA_FUTURE_FEATURE; PRESERVE_EXPLICIT_IDENTITY_VERSION_SCOPE_AND_REPLACEABLE_BOUNDARIES","Frozen E1 semantic obligation. The property is hard; its implementation mechanism remains an E2 candidate decision and unresolved compliance cannot be scored as pass.","EP-EVID-005; EP-NEG-SECRET-01; EP-CONTRIB-007","CASE_ORACLE_SPECIFIED_NOT_IMPLEMENTED_NOT_RUN; implementation=SPECIFIED_NOT_IMPLEMENTED; run=NOT_RUN","FROZEN_E1_PRIMARY; E1_GATE_PASSED; EP-EVAL-0.2 typed trace; project-derived Level A property; external audit non-authoritative"
"FR-047","FR","03_product/ENGINEERING_PREVIEW_PRD.md §6.5 row FR-047","HARD_CONSTRAINT","SECURITY_BOUNDARY","AR-SEC-003","AR-SEC-002; AR-SEC-006","","Protected-secret recipient boundary: Synthetic marker scans across all twelve observable surface classes find zero unauthorized occurrence; ambiguous locations fail closed without value inspection.","DIRECT_ARCHITECTURE_CONSTRAINT","YES_NONCOMPENSATING","D01_CLIENT_INTERACTION_BOUNDARY; D08_EXECUTION_PROCESS_CONTROL; D09_ISOLATION_SANDBOXING; D11_APPROVAL_PERMISSION_SYSTEM; D13_MODEL_PROVIDER_GATEWAY; D14_ROUTING_CAPABILITY_DISCOVERY; D20_SECURITY_BOUNDARIES; D24_EXTENSION_SKILL_CONNECTOR_BOUNDARY","Candidate design trace for AR-SEC-003; AR-SEC-002; AR-SEC-006; deterministic seam/readback under EP-APR-007; EP-NEG-CRED-01; EP-CONTRIB-007; future focused obligation E3V-006.","E3V-006","NO_EXTRA_FUTURE_FEATURE; PRESERVE_EXPLICIT_IDENTITY_VERSION_SCOPE_AND_REPLACEABLE_BOUNDARIES","Frozen E1 semantic obligation. The property is hard; its implementation mechanism remains an E2 candidate decision and unresolved compliance cannot be scored as pass.","EP-APR-007; EP-NEG-CRED-01; EP-CONTRIB-007","CASE_ORACLE_SPECIFIED_NOT_IMPLEMENTED_NOT_RUN; implementation=SPECIFIED_NOT_IMPLEMENTED; run=NOT_RUN","FROZEN_E1_PRIMARY; E1_GATE_PASSED; EP-EVAL-0.2 typed trace; project-derived Level A property; external audit non-authoritative"
"FR-048","FR","03_product/ENGINEERING_PREVIEW_PRD.md §6.5 row FR-048","HARD_CONSTRAINT","DURABILITY_REQUIREMENT","AR-DUR-006","AR-WSP-005","AR-PRF-003","Retention, hold, cleanup, and deletion accountability: Cleanup affects only proven task-owned targets, retains required evidence, records logical versus physical deletion claims, and reconciles leftovers.","DIRECT_ARCHITECTURE_CONSTRAINT","YES_NONCOMPENSATING","D04_DURABLE_STATE_PERSISTENCE; D07_FILESYSTEM_WORKSPACE_ABSTRACTION; D09_ISOLATION_SANDBOXING; D13_MODEL_PROVIDER_GATEWAY; D17_EVIDENCE_ARTIFACT_SYSTEM; D20_SECURITY_BOUNDARIES; D21_LOCAL_FIRST_PACKAGING; D22_FUTURE_REMOTE_EXECUTION; D23_FUTURE_CONCURRENCY_MULTI_AGENT","Candidate design trace for AR-DUR-006; AR-WSP-005; AR-PRF-003; deterministic seam/readback under EP-WF-018; EP-EVID-011; EP-NEG-FS-01; EP-NEG-DESTRUCT-01; EP-NEG-SECRET-01; EP-NEG-CLEAN-01; EP-GIT-018; EP-CONTRIB-007; future focused obligation E3V-001; E3V-003; E3V-004.","E3V-001; E3V-003; E3V-004","NO_EXTRA_FUTURE_FEATURE; PRESERVE_EXPLICIT_IDENTITY_VERSION_SCOPE_AND_REPLACEABLE_BOUNDARIES","Frozen E1 semantic obligation. The property is hard; its implementation mechanism remains an E2 candidate decision and unresolved compliance cannot be scored as pass.","EP-WF-018; EP-EVID-011; EP-NEG-FS-01; EP-NEG-DESTRUCT-01; EP-NEG-SECRET-01; EP-NEG-CLEAN-01; EP-GIT-018; EP-CONTRIB-007","CASE_ORACLE_SPECIFIED_NOT_IMPLEMENTED_NOT_RUN; implementation=SPECIFIED_NOT_IMPLEMENTED; run=NOT_RUN","FROZEN_E1_PRIMARY; E1_GATE_PASSED; EP-EVAL-0.2 typed trace; project-derived Level A property; external audit non-authoritative"
"FR-050","FR","03_product/ENGINEERING_PREVIEW_PRD.md §6.6 row FR-050","HARD_CONSTRAINT","MODEL_PROVIDER_INTERFACE_REQUIREMENT","AR-MOD-001","AR-FUT-001; AR-FUT-003","","Provider- and logical-role-neutral product semantics: Different provider shapes preserve the same core invariants while retaining provider-specific distinctions and provenance.","DIRECT_ARCHITECTURE_CONSTRAINT","YES_NONCOMPENSATING","D02_CORE_APPLICATION_RUNTIME; D04_DURABLE_STATE_PERSISTENCE; D13_MODEL_PROVIDER_GATEWAY; D14_ROUTING_CAPABILITY_DISCOVERY; D16_VERIFICATION_ARCHITECTURE; D22_FUTURE_REMOTE_EXECUTION; D24_EXTENSION_SKILL_CONNECTOR_BOUNDARY; D25_E1_SUITE_TESTABILITY","Candidate design trace for AR-MOD-001; deterministic seam/readback under EP-ROUTE-001; EP-NEG-PROVIDER-01; future obligation E3V-001; E3V-004; E3V-006; E3V-008.","E3V-001; E3V-004; E3V-006; E3V-008","DIRECT_VERSIONED_OWNERSHIP_OR_REPLACEABILITY_SEAM","Frozen E1 semantic obligation. The property is hard; its implementation mechanism remains an E2 candidate decision and unresolved compliance cannot be scored as pass.","EP-ROUTE-001; EP-NEG-PROVIDER-01","CASE_ORACLE_SPECIFIED_NOT_IMPLEMENTED_NOT_RUN; implementation=SPECIFIED_NOT_IMPLEMENTED; run=NOT_RUN","FROZEN_E1_PRIMARY; E1_GATE_PASSED; EP-EVAL-0.2 typed trace; project-derived Level A property; external audit non-authoritative"
"FR-051","FR","03_product/ENGINEERING_PREVIEW_PRD.md §6.6 row FR-051","HARD_CONSTRAINT","MODEL_PROVIDER_INTERFACE_REQUIREMENT","AR-MOD-002","AR-OBS-001","","Purpose, eligibility, capability discovery, and zero-dispatch denial: Requested/resolved route, purpose, eligibility, authority, denial/outcome, and zero-dispatch proof are retained for every model operation.","DIRECT_ARCHITECTURE_CONSTRAINT","YES_NONCOMPENSATING","D01_CLIENT_INTERACTION_BOUNDARY; D13_MODEL_PROVIDER_GATEWAY; D14_ROUTING_CAPABILITY_DISCOVERY; D18_OBSERVABILITY_LOGGING; D19_ERROR_FAILURE_MODEL; D20_SECURITY_BOUNDARIES","Candidate design trace for AR-MOD-002; deterministic seam/readback under EP-ROUTE-001; EP-ROUTE-002; EP-ROUTE-007; EP-EVID-009; EP-NEG-PROVIDER-01; future obligation E3V-004; E3V-007; E3V-008.","E3V-004; E3V-007; E3V-008","NO_EXTRA_FUTURE_FEATURE; PRESERVE_EXPLICIT_IDENTITY_VERSION_SCOPE_AND_REPLACEABLE_BOUNDARIES","Frozen E1 semantic obligation. The property is hard; its implementation mechanism remains an E2 candidate decision and unresolved compliance cannot be scored as pass.","EP-ROUTE-001; EP-ROUTE-002; EP-ROUTE-007; EP-EVID-009; EP-NEG-PROVIDER-01","CASE_ORACLE_SPECIFIED_NOT_IMPLEMENTED_NOT_RUN; implementation=SPECIFIED_NOT_IMPLEMENTED; run=NOT_RUN","FROZEN_E1_PRIMARY; E1_GATE_PASSED; EP-EVAL-0.2 typed trace; project-derived Level A property; external audit non-authoritative"
"FR-052","FR","03_product/ENGINEERING_PREVIEW_PRD.md §6.6 row FR-052","HARD_CONSTRAINT","MODEL_PROVIDER_INTERFACE_REQUIREMENT","AR-MOD-003","AR-FAIL-001","","Explicit fallback and provider-specific semantics: Provider/model versus transport/policy/capability failures remain distinguishable; fallback parent and resolved route are explicit.","DIRECT_ARCHITECTURE_CONSTRAINT","YES_NONCOMPENSATING","D03_TASK_WORKFLOW_ORCHESTRATION; D13_MODEL_PROVIDER_GATEWAY; D14_ROUTING_CAPABILITY_DISCOVERY; D18_OBSERVABILITY_LOGGING; D19_ERROR_FAILURE_MODEL","Candidate design trace for AR-MOD-003; deterministic seam/readback under EP-ROUTE-001; EP-ROUTE-007; EP-NEG-PROVIDER-01; future obligation E3V-001; E3V-004; E3V-008.","E3V-001; E3V-004; E3V-008","NO_EXTRA_FUTURE_FEATURE; PRESERVE_EXPLICIT_IDENTITY_VERSION_SCOPE_AND_REPLACEABLE_BOUNDARIES","Frozen E1 semantic obligation. The property is hard; its implementation mechanism remains an E2 candidate decision and unresolved compliance cannot be scored as pass.","EP-ROUTE-001; EP-ROUTE-007; EP-NEG-PROVIDER-01","CASE_ORACLE_SPECIFIED_NOT_IMPLEMENTED_NOT_RUN; implementation=SPECIFIED_NOT_IMPLEMENTED; run=NOT_RUN","FROZEN_E1_PRIMARY; E1_GATE_PASSED; EP-EVAL-0.2 typed trace; project-derived Level A property; external audit non-authoritative"
"FR-053","FR","03_product/ENGINEERING_PREVIEW_PRD.md §6.6 row FR-053","HARD_CONSTRAINT","MODEL_PROVIDER_INTERFACE_REQUIREMENT","AR-MOD-002","","","Purpose, eligibility, capability discovery, and zero-dispatch denial: Requested/resolved route, purpose, eligibility, authority, denial/outcome, and zero-dispatch proof are retained for every model operation.","DIRECT_ARCHITECTURE_CONSTRAINT","YES_NONCOMPENSATING","D13_MODEL_PROVIDER_GATEWAY; D14_ROUTING_CAPABILITY_DISCOVERY; D20_SECURITY_BOUNDARIES","Candidate design trace for AR-MOD-002; deterministic seam/readback under EP-ROUTE-002; EP-ROUTE-003; EP-ROUTE-004; EP-ROUTE-005; EP-NEG-PROVIDER-01; future obligation E3V-004; E3V-008.","E3V-004; E3V-008","NO_EXTRA_FUTURE_FEATURE; PRESERVE_EXPLICIT_IDENTITY_VERSION_SCOPE_AND_REPLACEABLE_BOUNDARIES","Frozen E1 semantic obligation. The property is hard; its implementation mechanism remains an E2 candidate decision and unresolved compliance cannot be scored as pass.","EP-ROUTE-002; EP-ROUTE-003; EP-ROUTE-004; EP-ROUTE-005; EP-NEG-PROVIDER-01","CASE_ORACLE_SPECIFIED_NOT_IMPLEMENTED_NOT_RUN; implementation=SPECIFIED_NOT_IMPLEMENTED; run=NOT_RUN","FROZEN_E1_PRIMARY; E1_GATE_PASSED; EP-EVAL-0.2 typed trace; project-derived Level A property; external audit non-authoritative"
"FR-054","FR","03_product/ENGINEERING_PREVIEW_PRD.md §6.6 row FR-054","HARD_CONSTRAINT","MODEL_PROVIDER_INTERFACE_REQUIREMENT","AR-MOD-003","","","Explicit fallback and provider-specific semantics: Provider/model versus transport/policy/capability failures remain distinguishable; fallback parent and resolved route are explicit.","DIRECT_ARCHITECTURE_CONSTRAINT","YES_NONCOMPENSATING","D13_MODEL_PROVIDER_GATEWAY; D14_ROUTING_CAPABILITY_DISCOVERY; D18_OBSERVABILITY_LOGGING; D19_ERROR_FAILURE_MODEL","Candidate design trace for AR-MOD-003; deterministic seam/readback under EP-CTL-021; EP-ROUTE-006; EP-ROUTE-007; EP-NEG-PROVIDER-01; future obligation E3V-004; E3V-008.","E3V-004; E3V-008","NO_EXTRA_FUTURE_FEATURE; PRESERVE_EXPLICIT_IDENTITY_VERSION_SCOPE_AND_REPLACEABLE_BOUNDARIES","Frozen E1 semantic obligation. The property is hard; its implementation mechanism remains an E2 candidate decision and unresolved compliance cannot be scored as pass.","EP-CTL-021; EP-ROUTE-006; EP-ROUTE-007; EP-NEG-PROVIDER-01","CASE_ORACLE_SPECIFIED_NOT_IMPLEMENTED_NOT_RUN; implementation=SPECIFIED_NOT_IMPLEMENTED; run=NOT_RUN","FROZEN_E1_PRIMARY; E1_GATE_PASSED; EP-EVAL-0.2 typed trace; project-derived Level A property; external audit non-authoritative"
"FR-055","FR","03_product/ENGINEERING_PREVIEW_PRD.md §6.6 row FR-055","HARD_CONSTRAINT","MODEL_PROVIDER_INTERFACE_REQUIREMENT","AR-MOD-001","AR-FUT-003","","Provider- and logical-role-neutral product semantics: Different provider shapes preserve the same core invariants while retaining provider-specific distinctions and provenance.","DIRECT_ARCHITECTURE_CONSTRAINT","YES_NONCOMPENSATING","D02_CORE_APPLICATION_RUNTIME; D13_MODEL_PROVIDER_GATEWAY; D14_ROUTING_CAPABILITY_DISCOVERY; D16_VERIFICATION_ARCHITECTURE; D24_EXTENSION_SKILL_CONNECTOR_BOUNDARY; D25_E1_SUITE_TESTABILITY","Candidate design trace for AR-MOD-001; deterministic seam/readback under EP-CONTRIB-008; future obligation E3V-004; E3V-006; E3V-008.","E3V-004; E3V-006; E3V-008","DIRECT_VERSIONED_OWNERSHIP_OR_REPLACEABILITY_SEAM","Frozen E1 semantic obligation. The property is hard; its implementation mechanism remains an E2 candidate decision and unresolved compliance cannot be scored as pass.","EP-CONTRIB-008","CASE_ORACLE_SPECIFIED_NOT_IMPLEMENTED_NOT_RUN; implementation=SPECIFIED_NOT_IMPLEMENTED; run=NOT_RUN","FROZEN_E1_PRIMARY; E1_GATE_PASSED; EP-EVAL-0.2 typed trace; project-derived Level A property; external audit non-authoritative"
"FR-060","FR","03_product/ENGINEERING_PREVIEW_PRD.md §6.7 row FR-060","HARD_CONSTRAINT","OBSERVABILITY_REQUIREMENT","AR-OBS-001","AR-COR-003; AR-CTX-001","","Structured operational observability: Disconnect/reconnect yields an equivalent axis-qualified view with causal references and visible unknowns/limitations.","DIRECT_ARCHITECTURE_CONSTRAINT","YES_NONCOMPENSATING","D01_CLIENT_INTERACTION_BOUNDARY; D03_TASK_WORKFLOW_ORCHESTRATION; D05_CANONICAL_TASK_CONVERSATION_EVIDENCE_MODEL; D15_CONTEXT_MEMORY_COMPACTION; D18_OBSERVABILITY_LOGGING; D19_ERROR_FAILURE_MODEL","Candidate design trace for AR-OBS-001; AR-COR-003; AR-CTX-001; deterministic seam/readback under EP-WF-014; EP-CTL-016; EP-EVID-001; EP-EVID-008; EP-NEG-CTX-01; future focused obligation E3V-005; E3V-007.","E3V-005; E3V-007","NO_EXTRA_FUTURE_FEATURE; PRESERVE_EXPLICIT_IDENTITY_VERSION_SCOPE_AND_REPLACEABLE_BOUNDARIES","Frozen E1 semantic obligation. The property is hard; its implementation mechanism remains an E2 candidate decision and unresolved compliance cannot be scored as pass.","EP-WF-014; EP-CTL-016; EP-EVID-001; EP-EVID-008; EP-NEG-CTX-01","CASE_ORACLE_SPECIFIED_NOT_IMPLEMENTED_NOT_RUN; implementation=SPECIFIED_NOT_IMPLEMENTED; run=NOT_RUN","FROZEN_E1_PRIMARY; E1_GATE_PASSED; EP-EVAL-0.2 typed trace; project-derived Level A property; external audit non-authoritative"
"FR-061","FR","03_product/ENGINEERING_PREVIEW_PRD.md §6.7 row FR-061","HARD_CONSTRAINT","OBSERVABILITY_REQUIREMENT","AR-OBS-002","","","Evidence-linked explanations without private reasoning: A reviewer can trace each material disposition to durable evidence and unknowns while no hidden reasoning is required.","DIRECT_ARCHITECTURE_CONSTRAINT","YES_NONCOMPENSATING","D01_CLIENT_INTERACTION_BOUNDARY; D17_EVIDENCE_ARTIFACT_SYSTEM; D18_OBSERVABILITY_LOGGING","Candidate design trace for AR-OBS-002; deterministic seam/readback under EP-WF-014; future obligation E3V-005.","E3V-005","NO_EXTRA_FUTURE_FEATURE; PRESERVE_EXPLICIT_IDENTITY_VERSION_SCOPE_AND_REPLACEABLE_BOUNDARIES","Frozen E1 semantic obligation. The property is hard; its implementation mechanism remains an E2 candidate decision and unresolved compliance cannot be scored as pass.","EP-WF-014","CASE_ORACLE_SPECIFIED_NOT_IMPLEMENTED_NOT_RUN; implementation=SPECIFIED_NOT_IMPLEMENTED; run=NOT_RUN","FROZEN_E1_PRIMARY; E1_GATE_PASSED; EP-EVAL-0.2 typed trace; project-derived Level A property; external audit non-authoritative"
"FR-062","FR","03_product/ENGINEERING_PREVIEW_PRD.md §6.7 row FR-062","HARD_CONSTRAINT","EVIDENCE_REQUIREMENT","AR-EVD-003","AR-OBS-002; AR-DAT-001; AR-DAT-002","AR-PRF-002","Evidence integrity distinct from telemetry: Telemetry/evidence disagreements retain both facts and authoritative validation controls the outcome.","DIRECT_ARCHITECTURE_CONSTRAINT","YES_NONCOMPENSATING","D01_CLIENT_INTERACTION_BOUNDARY; D02_CORE_APPLICATION_RUNTIME; D04_DURABLE_STATE_PERSISTENCE; D05_CANONICAL_TASK_CONVERSATION_EVIDENCE_MODEL; D06_EVENT_OPERATION_HISTORY; D15_CONTEXT_MEMORY_COMPACTION; D17_EVIDENCE_ARTIFACT_SYSTEM; D18_OBSERVABILITY_LOGGING; D19_ERROR_FAILURE_MODEL; D20_SECURITY_BOUNDARIES; D21_LOCAL_FIRST_PACKAGING","Candidate design trace for AR-EVD-003; AR-OBS-002; AR-DAT-001; AR-DAT-002; AR-PRF-002; deterministic seam/readback under EP-EVID-004; EP-NEG-CTX-01; EP-NEG-EVID-01; EP-NEG-AUDIT-01; future focused obligation E3V-005.","E3V-005","NO_EXTRA_FUTURE_FEATURE; PRESERVE_EXPLICIT_IDENTITY_VERSION_SCOPE_AND_REPLACEABLE_BOUNDARIES","Frozen E1 semantic obligation. The property is hard; its implementation mechanism remains an E2 candidate decision and unresolved compliance cannot be scored as pass.","EP-EVID-004; EP-NEG-CTX-01; EP-NEG-EVID-01; EP-NEG-AUDIT-01","CASE_ORACLE_SPECIFIED_NOT_IMPLEMENTED_NOT_RUN; implementation=SPECIFIED_NOT_IMPLEMENTED; run=NOT_RUN","FROZEN_E1_PRIMARY; E1_GATE_PASSED; EP-EVAL-0.2 typed trace; project-derived Level A property; external audit non-authoritative"
"FR-063","FR","03_product/ENGINEERING_PREVIEW_PRD.md §6.7 row FR-063","HARD_CONSTRAINT","EVIDENCE_REQUIREMENT","AR-EVD-002","","AR-PRF-005","Stable artifact identity, provenance, references, and redaction: Missing, mutated, stale, wrong-task, forged, or unsafe artifacts are rejected while bounded references retain necessary output.","DIRECT_ARCHITECTURE_CONSTRAINT","YES_NONCOMPENSATING","D04_DURABLE_STATE_PERSISTENCE; D06_EVENT_OPERATION_HISTORY; D17_EVIDENCE_ARTIFACT_SYSTEM; D18_OBSERVABILITY_LOGGING; D20_SECURITY_BOUNDARIES; D21_LOCAL_FIRST_PACKAGING","Candidate design trace for AR-EVD-002; deterministic seam/readback under EP-FALSE-007; EP-EVID-003; EP-EVID-010; EP-NEG-VER-02; EP-NEG-EVID-01; future obligation E3V-005; E3V-007.","E3V-005; E3V-007","NO_EXTRA_FUTURE_FEATURE; PRESERVE_EXPLICIT_IDENTITY_VERSION_SCOPE_AND_REPLACEABLE_BOUNDARIES","Frozen E1 semantic obligation. The property is hard; its implementation mechanism remains an E2 candidate decision and unresolved compliance cannot be scored as pass.","EP-FALSE-007; EP-EVID-003; EP-EVID-010; EP-NEG-VER-02; EP-NEG-EVID-01","CASE_ORACLE_SPECIFIED_NOT_IMPLEMENTED_NOT_RUN; implementation=SPECIFIED_NOT_IMPLEMENTED; run=NOT_RUN","FROZEN_E1_PRIMARY; E1_GATE_PASSED; EP-EVAL-0.2 typed trace; project-derived Level A property; external audit non-authoritative"
"FR-064","FR","03_product/ENGINEERING_PREVIEW_PRD.md §6.7 row FR-064","HARD_CONSTRAINT","EVIDENCE_REQUIREMENT","AR-EVD-001","AR-OBS-001","AR-PRF-005","Versioned outcome-profile evidence bundle: Required fields/references are present or explicitly NOT_APPLICABLE under policy; missing/mismatched semantics fail validation and completion.","DIRECT_ARCHITECTURE_CONSTRAINT","YES_NONCOMPENSATING","D01_CLIENT_INTERACTION_BOUNDARY; D04_DURABLE_STATE_PERSISTENCE; D05_CANONICAL_TASK_CONVERSATION_EVIDENCE_MODEL; D17_EVIDENCE_ARTIFACT_SYSTEM; D18_OBSERVABILITY_LOGGING; D19_ERROR_FAILURE_MODEL; D25_E1_SUITE_TESTABILITY","Candidate design trace for AR-EVD-001; deterministic seam/readback under EP-WF-015; EP-FALSE-004; EP-FALSE-005; EP-FALSE-013; EP-FALSE-016; EP-EVID-001; EP-EVID-002; EP-EVID-003; EP-EVID-005; EP-EVID-006; EP-EVID-007; EP-EVID-008; EP-EVID-009; EP-EVID-011; EP-EVID-012; EP-NEG-VER-01; EP-NEG-VER-02; EP-NEG-CTX-01; EP-NEG-EVID-01; EP-NEG-AUDIT-01; EP-CONTRIB-004; EP-CONTRIB-006; future obligation E3V-005; E3V-007.","E3V-005; E3V-007","NO_EXTRA_FUTURE_FEATURE; PRESERVE_EXPLICIT_IDENTITY_VERSION_SCOPE_AND_REPLACEABLE_BOUNDARIES","Frozen E1 semantic obligation. The property is hard; its implementation mechanism remains an E2 candidate decision and unresolved compliance cannot be scored as pass.","EP-WF-015; EP-FALSE-004; EP-FALSE-005; EP-FALSE-013; EP-FALSE-016; EP-EVID-001; EP-EVID-002; EP-EVID-003; EP-EVID-005; EP-EVID-006; EP-EVID-007; EP-EVID-008; EP-EVID-009; EP-EVID-011; EP-EVID-012; EP-NEG-VER-01; EP-NEG-VER-02; EP-NEG-CTX-01; EP-NEG-EVID-01; EP-NEG-AUDIT-01; EP-CONTRIB-004; EP-CONTRIB-006","CASE_ORACLE_SPECIFIED_NOT_IMPLEMENTED_NOT_RUN; implementation=SPECIFIED_NOT_IMPLEMENTED; run=NOT_RUN","FROZEN_E1_PRIMARY; E1_GATE_PASSED; EP-EVAL-0.2 typed trace; project-derived Level A property; external audit non-authoritative"
"FR-065","FR","03_product/ENGINEERING_PREVIEW_PRD.md §6.7 row FR-065","HARD_CONSTRAINT","DIRECT_ARCHITECTURE_CONSTRAINT","AR-COR-004","AR-COR-005; AR-COR-006; AR-VER-001; AR-VER-002","","Non-compensating completion gate: A false conjunct deterministically prevents authoritative COMPLETED; rejected claims and escaped false-terminal completion remain distinct records.","DIRECT_ARCHITECTURE_CONSTRAINT","YES_NONCOMPENSATING","D02_CORE_APPLICATION_RUNTIME; D03_TASK_WORKFLOW_ORCHESTRATION; D05_CANONICAL_TASK_CONVERSATION_EVIDENCE_MODEL; D06_EVENT_OPERATION_HISTORY; D10_GIT_INTEGRATION; D16_VERIFICATION_ARCHITECTURE; D17_EVIDENCE_ARTIFACT_SYSTEM; D20_SECURITY_BOUNDARIES; D25_E1_SUITE_TESTABILITY","Candidate design trace for AR-COR-004; deterministic seam/readback under EP-CTL-010; EP-FALSE-001; EP-FALSE-002; EP-FALSE-003; EP-FALSE-004; EP-FALSE-005; EP-FALSE-006; EP-FALSE-007; EP-FALSE-009; EP-FALSE-010; EP-FALSE-014; EP-FALSE-016; EP-FALSE-017; EP-FALSE-018; EP-FALSE-019; EP-EVID-003; EP-EVID-012; EP-NEG-VER-01; EP-NEG-VER-02; EP-NEG-EVID-01; EP-CONTRIB-006; EP-CONTRIB-008; future obligation E3V-005.","E3V-005","NO_EXTRA_FUTURE_FEATURE; PRESERVE_EXPLICIT_IDENTITY_VERSION_SCOPE_AND_REPLACEABLE_BOUNDARIES","Frozen E1 semantic obligation. The property is hard; its implementation mechanism remains an E2 candidate decision and unresolved compliance cannot be scored as pass.","EP-CTL-010; EP-FALSE-001; EP-FALSE-002; EP-FALSE-003; EP-FALSE-004; EP-FALSE-005; EP-FALSE-006; EP-FALSE-007; EP-FALSE-009; EP-FALSE-010; EP-FALSE-014; EP-FALSE-016; EP-FALSE-017; EP-FALSE-018; EP-FALSE-019; EP-EVID-003; EP-EVID-012; EP-NEG-VER-01; EP-NEG-VER-02; EP-NEG-EVID-01; EP-CONTRIB-006; EP-CONTRIB-008","CASE_ORACLE_SPECIFIED_NOT_IMPLEMENTED_NOT_RUN; implementation=SPECIFIED_NOT_IMPLEMENTED; run=NOT_RUN","FROZEN_E1_PRIMARY; E1_GATE_PASSED; EP-EVAL-0.2 typed trace; project-derived Level A property; external audit non-authoritative"
"FR-066","FR","03_product/ENGINEERING_PREVIEW_PRD.md §6.7 row FR-066","HARD_CONSTRAINT","DIRECT_ARCHITECTURE_CONSTRAINT","AR-COR-004","","","Non-compensating completion gate: A false conjunct deterministically prevents authoritative COMPLETED; rejected claims and escaped false-terminal completion remain distinct records.","DIRECT_ARCHITECTURE_CONSTRAINT","YES_NONCOMPENSATING","D03_TASK_WORKFLOW_ORCHESTRATION; D16_VERIFICATION_ARCHITECTURE; D17_EVIDENCE_ARTIFACT_SYSTEM; D25_E1_SUITE_TESTABILITY","Candidate design trace for AR-COR-004; deterministic seam/readback under EP-FALSE-020; EP-FALSE-021; EP-NEG-VER-01; EP-NEG-VER-02; EP-NEG-EVID-01; future obligation E3V-005.","E3V-005","NO_EXTRA_FUTURE_FEATURE; PRESERVE_EXPLICIT_IDENTITY_VERSION_SCOPE_AND_REPLACEABLE_BOUNDARIES","Frozen E1 semantic obligation. The property is hard; its implementation mechanism remains an E2 candidate decision and unresolved compliance cannot be scored as pass.","EP-FALSE-020; EP-FALSE-021; EP-NEG-VER-01; EP-NEG-VER-02; EP-NEG-EVID-01","CASE_ORACLE_SPECIFIED_NOT_IMPLEMENTED_NOT_RUN; implementation=SPECIFIED_NOT_IMPLEMENTED; run=NOT_RUN","FROZEN_E1_PRIMARY; E1_GATE_PASSED; EP-EVAL-0.2 typed trace; project-derived Level A property; external audit non-authoritative"
"FR-067","FR","03_product/ENGINEERING_PREVIEW_PRD.md §6.7 row FR-067","HARD_CONSTRAINT","DIRECT_ARCHITECTURE_CONSTRAINT","AR-COR-005","AR-VER-003","","Predicate adequacy and truthful noncompletion: A coverage map identifies each obligation, oracle, evidence, gap, and consequence; partial, blocked, failed, cancelled, and unverified outcomes stay distinct.","DIRECT_ARCHITECTURE_CONSTRAINT","YES_NONCOMPENSATING","D03_TASK_WORKFLOW_ORCHESTRATION; D06_EVENT_OPERATION_HISTORY; D16_VERIFICATION_ARCHITECTURE; D17_EVIDENCE_ARTIFACT_SYSTEM; D19_ERROR_FAILURE_MODEL; D25_E1_SUITE_TESTABILITY","Candidate design trace for AR-COR-005; deterministic seam/readback under EP-WF-005; EP-WF-015; EP-FALSE-011; EP-FALSE-012; EP-FALSE-019; EP-EVID-007; future obligation E3V-005.","E3V-005","NO_EXTRA_FUTURE_FEATURE; PRESERVE_EXPLICIT_IDENTITY_VERSION_SCOPE_AND_REPLACEABLE_BOUNDARIES","Frozen E1 semantic obligation. The property is hard; its implementation mechanism remains an E2 candidate decision and unresolved compliance cannot be scored as pass.","EP-WF-005; EP-WF-015; EP-FALSE-011; EP-FALSE-012; EP-FALSE-019; EP-EVID-007","CASE_ORACLE_SPECIFIED_NOT_IMPLEMENTED_NOT_RUN; implementation=SPECIFIED_NOT_IMPLEMENTED; run=NOT_RUN","FROZEN_E1_PRIMARY; E1_GATE_PASSED; EP-EVAL-0.2 typed trace; project-derived Level A property; external audit non-authoritative"
"FR-068","FR","03_product/ENGINEERING_PREVIEW_PRD.md §6.7 row FR-068","HARD_CONSTRAINT","APPROVAL_EFFECT_REQUIREMENT","AR-APR-002","","","External-effect intent, attempt, observation, confirmation, and uncertainty: Every consequential effect ends with authoritative confirmation, known terminal non-success, or explicit uncertainty that blocks completion and blind retry.","DIRECT_ARCHITECTURE_CONSTRAINT","YES_NONCOMPENSATING","D06_EVENT_OPERATION_HISTORY; D11_APPROVAL_PERMISSION_SYSTEM; D12_EXTERNAL_EFFECT_RECONCILIATION; D17_EVIDENCE_ARTIFACT_SYSTEM","Candidate design trace for AR-APR-002; deterministic seam/readback under EP-WF-016; EP-CTL-019; EP-FALSE-008; EP-FALSE-015; EP-NEG-EXT-01; EP-GIT-021; EP-GIT-023; future obligation E3V-001.","E3V-001","NO_EXTRA_FUTURE_FEATURE; PRESERVE_EXPLICIT_IDENTITY_VERSION_SCOPE_AND_REPLACEABLE_BOUNDARIES","Frozen E1 semantic obligation. The property is hard; its implementation mechanism remains an E2 candidate decision and unresolved compliance cannot be scored as pass.","EP-WF-016; EP-CTL-019; EP-FALSE-008; EP-FALSE-015; EP-NEG-EXT-01; EP-GIT-021; EP-GIT-023","CASE_ORACLE_SPECIFIED_NOT_IMPLEMENTED_NOT_RUN; implementation=SPECIFIED_NOT_IMPLEMENTED; run=NOT_RUN","FROZEN_E1_PRIMARY; E1_GATE_PASSED; EP-EVAL-0.2 typed trace; project-derived Level A property; external audit non-authoritative"
"FR-069","FR","03_product/ENGINEERING_PREVIEW_PRD.md §6.7 row FR-069","HARD_CONSTRAINT","GIT_EFFECT_INTERFACE_REQUIREMENT","AR-GIT-002","AR-EVD-002; AR-PKG-001","AR-PRF-006","Git state binding and local review-package truth: Review package carries exact base/head or patch identity, changed-file inventory, checks, limitations, evidence, verification, approval/effect status, and fresh readback.","DIRECT_ARCHITECTURE_CONSTRAINT","YES_NONCOMPENSATING","D01_CLIENT_INTERACTION_BOUNDARY; D02_CORE_APPLICATION_RUNTIME; D06_EVENT_OPERATION_HISTORY; D10_GIT_INTEGRATION; D12_EXTERNAL_EFFECT_RECONCILIATION; D17_EVIDENCE_ARTIFACT_SYSTEM; D20_SECURITY_BOUNDARIES; D21_LOCAL_FIRST_PACKAGING; D22_FUTURE_REMOTE_EXECUTION; D24_EXTENSION_SKILL_CONNECTOR_BOUNDARY","Candidate design trace for AR-GIT-002; deterministic seam/readback under EP-WF-013; EP-GIT-007; EP-GIT-023; EP-GIT-024; EP-CONTRIB-004; future obligation E3V-003; E3V-005.","E3V-003; E3V-005","DIRECT_VERSIONED_OWNERSHIP_OR_REPLACEABILITY_SEAM","Frozen E1 semantic obligation. The property is hard; its implementation mechanism remains an E2 candidate decision and unresolved compliance cannot be scored as pass.","EP-WF-013; EP-GIT-007; EP-GIT-023; EP-GIT-024; EP-CONTRIB-004","CASE_ORACLE_SPECIFIED_NOT_IMPLEMENTED_NOT_RUN; implementation=SPECIFIED_NOT_IMPLEMENTED; run=NOT_RUN","FROZEN_E1_PRIMARY; E1_GATE_PASSED; EP-EVAL-0.2 typed trace; project-derived Level A property; external audit non-authoritative"
"RR-001","RR","03_product/ENGINEERING_PREVIEW_CORRECTNESS_CONTRACT.md §14.1 row RR-001; mirrored in PRD §7","HARD_CONSTRAINT","DURABILITY_REQUIREMENT","AR-DUR-001","","","Acknowledged authoritative durability: Crash immediately after acknowledgement recovers exactly one valid mutation with no acknowledged-record loss.","DIRECT_HARD_ARCHITECTURE_INVARIANT","YES_NONCOMPENSATING","D04_DURABLE_STATE_PERSISTENCE; D05_CANONICAL_TASK_CONVERSATION_EVIDENCE_MODEL; D06_EVENT_OPERATION_HISTORY","Candidate design trace for AR-DUR-001; deterministic seam/readback under EP-CTL-014; EP-CTL-017; EP-NEG-RACE-01; EP-NEG-AUDIT-01; future obligation E3V-001.","E3V-001","NO_EXTRA_FUTURE_FEATURE; PRESERVE_EXPLICIT_IDENTITY_VERSION_SCOPE_AND_REPLACEABLE_BOUNDARIES","Frozen E1 semantic obligation. The property is hard; its implementation mechanism remains an E2 candidate decision and unresolved compliance cannot be scored as pass.","EP-CTL-014; EP-CTL-017; EP-NEG-RACE-01; EP-NEG-AUDIT-01","CASE_ORACLE_SPECIFIED_NOT_IMPLEMENTED_NOT_RUN; implementation=SPECIFIED_NOT_IMPLEMENTED; run=NOT_RUN","FROZEN_E1_PRIMARY; E1_GATE_PASSED; EP-EVAL-0.2 typed trace; project-derived Level A property; external audit non-authoritative"
"RR-002","RR","03_product/ENGINEERING_PREVIEW_CORRECTNESS_CONTRACT.md §14.1 row RR-002; mirrored in PRD §7","HARD_CONSTRAINT","DURABILITY_REQUIREMENT","AR-DUR-002","","","Restart recovery and reconciliation ownership: Recovery records interruption class, recovered authority, owner transition, reconciliation work, and final truthful state.","DIRECT_HARD_ARCHITECTURE_INVARIANT","YES_NONCOMPENSATING","D03_TASK_WORKFLOW_ORCHESTRATION; D04_DURABLE_STATE_PERSISTENCE; D06_EVENT_OPERATION_HISTORY; D19_ERROR_FAILURE_MODEL","Candidate design trace for AR-DUR-002; deterministic seam/readback under EP-CTL-014; EP-CTL-016; EP-CTL-017; EP-NEG-RACE-01; future obligation E3V-001.","E3V-001","NO_EXTRA_FUTURE_FEATURE; PRESERVE_EXPLICIT_IDENTITY_VERSION_SCOPE_AND_REPLACEABLE_BOUNDARIES","Frozen E1 semantic obligation. The property is hard; its implementation mechanism remains an E2 candidate decision and unresolved compliance cannot be scored as pass.","EP-CTL-014; EP-CTL-016; EP-CTL-017; EP-NEG-RACE-01","CASE_ORACLE_SPECIFIED_NOT_IMPLEMENTED_NOT_RUN; implementation=SPECIFIED_NOT_IMPLEMENTED; run=NOT_RUN","FROZEN_E1_PRIMARY; E1_GATE_PASSED; EP-EVAL-0.2 typed trace; project-derived Level A property; external audit non-authoritative"
"RR-003","RR","03_product/ENGINEERING_PREVIEW_CORRECTNESS_CONTRACT.md §14.1 row RR-003; mirrored in PRD §7","HARD_CONSTRAINT","DURABILITY_REQUIREMENT","AR-DUR-003","AR-APR-002","","Idempotent operation accounting and uncertain effects: Crash-around-effect produces one confirmed effect, known no-start, known failure, or explicit uncertainty, with no blind retry.","DIRECT_HARD_ARCHITECTURE_INVARIANT","YES_NONCOMPENSATING","D06_EVENT_OPERATION_HISTORY; D08_EXECUTION_PROCESS_CONTROL; D11_APPROVAL_PERMISSION_SYSTEM; D12_EXTERNAL_EFFECT_RECONCILIATION; D17_EVIDENCE_ARTIFACT_SYSTEM; D19_ERROR_FAILURE_MODEL","Candidate design trace for AR-DUR-003; deterministic seam/readback under EP-CTL-006; EP-CTL-018; EP-CTL-019; EP-CTL-023; EP-FALSE-008; EP-FALSE-015; EP-APR-001; EP-APR-005; EP-NEG-APR-01; EP-NEG-RACE-01; EP-NEG-EXT-01; EP-NEG-FUTURE-01; future obligation E3V-001.","E3V-001","NO_EXTRA_FUTURE_FEATURE; PRESERVE_EXPLICIT_IDENTITY_VERSION_SCOPE_AND_REPLACEABLE_BOUNDARIES","Frozen E1 semantic obligation. The property is hard; its implementation mechanism remains an E2 candidate decision and unresolved compliance cannot be scored as pass.","EP-CTL-006; EP-CTL-018; EP-CTL-019; EP-CTL-023; EP-FALSE-008; EP-FALSE-015; EP-APR-001; EP-APR-005; EP-NEG-APR-01; EP-NEG-RACE-01; EP-NEG-EXT-01; EP-NEG-FUTURE-01","CASE_ORACLE_SPECIFIED_NOT_IMPLEMENTED_NOT_RUN; implementation=SPECIFIED_NOT_IMPLEMENTED; run=NOT_RUN","FROZEN_E1_PRIMARY; E1_GATE_PASSED; EP-EVAL-0.2 typed trace; project-derived Level A property; external audit non-authoritative"
"RR-004","RR","03_product/ENGINEERING_PREVIEW_CORRECTNESS_CONTRACT.md §14.1 row RR-004; mirrored in PRD §7","HARD_CONSTRAINT","DIRECT_ARCHITECTURE_CONSTRAINT","AR-COR-007","AR-CTX-002","","Single accountable ownership and stale-writer rejection: A two-owner or restart race admits one legal persisted outcome and exposes rejected stale activity.","DIRECT_HARD_ARCHITECTURE_INVARIANT","YES_NONCOMPENSATING","D03_TASK_WORKFLOW_ORCHESTRATION; D04_DURABLE_STATE_PERSISTENCE; D05_CANONICAL_TASK_CONVERSATION_EVIDENCE_MODEL; D06_EVENT_OPERATION_HISTORY; D15_CONTEXT_MEMORY_COMPACTION; D20_SECURITY_BOUNDARIES; D23_FUTURE_CONCURRENCY_MULTI_AGENT","Candidate design trace for AR-COR-007; deterministic seam/readback under EP-WF-007; EP-CTL-011; EP-CTL-020; EP-FALSE-007; EP-NEG-RACE-01; EP-NEG-VER-02; EP-NEG-CTX-01; EP-NEG-FUTURE-01; future obligation E3V-001; E3V-005.","E3V-001; E3V-005","NO_EXTRA_FUTURE_FEATURE; PRESERVE_EXPLICIT_IDENTITY_VERSION_SCOPE_AND_REPLACEABLE_BOUNDARIES","Frozen E1 semantic obligation. The property is hard; its implementation mechanism remains an E2 candidate decision and unresolved compliance cannot be scored as pass.","EP-WF-007; EP-CTL-011; EP-CTL-020; EP-FALSE-007; EP-NEG-RACE-01; EP-NEG-VER-02; EP-NEG-CTX-01; EP-NEG-FUTURE-01","CASE_ORACLE_SPECIFIED_NOT_IMPLEMENTED_NOT_RUN; implementation=SPECIFIED_NOT_IMPLEMENTED; run=NOT_RUN","FROZEN_E1_PRIMARY; E1_GATE_PASSED; EP-EVAL-0.2 typed trace; project-derived Level A property; external audit non-authoritative"
"RR-005","RR","03_product/ENGINEERING_PREVIEW_CORRECTNESS_CONTRACT.md §14.1 row RR-005; mirrored in PRD §7","HARD_CONSTRAINT","RESOURCE_MEASUREMENT_REQUIREMENT","AR-PERF-001","AR-DUR-004; AR-FAIL-002","","Finite resource, time, output, network, and cost enforcement: Dispatch is denied when required ceilings are missing/exceeded and resource/cost records remain attributed or explicit UNKNOWN.","DIRECT_HARD_ARCHITECTURE_INVARIANT","YES_NONCOMPENSATING","D03_TASK_WORKFLOW_ORCHESTRATION; D08_EXECUTION_PROCESS_CONTROL; D12_EXTERNAL_EFFECT_RECONCILIATION; D13_MODEL_PROVIDER_GATEWAY; D18_OBSERVABILITY_LOGGING; D19_ERROR_FAILURE_MODEL; D20_SECURITY_BOUNDARIES","Candidate design trace for AR-PERF-001; deterministic seam/readback under EP-WF-017; EP-CTL-002; EP-CTL-005; EP-CTL-022; EP-NEG-TERM-01; EP-NEG-RACE-01; EP-NEG-DOS-01; future obligation E3V-002; E3V-007.","E3V-002; E3V-007","NO_EXTRA_FUTURE_FEATURE; PRESERVE_EXPLICIT_IDENTITY_VERSION_SCOPE_AND_REPLACEABLE_BOUNDARIES","Frozen E1 semantic obligation. The property is hard; its implementation mechanism remains an E2 candidate decision and unresolved compliance cannot be scored as pass.","EP-WF-017; EP-CTL-002; EP-CTL-005; EP-CTL-022; EP-NEG-TERM-01; EP-NEG-RACE-01; EP-NEG-DOS-01","CASE_ORACLE_SPECIFIED_NOT_IMPLEMENTED_NOT_RUN; implementation=SPECIFIED_NOT_IMPLEMENTED; run=NOT_RUN","FROZEN_E1_PRIMARY; E1_GATE_PASSED; EP-EVAL-0.2 typed trace; project-derived Level A property; external audit non-authoritative"
"RR-006","RR","03_product/ENGINEERING_PREVIEW_CORRECTNESS_CONTRACT.md §14.1 row RR-006; mirrored in PRD §7","HARD_CONSTRAINT","DURABILITY_REQUIREMENT","AR-DUR-004","AR-EXE-003","","Durable ordered control and bounded interruption: Control races have one recorded winner; descendants terminate or lose authority; unresolved effects are explicit; stop closes CANCELLED, never COMPLETED.","DIRECT_HARD_ARCHITECTURE_INVARIANT","YES_NONCOMPENSATING","D03_TASK_WORKFLOW_ORCHESTRATION; D08_EXECUTION_PROCESS_CONTROL; D09_ISOLATION_SANDBOXING; D12_EXTERNAL_EFFECT_RECONCILIATION; D18_OBSERVABILITY_LOGGING; D20_SECURITY_BOUNDARIES","Candidate design trace for AR-DUR-004; deterministic seam/readback under EP-CTL-001; EP-CTL-002; EP-CTL-003; EP-CTL-004; EP-CTL-005; EP-CTL-006; EP-CTL-012; EP-FALSE-011; EP-FALSE-019; EP-NEG-TERM-01; EP-NEG-RACE-01; future obligation E3V-002.","E3V-002","NO_EXTRA_FUTURE_FEATURE; PRESERVE_EXPLICIT_IDENTITY_VERSION_SCOPE_AND_REPLACEABLE_BOUNDARIES","Frozen E1 semantic obligation. The property is hard; its implementation mechanism remains an E2 candidate decision and unresolved compliance cannot be scored as pass.","EP-CTL-001; EP-CTL-002; EP-CTL-003; EP-CTL-004; EP-CTL-005; EP-CTL-006; EP-CTL-012; EP-FALSE-011; EP-FALSE-019; EP-NEG-TERM-01; EP-NEG-RACE-01","CASE_ORACLE_SPECIFIED_NOT_IMPLEMENTED_NOT_RUN; implementation=SPECIFIED_NOT_IMPLEMENTED; run=NOT_RUN","FROZEN_E1_PRIMARY; E1_GATE_PASSED; EP-EVAL-0.2 typed trace; project-derived Level A property; external audit non-authoritative"
"RR-007","RR","03_product/ENGINEERING_PREVIEW_CORRECTNESS_CONTRACT.md §14.1 row RR-007; mirrored in PRD §7","HARD_CONSTRAINT","WORKSPACE_SECURITY_BOUNDARY","AR-WSP-004","AR-WSP-002","","Original user-state and dirty-material protection: Before/after byte/ref/index inventories show zero unrelated loss or silent mixing and identify all included/excluded/unavailable material.","DIRECT_HARD_ARCHITECTURE_INVARIANT","YES_NONCOMPENSATING","D07_FILESYSTEM_WORKSPACE_ABSTRACTION; D08_EXECUTION_PROCESS_CONTROL; D09_ISOLATION_SANDBOXING; D10_GIT_INTEGRATION; D20_SECURITY_BOUNDARIES","Candidate design trace for AR-WSP-004; deterministic seam/readback under EP-WF-004; EP-WF-009; EP-WF-019; EP-NEG-FS-01; EP-NEG-DESTRUCT-01; EP-NEG-CLEAN-01; EP-REPO-002; EP-REPO-003; EP-REPO-004; EP-REPO-010; EP-REPO-011; EP-REPO-015; EP-CONTRIB-003; future obligation E3V-003.","E3V-003","NO_EXTRA_FUTURE_FEATURE; PRESERVE_EXPLICIT_IDENTITY_VERSION_SCOPE_AND_REPLACEABLE_BOUNDARIES","Frozen E1 semantic obligation. The property is hard; its implementation mechanism remains an E2 candidate decision and unresolved compliance cannot be scored as pass.","EP-WF-004; EP-WF-009; EP-WF-019; EP-NEG-FS-01; EP-NEG-DESTRUCT-01; EP-NEG-CLEAN-01; EP-REPO-002; EP-REPO-003; EP-REPO-004; EP-REPO-010; EP-REPO-011; EP-REPO-015; EP-CONTRIB-003","CASE_ORACLE_SPECIFIED_NOT_IMPLEMENTED_NOT_RUN; implementation=SPECIFIED_NOT_IMPLEMENTED; run=NOT_RUN","FROZEN_E1_PRIMARY; E1_GATE_PASSED; EP-EVAL-0.2 typed trace; project-derived Level A property; external audit non-authoritative"
"RR-008","RR","03_product/ENGINEERING_PREVIEW_CORRECTNESS_CONTRACT.md §14.1 row RR-008; mirrored in PRD §7","HARD_CONSTRAINT","DIRECT_ARCHITECTURE_CONSTRAINT","AR-COR-004","AR-COR-003; AR-TST-002","","Non-compensating completion gate: A false conjunct deterministically prevents authoritative COMPLETED; rejected claims and escaped false-terminal completion remain distinct records.","DIRECT_HARD_ARCHITECTURE_INVARIANT","YES_NONCOMPENSATING","D01_CLIENT_INTERACTION_BOUNDARY; D03_TASK_WORKFLOW_ORCHESTRATION; D05_CANONICAL_TASK_CONVERSATION_EVIDENCE_MODEL; D16_VERIFICATION_ARCHITECTURE; D17_EVIDENCE_ARTIFACT_SYSTEM; D19_ERROR_FAILURE_MODEL; D20_SECURITY_BOUNDARIES; D25_E1_SUITE_TESTABILITY","Candidate design trace for AR-COR-004; AR-COR-003; AR-TST-002; deterministic seam/readback under EP-FALSE-001; EP-FALSE-002; EP-FALSE-003; EP-FALSE-006; EP-FALSE-008; EP-FALSE-009; EP-FALSE-012; EP-FALSE-014; EP-FALSE-015; EP-FALSE-016; EP-FALSE-017; EP-FALSE-018; EP-FALSE-019; EP-FALSE-020; EP-FALSE-021; EP-EVID-012; EP-NEG-EXT-01; EP-NEG-VER-01; EP-NEG-VER-02; EP-NEG-EVID-01; EP-CONTRIB-008; future focused obligation E3V-001; E3V-002; E3V-003; E3V-004; E3V-005; E3V-006; E3V-007.","E3V-001; E3V-002; E3V-003; E3V-004; E3V-005; E3V-006; E3V-007","NO_EXTRA_FUTURE_FEATURE; PRESERVE_EXPLICIT_IDENTITY_VERSION_SCOPE_AND_REPLACEABLE_BOUNDARIES","Frozen E1 semantic obligation. The property is hard; its implementation mechanism remains an E2 candidate decision and unresolved compliance cannot be scored as pass.","EP-FALSE-001; EP-FALSE-002; EP-FALSE-003; EP-FALSE-006; EP-FALSE-008; EP-FALSE-009; EP-FALSE-012; EP-FALSE-014; EP-FALSE-015; EP-FALSE-016; EP-FALSE-017; EP-FALSE-018; EP-FALSE-019; EP-FALSE-020; EP-FALSE-021; EP-EVID-012; EP-NEG-EXT-01; EP-NEG-VER-01; EP-NEG-VER-02; EP-NEG-EVID-01; EP-CONTRIB-008","CASE_ORACLE_SPECIFIED_NOT_IMPLEMENTED_NOT_RUN; implementation=SPECIFIED_NOT_IMPLEMENTED; run=NOT_RUN","FROZEN_E1_PRIMARY; E1_GATE_PASSED; EP-EVAL-0.2 typed trace; project-derived Level A property; external audit non-authoritative"
"RR-009","RR","03_product/ENGINEERING_PREVIEW_CORRECTNESS_CONTRACT.md §14.1 row RR-009; mirrored in PRD §7","HARD_CONSTRAINT","DIRECT_ARCHITECTURE_CONSTRAINT","AR-COR-005","AR-VER-003","","Predicate adequacy and truthful noncompletion: A coverage map identifies each obligation, oracle, evidence, gap, and consequence; partial, blocked, failed, cancelled, and unverified outcomes stay distinct.","DIRECT_HARD_ARCHITECTURE_INVARIANT","YES_NONCOMPENSATING","D03_TASK_WORKFLOW_ORCHESTRATION; D06_EVENT_OPERATION_HISTORY; D16_VERIFICATION_ARCHITECTURE; D17_EVIDENCE_ARTIFACT_SYSTEM; D19_ERROR_FAILURE_MODEL; D25_E1_SUITE_TESTABILITY","Candidate design trace for AR-COR-005; deterministic seam/readback under EP-WF-012; EP-FALSE-001; EP-FALSE-002; EP-FALSE-004; EP-FALSE-005; EP-FALSE-010; EP-EVID-007; EP-EVID-012; EP-NEG-VER-01; EP-NEG-VER-02; EP-NEG-EVID-01; EP-CONTRIB-008; future obligation E3V-005.","E3V-005","NO_EXTRA_FUTURE_FEATURE; PRESERVE_EXPLICIT_IDENTITY_VERSION_SCOPE_AND_REPLACEABLE_BOUNDARIES","Frozen E1 semantic obligation. The property is hard; its implementation mechanism remains an E2 candidate decision and unresolved compliance cannot be scored as pass.","EP-WF-012; EP-FALSE-001; EP-FALSE-002; EP-FALSE-004; EP-FALSE-005; EP-FALSE-010; EP-EVID-007; EP-EVID-012; EP-NEG-VER-01; EP-NEG-VER-02; EP-NEG-EVID-01; EP-CONTRIB-008","CASE_ORACLE_SPECIFIED_NOT_IMPLEMENTED_NOT_RUN; implementation=SPECIFIED_NOT_IMPLEMENTED; run=NOT_RUN","FROZEN_E1_PRIMARY; E1_GATE_PASSED; EP-EVAL-0.2 typed trace; project-derived Level A property; external audit non-authoritative"
"RR-010","RR","03_product/ENGINEERING_PREVIEW_CORRECTNESS_CONTRACT.md §14.1 row RR-010; mirrored in PRD §7","HARD_CONSTRAINT","EVIDENCE_REQUIREMENT","AR-EVD-001","","","Versioned outcome-profile evidence bundle: Required fields/references are present or explicitly NOT_APPLICABLE under policy; missing/mismatched semantics fail validation and completion.","DIRECT_HARD_ARCHITECTURE_INVARIANT","YES_NONCOMPENSATING","D05_CANONICAL_TASK_CONVERSATION_EVIDENCE_MODEL; D17_EVIDENCE_ARTIFACT_SYSTEM; D18_OBSERVABILITY_LOGGING; D25_E1_SUITE_TESTABILITY","Candidate design trace for AR-EVD-001; deterministic seam/readback under EP-FALSE-005; EP-FALSE-013; EP-FALSE-014; EP-EVID-001; EP-EVID-002; EP-EVID-003; EP-EVID-005; EP-EVID-007; EP-EVID-010; EP-EVID-011; EP-EVID-012; EP-NEG-VER-01; EP-NEG-VER-02; EP-NEG-EVID-01; EP-NEG-AUDIT-01; EP-CONTRIB-008; future obligation E3V-005.","E3V-005","NO_EXTRA_FUTURE_FEATURE; PRESERVE_EXPLICIT_IDENTITY_VERSION_SCOPE_AND_REPLACEABLE_BOUNDARIES","Frozen E1 semantic obligation. The property is hard; its implementation mechanism remains an E2 candidate decision and unresolved compliance cannot be scored as pass.","EP-FALSE-005; EP-FALSE-013; EP-FALSE-014; EP-EVID-001; EP-EVID-002; EP-EVID-003; EP-EVID-005; EP-EVID-007; EP-EVID-010; EP-EVID-011; EP-EVID-012; EP-NEG-VER-01; EP-NEG-VER-02; EP-NEG-EVID-01; EP-NEG-AUDIT-01; EP-CONTRIB-008","CASE_ORACLE_SPECIFIED_NOT_IMPLEMENTED_NOT_RUN; implementation=SPECIFIED_NOT_IMPLEMENTED; run=NOT_RUN","FROZEN_E1_PRIMARY; E1_GATE_PASSED; EP-EVAL-0.2 typed trace; project-derived Level A property; external audit non-authoritative"
"RR-011","RR","03_product/ENGINEERING_PREVIEW_CORRECTNESS_CONTRACT.md §14.1 row RR-011; mirrored in PRD §7","HARD_CONSTRAINT","EXECUTION_INTERFACE_REQUIREMENT","AR-EXE-001","AR-MOD-002; AR-MOD-003","","Versioned capability contracts and boundary validation: Invalid requests dispatch zero effects; invalid effectful results are not consumed and enter readback/reconciliation.","DIRECT_HARD_ARCHITECTURE_INVARIANT","YES_NONCOMPENSATING","D02_CORE_APPLICATION_RUNTIME; D08_EXECUTION_PROCESS_CONTROL; D11_APPROVAL_PERMISSION_SYSTEM; D13_MODEL_PROVIDER_GATEWAY; D14_ROUTING_CAPABILITY_DISCOVERY; D18_OBSERVABILITY_LOGGING; D19_ERROR_FAILURE_MODEL; D20_SECURITY_BOUNDARIES","Candidate design trace for AR-EXE-001; deterministic seam/readback under EP-ROUTE-002; EP-ROUTE-003; EP-ROUTE-004; EP-ROUTE-005; EP-EVID-009; EP-NEG-SCHEMA-01; EP-NEG-SUPPLY-02; EP-NEG-PROVIDER-01; EP-NEG-EVID-01; future obligation E3V-004; E3V-006; E3V-008.","E3V-004; E3V-006; E3V-008","NO_EXTRA_FUTURE_FEATURE; PRESERVE_EXPLICIT_IDENTITY_VERSION_SCOPE_AND_REPLACEABLE_BOUNDARIES","Frozen E1 semantic obligation. The property is hard; its implementation mechanism remains an E2 candidate decision and unresolved compliance cannot be scored as pass.","EP-ROUTE-002; EP-ROUTE-003; EP-ROUTE-004; EP-ROUTE-005; EP-EVID-009; EP-NEG-SCHEMA-01; EP-NEG-SUPPLY-02; EP-NEG-PROVIDER-01; EP-NEG-EVID-01","CASE_ORACLE_SPECIFIED_NOT_IMPLEMENTED_NOT_RUN; implementation=SPECIFIED_NOT_IMPLEMENTED; run=NOT_RUN","FROZEN_E1_PRIMARY; E1_GATE_PASSED; EP-EVAL-0.2 typed trace; project-derived Level A property; external audit non-authoritative"
"RR-012","RR","03_product/ENGINEERING_PREVIEW_CORRECTNESS_CONTRACT.md §14.1 row RR-012; mirrored in PRD §7","HARD_CONSTRAINT","DURABILITY_REQUIREMENT","AR-DUR-006","AR-CTX-001","","Retention, hold, cleanup, and deletion accountability: Cleanup affects only proven task-owned targets, retains required evidence, records logical versus physical deletion claims, and reconciles leftovers.","DIRECT_HARD_ARCHITECTURE_INVARIANT","YES_NONCOMPENSATING","D01_CLIENT_INTERACTION_BOUNDARY; D04_DURABLE_STATE_PERSISTENCE; D05_CANONICAL_TASK_CONVERSATION_EVIDENCE_MODEL; D07_FILESYSTEM_WORKSPACE_ABSTRACTION; D15_CONTEXT_MEMORY_COMPACTION; D17_EVIDENCE_ARTIFACT_SYSTEM; D20_SECURITY_BOUNDARIES","Candidate design trace for AR-DUR-006; deterministic seam/readback under EP-WF-018; EP-EVID-004; EP-EVID-011; EP-NEG-CTX-01; EP-NEG-AUDIT-01; EP-NEG-CLEAN-01; future obligation E3V-003; E3V-005.","E3V-003; E3V-005","NO_EXTRA_FUTURE_FEATURE; PRESERVE_EXPLICIT_IDENTITY_VERSION_SCOPE_AND_REPLACEABLE_BOUNDARIES","Frozen E1 semantic obligation. The property is hard; its implementation mechanism remains an E2 candidate decision and unresolved compliance cannot be scored as pass.","EP-WF-018; EP-EVID-004; EP-EVID-011; EP-NEG-CTX-01; EP-NEG-AUDIT-01; EP-NEG-CLEAN-01","CASE_ORACLE_SPECIFIED_NOT_IMPLEMENTED_NOT_RUN; implementation=SPECIFIED_NOT_IMPLEMENTED; run=NOT_RUN","FROZEN_E1_PRIMARY; E1_GATE_PASSED; EP-EVAL-0.2 typed trace; project-derived Level A property; external audit non-authoritative"
"RR-013","RR","03_product/ENGINEERING_PREVIEW_CORRECTNESS_CONTRACT.md §14.1 row RR-013; mirrored in PRD §7","HARD_CONSTRAINT","RESOURCE_MEASUREMENT_REQUIREMENT","AR-PERF-001","AR-SEC-004; AR-FAIL-002","","Finite resource, time, output, network, and cost enforcement: Dispatch is denied when required ceilings are missing/exceeded and resource/cost records remain attributed or explicit UNKNOWN.","DIRECT_HARD_ARCHITECTURE_INVARIANT","YES_NONCOMPENSATING","D03_TASK_WORKFLOW_ORCHESTRATION; D08_EXECUTION_PROCESS_CONTROL; D13_MODEL_PROVIDER_GATEWAY; D14_ROUTING_CAPABILITY_DISCOVERY; D19_ERROR_FAILURE_MODEL; D20_SECURITY_BOUNDARIES","Candidate design trace for AR-PERF-001; AR-SEC-004; AR-FAIL-002; deterministic seam/readback under EP-WF-017; EP-ROUTE-005; EP-NEG-NET-01; EP-NEG-PROVIDER-01; EP-NEG-DOS-01; future focused obligation E3V-006; E3V-007.","E3V-006; E3V-007","NO_EXTRA_FUTURE_FEATURE; PRESERVE_EXPLICIT_IDENTITY_VERSION_SCOPE_AND_REPLACEABLE_BOUNDARIES","Frozen E1 semantic obligation. The property is hard; its implementation mechanism remains an E2 candidate decision and unresolved compliance cannot be scored as pass.","EP-WF-017; EP-ROUTE-005; EP-NEG-NET-01; EP-NEG-PROVIDER-01; EP-NEG-DOS-01","CASE_ORACLE_SPECIFIED_NOT_IMPLEMENTED_NOT_RUN; implementation=SPECIFIED_NOT_IMPLEMENTED; run=NOT_RUN","FROZEN_E1_PRIMARY; E1_GATE_PASSED; EP-EVAL-0.2 typed trace; project-derived Level A property; external audit non-authoritative"
"RR-014","RR","03_product/ENGINEERING_PREVIEW_CORRECTNESS_CONTRACT.md §14.1 row RR-014; mirrored in PRD §7","HARD_CONSTRAINT","STATE_DATA_REQUIREMENT","AR-DAT-002","AR-EVD-003; AR-OBS-002; AR-EXE-002","","Versioned causal history and integrity state: Drops, duplicates, reorderings, substitutions, or unexplained gaps are detected/accounted and block affected verification/completion.","DIRECT_HARD_ARCHITECTURE_INVARIANT","YES_NONCOMPENSATING","D01_CLIENT_INTERACTION_BOUNDARY; D05_CANONICAL_TASK_CONVERSATION_EVIDENCE_MODEL; D06_EVENT_OPERATION_HISTORY; D08_EXECUTION_PROCESS_CONTROL; D17_EVIDENCE_ARTIFACT_SYSTEM; D18_OBSERVABILITY_LOGGING; D19_ERROR_FAILURE_MODEL; D20_SECURITY_BOUNDARIES","Candidate design trace for AR-DAT-002; AR-EVD-003; AR-OBS-002; AR-EXE-002; deterministic seam/readback under EP-WF-014; EP-FALSE-013; EP-FALSE-016; EP-EVID-001; EP-EVID-004; EP-EVID-006; EP-EVID-009; EP-NEG-SCHEMA-01; EP-NEG-EVID-01; EP-NEG-AUDIT-01; EP-NEG-DOS-01; future focused obligation E3V-002; E3V-005.","E3V-002; E3V-005","NO_EXTRA_FUTURE_FEATURE; PRESERVE_EXPLICIT_IDENTITY_VERSION_SCOPE_AND_REPLACEABLE_BOUNDARIES","Frozen E1 semantic obligation. The property is hard; its implementation mechanism remains an E2 candidate decision and unresolved compliance cannot be scored as pass.","EP-WF-014; EP-FALSE-013; EP-FALSE-016; EP-EVID-001; EP-EVID-004; EP-EVID-006; EP-EVID-009; EP-NEG-SCHEMA-01; EP-NEG-EVID-01; EP-NEG-AUDIT-01; EP-NEG-DOS-01","CASE_ORACLE_SPECIFIED_NOT_IMPLEMENTED_NOT_RUN; implementation=SPECIFIED_NOT_IMPLEMENTED; run=NOT_RUN","FROZEN_E1_PRIMARY; E1_GATE_PASSED; EP-EVAL-0.2 typed trace; project-derived Level A property; external audit non-authoritative"
"RR-015","RR","03_product/ENGINEERING_PREVIEW_CORRECTNESS_CONTRACT.md §14.1 row RR-015; mirrored in PRD §7","HARD_CONSTRAINT","SECURITY_BOUNDARY","AR-SEC-002","AR-SEC-003; AR-WSP-003; AR-WSP-004; AR-SEC-005; AR-TST-002; AR-APR-003","","Deny-by-default scoped capabilities: Wrong task/target/owner/version/endpoint/child/replay uses fail before dispatch and are auditable.","DIRECT_HARD_ARCHITECTURE_INVARIANT","YES_NONCOMPENSATING","D07_FILESYSTEM_WORKSPACE_ABSTRACTION; D08_EXECUTION_PROCESS_CONTROL; D09_ISOLATION_SANDBOXING; D10_GIT_INTEGRATION; D11_APPROVAL_PERMISSION_SYSTEM; D13_MODEL_PROVIDER_GATEWAY; D14_ROUTING_CAPABILITY_DISCOVERY; D16_VERIFICATION_ARCHITECTURE; D17_EVIDENCE_ARTIFACT_SYSTEM; D20_SECURITY_BOUNDARIES; D21_LOCAL_FIRST_PACKAGING; D24_EXTENSION_SKILL_CONNECTOR_BOUNDARY; D25_E1_SUITE_TESTABILITY","Candidate design trace for AR-SEC-002; AR-SEC-003; AR-WSP-003; AR-WSP-004; AR-SEC-005; AR-TST-002; AR-APR-003; deterministic seam/readback under EP-WF-019; EP-FALSE-007; EP-APR-004; EP-APR-005; EP-APR-008; EP-EVID-005; EP-NEG-AUTH-01; EP-NEG-FS-01; EP-NEG-GIT-01; EP-NEG-DESTRUCT-01; EP-NEG-CMD-01; EP-NEG-SUPPLY-01; EP-NEG-SUPPLY-02; EP-NEG-NET-01; EP-NEG-PROVIDER-01; EP-NEG-SECRET-01; EP-NEG-CRED-01; EP-NEG-APR-01; EP-NEG-RACE-01; EP-NEG-EXT-01; EP-NEG-VER-01; EP-NEG-VER-02; EP-NEG-AUDIT-01; EP-NEG-CLEAN-01; EP-NEG-DOS-01; EP-NEG-FUTURE-01; EP-CONTRIB-005; future focused obligation E3V-001; E3V-002; E3V-003; E3V-004; E3V-005; E3V-006; E3V-007.","E3V-001; E3V-002; E3V-003; E3V-004; E3V-005; E3V-006; E3V-007","NO_EXTRA_FUTURE_FEATURE; PRESERVE_EXPLICIT_IDENTITY_VERSION_SCOPE_AND_REPLACEABLE_BOUNDARIES","Frozen E1 semantic obligation. The property is hard; its implementation mechanism remains an E2 candidate decision and unresolved compliance cannot be scored as pass.","EP-WF-019; EP-FALSE-007; EP-APR-004; EP-APR-005; EP-APR-008; EP-EVID-005; EP-NEG-AUTH-01; EP-NEG-FS-01; EP-NEG-GIT-01; EP-NEG-DESTRUCT-01; EP-NEG-CMD-01; EP-NEG-SUPPLY-01; EP-NEG-SUPPLY-02; EP-NEG-NET-01; EP-NEG-PROVIDER-01; EP-NEG-SECRET-01; EP-NEG-CRED-01; EP-NEG-APR-01; EP-NEG-RACE-01; EP-NEG-EXT-01; EP-NEG-VER-01; EP-NEG-VER-02; EP-NEG-AUDIT-01; EP-NEG-CLEAN-01; EP-NEG-DOS-01; EP-NEG-FUTURE-01; EP-CONTRIB-005","CASE_ORACLE_SPECIFIED_NOT_IMPLEMENTED_NOT_RUN; implementation=SPECIFIED_NOT_IMPLEMENTED; run=NOT_RUN","FROZEN_E1_PRIMARY; E1_GATE_PASSED; EP-EVAL-0.2 typed trace; project-derived Level A property; external audit non-authoritative"
"SLO-001","SLO","03_product/ENGINEERING_PREVIEW_CORRECTNESS_CONTRACT.md §14.2 row SLO-001","JUSTIFIED_NON_ARCHITECTURE_DRIVING","E3_VALIDATION_OBLIGATION","AR-TST-003","","","Measurement-protocol interfaces without invented thresholds: Each PROT-SLO/MET block can derive its numerator, denominator, exclusions, uncertainty, and strata from structured records after future authorized runs.","EMPIRICAL_RESULT_NOT_STRUCTURAL; SUPPORTING_MEASUREMENT_SEAM_HARD","NO_FOR_OBSERVED_VALUE; YES_FOR_SUPPORTING_MEASUREMENT_SEAMS","D06_EVENT_OPERATION_HISTORY; D13_MODEL_PROVIDER_GATEWAY; D18_OBSERVABILITY_LOGGING; D25_E1_SUITE_TESTABILITY","Candidate design trace for AR-TST-003; deterministic seam/readback under PROT-SLO-001; future obligation E3V-007.","E3V-007","NO_EXTRA_FUTURE_FEATURE; PRESERVE_EXPLICIT_IDENTITY_VERSION_SCOPE_AND_REPLACEABLE_BOUNDARIES","The observed SLO/metric value is empirical and cannot be guaranteed by system shape alone. No numeric target is inferred; AR-TST-003/AR-PERF-002 make the measurement seam mandatory and E3V-007 owns future evidence.","PROT-SLO-001","E3_MEASUREMENT_PROTOCOL_SPECIFIED_NOT_IMPLEMENTED_NOT_RUN; implementation=SPECIFIED_NOT_IMPLEMENTED; run=NOT_RUN","FROZEN_E1_PRIMARY; E1_GATE_PASSED; EP-EVAL-0.2 typed trace; project-derived Level A property; external audit non-authoritative"
"SLO-002","SLO","03_product/ENGINEERING_PREVIEW_CORRECTNESS_CONTRACT.md §14.2 row SLO-002","JUSTIFIED_NON_ARCHITECTURE_DRIVING","E3_VALIDATION_OBLIGATION","AR-TST-003","AR-PERF-002","AR-PRF-001","Measurement-protocol interfaces without invented thresholds: Each PROT-SLO/MET block can derive its numerator, denominator, exclusions, uncertainty, and strata from structured records after future authorized runs.","EMPIRICAL_RESULT_NOT_STRUCTURAL; SUPPORTING_MEASUREMENT_SEAM_HARD","NO_FOR_OBSERVED_VALUE; YES_FOR_SUPPORTING_MEASUREMENT_SEAMS","D01_CLIENT_INTERACTION_BOUNDARY; D06_EVENT_OPERATION_HISTORY; D08_EXECUTION_PROCESS_CONTROL; D13_MODEL_PROVIDER_GATEWAY; D18_OBSERVABILITY_LOGGING; D25_E1_SUITE_TESTABILITY","Candidate design trace for AR-TST-003; deterministic seam/readback under PROT-SLO-002; future obligation E3V-007.","E3V-007","NO_EXTRA_FUTURE_FEATURE; PRESERVE_EXPLICIT_IDENTITY_VERSION_SCOPE_AND_REPLACEABLE_BOUNDARIES","The observed SLO/metric value is empirical and cannot be guaranteed by system shape alone. No numeric target is inferred; AR-TST-003/AR-PERF-002 make the measurement seam mandatory and E3V-007 owns future evidence.","PROT-SLO-002","E3_MEASUREMENT_PROTOCOL_SPECIFIED_NOT_IMPLEMENTED_NOT_RUN; implementation=SPECIFIED_NOT_IMPLEMENTED; run=NOT_RUN","FROZEN_E1_PRIMARY; E1_GATE_PASSED; EP-EVAL-0.2 typed trace; project-derived Level A property; external audit non-authoritative"
"SLO-003","SLO","03_product/ENGINEERING_PREVIEW_CORRECTNESS_CONTRACT.md §14.2 row SLO-003","JUSTIFIED_NON_ARCHITECTURE_DRIVING","E3_VALIDATION_OBLIGATION","AR-TST-003","AR-PERF-002","AR-PRF-001","Measurement-protocol interfaces without invented thresholds: Each PROT-SLO/MET block can derive its numerator, denominator, exclusions, uncertainty, and strata from structured records after future authorized runs.","EMPIRICAL_RESULT_NOT_STRUCTURAL; SUPPORTING_MEASUREMENT_SEAM_HARD","NO_FOR_OBSERVED_VALUE; YES_FOR_SUPPORTING_MEASUREMENT_SEAMS","D01_CLIENT_INTERACTION_BOUNDARY; D06_EVENT_OPERATION_HISTORY; D08_EXECUTION_PROCESS_CONTROL; D13_MODEL_PROVIDER_GATEWAY; D18_OBSERVABILITY_LOGGING; D25_E1_SUITE_TESTABILITY","Candidate design trace for AR-TST-003; deterministic seam/readback under PROT-SLO-003; future obligation E3V-007.","E3V-007","NO_EXTRA_FUTURE_FEATURE; PRESERVE_EXPLICIT_IDENTITY_VERSION_SCOPE_AND_REPLACEABLE_BOUNDARIES","The observed SLO/metric value is empirical and cannot be guaranteed by system shape alone. No numeric target is inferred; AR-TST-003/AR-PERF-002 make the measurement seam mandatory and E3V-007 owns future evidence.","PROT-SLO-003","E3_MEASUREMENT_PROTOCOL_SPECIFIED_NOT_IMPLEMENTED_NOT_RUN; implementation=SPECIFIED_NOT_IMPLEMENTED; run=NOT_RUN","FROZEN_E1_PRIMARY; E1_GATE_PASSED; EP-EVAL-0.2 typed trace; project-derived Level A property; external audit non-authoritative"
"SLO-004","SLO","03_product/ENGINEERING_PREVIEW_CORRECTNESS_CONTRACT.md §14.2 row SLO-004","JUSTIFIED_NON_ARCHITECTURE_DRIVING","E3_VALIDATION_OBLIGATION","AR-TST-003","","","Measurement-protocol interfaces without invented thresholds: Each PROT-SLO/MET block can derive its numerator, denominator, exclusions, uncertainty, and strata from structured records after future authorized runs.","EMPIRICAL_RESULT_NOT_STRUCTURAL; SUPPORTING_MEASUREMENT_SEAM_HARD","NO_FOR_OBSERVED_VALUE; YES_FOR_SUPPORTING_MEASUREMENT_SEAMS","D06_EVENT_OPERATION_HISTORY; D13_MODEL_PROVIDER_GATEWAY; D18_OBSERVABILITY_LOGGING; D25_E1_SUITE_TESTABILITY","Candidate design trace for AR-TST-003; deterministic seam/readback under PROT-SLO-004; future obligation E3V-007.","E3V-007","NO_EXTRA_FUTURE_FEATURE; PRESERVE_EXPLICIT_IDENTITY_VERSION_SCOPE_AND_REPLACEABLE_BOUNDARIES","The observed SLO/metric value is empirical and cannot be guaranteed by system shape alone. No numeric target is inferred; AR-TST-003/AR-PERF-002 make the measurement seam mandatory and E3V-007 owns future evidence.","PROT-SLO-004","E3_MEASUREMENT_PROTOCOL_SPECIFIED_NOT_IMPLEMENTED_NOT_RUN; implementation=SPECIFIED_NOT_IMPLEMENTED; run=NOT_RUN","FROZEN_E1_PRIMARY; E1_GATE_PASSED; EP-EVAL-0.2 typed trace; project-derived Level A property; external audit non-authoritative"
"MET-001","MET","03_product/ENGINEERING_PREVIEW_CORRECTNESS_CONTRACT.md §14.2 row MET-001","JUSTIFIED_NON_ARCHITECTURE_DRIVING","E3_VALIDATION_OBLIGATION","AR-PERF-002","AR-TST-003","AR-PRF-001; AR-PRF-005","Latency, cost, responsiveness, and large-output instrumentation: Future protocols derive raw and aggregate measurements by layer and report unknown/undefined results honestly.","EMPIRICAL_RESULT_NOT_STRUCTURAL; SUPPORTING_MEASUREMENT_SEAM_HARD","NO_FOR_OBSERVED_VALUE; YES_FOR_SUPPORTING_MEASUREMENT_SEAMS","D01_CLIENT_INTERACTION_BOUNDARY; D04_DURABLE_STATE_PERSISTENCE; D06_EVENT_OPERATION_HISTORY; D08_EXECUTION_PROCESS_CONTROL; D13_MODEL_PROVIDER_GATEWAY; D17_EVIDENCE_ARTIFACT_SYSTEM; D18_OBSERVABILITY_LOGGING; D25_E1_SUITE_TESTABILITY","Candidate design trace for AR-PERF-002; deterministic seam/readback under PROT-MET-001; future obligation E3V-007.","E3V-007","NO_EXTRA_FUTURE_FEATURE; PRESERVE_EXPLICIT_IDENTITY_VERSION_SCOPE_AND_REPLACEABLE_BOUNDARIES","The observed SLO/metric value is empirical and cannot be guaranteed by system shape alone. No numeric target is inferred; AR-TST-003/AR-PERF-002 make the measurement seam mandatory and E3V-007 owns future evidence.","PROT-MET-001","E3_MEASURE_ONLY_PROTOCOL_SPECIFIED_NOT_IMPLEMENTED_NOT_RUN; implementation=SPECIFIED_NOT_IMPLEMENTED; run=NOT_RUN","FROZEN_E1_PRIMARY; E1_GATE_PASSED; EP-EVAL-0.2 typed trace; project-derived Level A property; external audit non-authoritative"
"MET-002","MET","03_product/ENGINEERING_PREVIEW_CORRECTNESS_CONTRACT.md §14.2 row MET-002","JUSTIFIED_NON_ARCHITECTURE_DRIVING","E3_VALIDATION_OBLIGATION","AR-PERF-002","AR-TST-003","AR-PRF-005","Latency, cost, responsiveness, and large-output instrumentation: Future protocols derive raw and aggregate measurements by layer and report unknown/undefined results honestly.","EMPIRICAL_RESULT_NOT_STRUCTURAL; SUPPORTING_MEASUREMENT_SEAM_HARD","NO_FOR_OBSERVED_VALUE; YES_FOR_SUPPORTING_MEASUREMENT_SEAMS","D04_DURABLE_STATE_PERSISTENCE; D06_EVENT_OPERATION_HISTORY; D08_EXECUTION_PROCESS_CONTROL; D13_MODEL_PROVIDER_GATEWAY; D17_EVIDENCE_ARTIFACT_SYSTEM; D18_OBSERVABILITY_LOGGING; D25_E1_SUITE_TESTABILITY","Candidate design trace for AR-PERF-002; deterministic seam/readback under PROT-MET-002; future obligation E3V-007.","E3V-007","NO_EXTRA_FUTURE_FEATURE; PRESERVE_EXPLICIT_IDENTITY_VERSION_SCOPE_AND_REPLACEABLE_BOUNDARIES","The observed SLO/metric value is empirical and cannot be guaranteed by system shape alone. No numeric target is inferred; AR-TST-003/AR-PERF-002 make the measurement seam mandatory and E3V-007 owns future evidence.","PROT-MET-002","E3_MEASURE_ONLY_PROTOCOL_SPECIFIED_NOT_IMPLEMENTED_NOT_RUN; implementation=SPECIFIED_NOT_IMPLEMENTED; run=NOT_RUN","FROZEN_E1_PRIMARY; E1_GATE_PASSED; EP-EVAL-0.2 typed trace; project-derived Level A property; external audit non-authoritative"
"MET-003","MET","03_product/ENGINEERING_PREVIEW_CORRECTNESS_CONTRACT.md §14.2 row MET-003","JUSTIFIED_NON_ARCHITECTURE_DRIVING","E3_VALIDATION_OBLIGATION","AR-OBS-001","AR-TST-003; AR-PERF-002","","Structured operational observability: Disconnect/reconnect yields an equivalent axis-qualified view with causal references and visible unknowns/limitations.","EMPIRICAL_RESULT_NOT_STRUCTURAL; SUPPORTING_MEASUREMENT_SEAM_HARD","NO_FOR_OBSERVED_VALUE; YES_FOR_SUPPORTING_MEASUREMENT_SEAMS","D01_CLIENT_INTERACTION_BOUNDARY; D06_EVENT_OPERATION_HISTORY; D08_EXECUTION_PROCESS_CONTROL; D13_MODEL_PROVIDER_GATEWAY; D18_OBSERVABILITY_LOGGING; D19_ERROR_FAILURE_MODEL; D25_E1_SUITE_TESTABILITY","Candidate design trace for AR-OBS-001; deterministic seam/readback under PROT-MET-003; future obligation E3V-007.","E3V-007","NO_EXTRA_FUTURE_FEATURE; PRESERVE_EXPLICIT_IDENTITY_VERSION_SCOPE_AND_REPLACEABLE_BOUNDARIES","The observed SLO/metric value is empirical and cannot be guaranteed by system shape alone. No numeric target is inferred; AR-TST-003/AR-PERF-002 make the measurement seam mandatory and E3V-007 owns future evidence.","PROT-MET-003","E3_MEASURE_ONLY_PROTOCOL_SPECIFIED_NOT_IMPLEMENTED_NOT_RUN; implementation=SPECIFIED_NOT_IMPLEMENTED; run=NOT_RUN","FROZEN_E1_PRIMARY; E1_GATE_PASSED; EP-EVAL-0.2 typed trace; project-derived Level A property; external audit non-authoritative"
"MET-004","MET","03_product/ENGINEERING_PREVIEW_CORRECTNESS_CONTRACT.md §14.2 row MET-004","JUSTIFIED_NON_ARCHITECTURE_DRIVING","E3_VALIDATION_OBLIGATION","AR-TST-003","AR-PERF-002","","Measurement-protocol interfaces without invented thresholds: Each PROT-SLO/MET block can derive its numerator, denominator, exclusions, uncertainty, and strata from structured records after future authorized runs.","EMPIRICAL_RESULT_NOT_STRUCTURAL; SUPPORTING_MEASUREMENT_SEAM_HARD","NO_FOR_OBSERVED_VALUE; YES_FOR_SUPPORTING_MEASUREMENT_SEAMS","D06_EVENT_OPERATION_HISTORY; D08_EXECUTION_PROCESS_CONTROL; D13_MODEL_PROVIDER_GATEWAY; D18_OBSERVABILITY_LOGGING; D25_E1_SUITE_TESTABILITY","Candidate design trace for AR-TST-003; deterministic seam/readback under PROT-MET-004; future obligation E3V-007.","E3V-007","NO_EXTRA_FUTURE_FEATURE; PRESERVE_EXPLICIT_IDENTITY_VERSION_SCOPE_AND_REPLACEABLE_BOUNDARIES","The observed SLO/metric value is empirical and cannot be guaranteed by system shape alone. No numeric target is inferred; AR-TST-003/AR-PERF-002 make the measurement seam mandatory and E3V-007 owns future evidence.","PROT-MET-004","E3_MEASURE_ONLY_PROTOCOL_SPECIFIED_NOT_IMPLEMENTED_NOT_RUN; implementation=SPECIFIED_NOT_IMPLEMENTED; run=NOT_RUN","FROZEN_E1_PRIMARY; E1_GATE_PASSED; EP-EVAL-0.2 typed trace; project-derived Level A property; external audit non-authoritative"
"FC-001","FC","03_product/ENGINEERING_PREVIEW_PRD.md §12 row FC-001","HARD_CONSTRAINT","FUTURE_COMPATIBILITY","AR-FUT-001","AR-COR-001; AR-PKG-001","AR-PRF-003; AR-PRF-004","Versioned serializable replaceable boundaries: Candidates identify boundaries, versions, compatibility behavior, migration/reversal path, and unsupported assumptions.","COMPATIBILITY_ONLY_HARD_SEAM; FUTURE_FEATURE_NOT_AUTHORIZED","YES_NONCOMPENSATING","D01_CLIENT_INTERACTION_BOUNDARY; D02_CORE_APPLICATION_RUNTIME; D03_TASK_WORKFLOW_ORCHESTRATION; D04_DURABLE_STATE_PERSISTENCE; D05_CANONICAL_TASK_CONVERSATION_EVIDENCE_MODEL; D06_EVENT_OPERATION_HISTORY; D13_MODEL_PROVIDER_GATEWAY; D21_LOCAL_FIRST_PACKAGING; D22_FUTURE_REMOTE_EXECUTION; D23_FUTURE_CONCURRENCY_MULTI_AGENT; D24_EXTENSION_SKILL_CONNECTOR_BOUNDARY","Candidate design trace for AR-FUT-001; deterministic seam/readback under EP-WF-006; EP-NEG-FUTURE-01; future obligation E3V-001; E3V-003; E3V-004.","E3V-001; E3V-003; E3V-004","PRIMARY_COMPATIBILITY_CONSTRAINT; PRESERVE_SEAM_ONLY; DO_NOT_IMPLEMENT_FUTURE_FEATURE","Frozen compatibility floor is mandatory, but it authorizes no future feature and selects no distributed mechanism.","EP-WF-006; EP-NEG-FUTURE-01","DEFERRED_CAPABILITY_COMPATIBILITY_CASE_SPECIFIED_NOT_IMPLEMENTED_NOT_RUN; implementation=SPECIFIED_NOT_IMPLEMENTED; run=NOT_RUN","FROZEN_E1_PRIMARY; E1_GATE_PASSED; EP-EVAL-0.2 typed trace; project-derived Level A property; external audit non-authoritative"
"FC-002","FC","03_product/ENGINEERING_PREVIEW_PRD.md §12 row FC-002","HARD_CONSTRAINT","FUTURE_COMPATIBILITY","AR-FUT-002","AR-COR-007; AR-WSP-005","AR-PRF-004","Explicit ownership scopes without global singleton dependence: Two synthetic principals/workspaces cannot reuse identities, paths, grants, approvals, operations, or artifacts.","COMPATIBILITY_ONLY_HARD_SEAM; FUTURE_FEATURE_NOT_AUTHORIZED","YES_NONCOMPENSATING","D03_TASK_WORKFLOW_ORCHESTRATION; D04_DURABLE_STATE_PERSISTENCE; D06_EVENT_OPERATION_HISTORY; D07_FILESYSTEM_WORKSPACE_ABSTRACTION; D09_ISOLATION_SANDBOXING; D11_APPROVAL_PERMISSION_SYSTEM; D22_FUTURE_REMOTE_EXECUTION; D23_FUTURE_CONCURRENCY_MULTI_AGENT; D24_EXTENSION_SKILL_CONNECTOR_BOUNDARY","Candidate design trace for AR-FUT-002; deterministic seam/readback under EP-WF-007; EP-NEG-FUTURE-01; future obligation E3V-001; E3V-003; E3V-006.","E3V-001; E3V-003; E3V-006","PRIMARY_COMPATIBILITY_CONSTRAINT; PRESERVE_SEAM_ONLY; DO_NOT_IMPLEMENT_FUTURE_FEATURE","Frozen compatibility floor is mandatory, but it authorizes no future feature and selects no distributed mechanism.","EP-WF-007; EP-NEG-FUTURE-01","DEFERRED_CAPABILITY_COMPATIBILITY_CASE_SPECIFIED_NOT_IMPLEMENTED_NOT_RUN; implementation=SPECIFIED_NOT_IMPLEMENTED; run=NOT_RUN","FROZEN_E1_PRIMARY; E1_GATE_PASSED; EP-EVAL-0.2 typed trace; project-derived Level A property; external audit non-authoritative"
"FC-003","FC","03_product/ENGINEERING_PREVIEW_PRD.md §12 row FC-003","HARD_CONSTRAINT","FUTURE_COMPATIBILITY","AR-FUT-002","","AR-PRF-004","Explicit ownership scopes without global singleton dependence: Two synthetic principals/workspaces cannot reuse identities, paths, grants, approvals, operations, or artifacts.","COMPATIBILITY_ONLY_HARD_SEAM; FUTURE_FEATURE_NOT_AUTHORIZED","YES_NONCOMPENSATING","D03_TASK_WORKFLOW_ORCHESTRATION; D11_APPROVAL_PERMISSION_SYSTEM; D22_FUTURE_REMOTE_EXECUTION; D23_FUTURE_CONCURRENCY_MULTI_AGENT; D24_EXTENSION_SKILL_CONNECTOR_BOUNDARY","Candidate design trace for AR-FUT-002; deterministic seam/readback under EP-NEG-FUTURE-01; future obligation E3V-006.","E3V-006","PRIMARY_COMPATIBILITY_CONSTRAINT; PRESERVE_SEAM_ONLY; DO_NOT_IMPLEMENT_FUTURE_FEATURE","Frozen compatibility floor is mandatory, but it authorizes no future feature and selects no distributed mechanism.","EP-NEG-FUTURE-01","DEFERRED_CAPABILITY_COMPATIBILITY_CASE_SPECIFIED_NOT_IMPLEMENTED_NOT_RUN; implementation=SPECIFIED_NOT_IMPLEMENTED; run=NOT_RUN","FROZEN_E1_PRIMARY; E1_GATE_PASSED; EP-EVAL-0.2 typed trace; project-derived Level A property; external audit non-authoritative"
"FC-004","FC","03_product/ENGINEERING_PREVIEW_PRD.md §12 row FC-004","HARD_CONSTRAINT","FUTURE_COMPATIBILITY","AR-FUT-002","AR-SEC-001","AR-PRF-004","Explicit ownership scopes without global singleton dependence: Two synthetic principals/workspaces cannot reuse identities, paths, grants, approvals, operations, or artifacts.","COMPATIBILITY_ONLY_HARD_SEAM; FUTURE_FEATURE_NOT_AUTHORIZED","YES_NONCOMPENSATING","D01_CLIENT_INTERACTION_BOUNDARY; D02_CORE_APPLICATION_RUNTIME; D03_TASK_WORKFLOW_ORCHESTRATION; D11_APPROVAL_PERMISSION_SYSTEM; D20_SECURITY_BOUNDARIES; D22_FUTURE_REMOTE_EXECUTION; D23_FUTURE_CONCURRENCY_MULTI_AGENT; D24_EXTENSION_SKILL_CONNECTOR_BOUNDARY","Candidate design trace for AR-FUT-002; deterministic seam/readback under EP-NEG-FUTURE-01; future obligation E3V-006.","E3V-006","PRIMARY_COMPATIBILITY_CONSTRAINT; PRESERVE_SEAM_ONLY; DO_NOT_IMPLEMENT_FUTURE_FEATURE","Frozen compatibility floor is mandatory, but it authorizes no future feature and selects no distributed mechanism.","EP-NEG-FUTURE-01","DEFERRED_CAPABILITY_COMPATIBILITY_CASE_SPECIFIED_NOT_IMPLEMENTED_NOT_RUN; implementation=SPECIFIED_NOT_IMPLEMENTED; run=NOT_RUN","FROZEN_E1_PRIMARY; E1_GATE_PASSED; EP-EVAL-0.2 typed trace; project-derived Level A property; external audit non-authoritative"
"FC-005","FC","03_product/ENGINEERING_PREVIEW_PRD.md §12 row FC-005","HARD_CONSTRAINT","FUTURE_COMPATIBILITY","AR-FUT-003","","AR-PRF-006","Versionable extension boundary and domain-neutral shared core: A proposed extension declares contracts, authority, provenance, tests, limits, and compatibility without gaining ambient power.","COMPATIBILITY_ONLY_HARD_SEAM; FUTURE_FEATURE_NOT_AUTHORIZED","YES_NONCOMPENSATING","D01_CLIENT_INTERACTION_BOUNDARY; D13_MODEL_PROVIDER_GATEWAY; D14_ROUTING_CAPABILITY_DISCOVERY; D21_LOCAL_FIRST_PACKAGING; D24_EXTENSION_SKILL_CONNECTOR_BOUNDARY; D25_E1_SUITE_TESTABILITY","Candidate design trace for AR-FUT-003; deterministic seam/readback under EP-WF-013; EP-CONTRIB-005; future obligation E3V-003; E3V-004; E3V-006.","E3V-003; E3V-004; E3V-006","PRIMARY_COMPATIBILITY_CONSTRAINT; PRESERVE_SEAM_ONLY; DO_NOT_IMPLEMENT_FUTURE_FEATURE","Frozen compatibility floor is mandatory, but it authorizes no future feature and selects no distributed mechanism.","EP-WF-013; EP-CONTRIB-005","DEFERRED_CAPABILITY_COMPATIBILITY_CASE_SPECIFIED_NOT_IMPLEMENTED_NOT_RUN; implementation=SPECIFIED_NOT_IMPLEMENTED; run=NOT_RUN","FROZEN_E1_PRIMARY; E1_GATE_PASSED; EP-EVAL-0.2 typed trace; project-derived Level A property; external audit non-authoritative"
"FC-006","FC","03_product/ENGINEERING_PREVIEW_PRD.md §12 row FC-006","HARD_CONSTRAINT","FUTURE_COMPATIBILITY","AR-FUT-003","","","Versionable extension boundary and domain-neutral shared core: A proposed extension declares contracts, authority, provenance, tests, limits, and compatibility without gaining ambient power.","COMPATIBILITY_ONLY_HARD_SEAM; FUTURE_FEATURE_NOT_AUTHORIZED","YES_NONCOMPENSATING","D13_MODEL_PROVIDER_GATEWAY; D14_ROUTING_CAPABILITY_DISCOVERY; D24_EXTENSION_SKILL_CONNECTOR_BOUNDARY; D25_E1_SUITE_TESTABILITY","Candidate design trace for AR-FUT-003; deterministic seam/readback under EP-CONTRIB-005; future obligation E3V-004; E3V-006.","E3V-004; E3V-006","PRIMARY_COMPATIBILITY_CONSTRAINT; PRESERVE_SEAM_ONLY; DO_NOT_IMPLEMENT_FUTURE_FEATURE","Frozen compatibility floor is mandatory, but it authorizes no future feature and selects no distributed mechanism.","EP-CONTRIB-005","DEFERRED_CAPABILITY_COMPATIBILITY_CASE_SPECIFIED_NOT_IMPLEMENTED_NOT_RUN; implementation=SPECIFIED_NOT_IMPLEMENTED; run=NOT_RUN","FROZEN_E1_PRIMARY; E1_GATE_PASSED; EP-EVAL-0.2 typed trace; project-derived Level A property; external audit non-authoritative"
"FC-007","FC","03_product/ENGINEERING_PREVIEW_PRD.md §12 row FC-007","HARD_CONSTRAINT","FUTURE_COMPATIBILITY","AR-FUT-003","","","Versionable extension boundary and domain-neutral shared core: A proposed extension declares contracts, authority, provenance, tests, limits, and compatibility without gaining ambient power.","COMPATIBILITY_ONLY_HARD_SEAM; FUTURE_FEATURE_NOT_AUTHORIZED","YES_NONCOMPENSATING","D13_MODEL_PROVIDER_GATEWAY; D14_ROUTING_CAPABILITY_DISCOVERY; D24_EXTENSION_SKILL_CONNECTOR_BOUNDARY; D25_E1_SUITE_TESTABILITY","Candidate design trace for AR-FUT-003; deterministic seam/readback under EP-CONTRIB-005; future obligation E3V-004; E3V-006.","E3V-004; E3V-006","PRIMARY_COMPATIBILITY_CONSTRAINT; PRESERVE_SEAM_ONLY; DO_NOT_IMPLEMENT_FUTURE_FEATURE","Frozen compatibility floor is mandatory, but it authorizes no future feature and selects no distributed mechanism.","EP-CONTRIB-005","DEFERRED_CAPABILITY_COMPATIBILITY_CASE_SPECIFIED_NOT_IMPLEMENTED_NOT_RUN; implementation=SPECIFIED_NOT_IMPLEMENTED; run=NOT_RUN","FROZEN_E1_PRIMARY; E1_GATE_PASSED; EP-EVAL-0.2 typed trace; project-derived Level A property; external audit non-authoritative"
"FC-008","FC","03_product/ENGINEERING_PREVIEW_PRD.md §12 row FC-008","HARD_CONSTRAINT","DURABILITY_REQUIREMENT","AR-DUR-005","AR-FUT-001","AR-PRF-002; AR-PRF-003","Corruption, partial-write, and evolution safety: Fault injection yields a valid old/new state or an explicit recoverable/blocked/failed state with the original bytes/evidence retained.","COMPATIBILITY_ONLY_HARD_SEAM; FUTURE_FEATURE_NOT_AUTHORIZED","YES_NONCOMPENSATING","D02_CORE_APPLICATION_RUNTIME; D04_DURABLE_STATE_PERSISTENCE; D06_EVENT_OPERATION_HISTORY; D07_FILESYSTEM_WORKSPACE_ABSTRACTION; D13_MODEL_PROVIDER_GATEWAY; D19_ERROR_FAILURE_MODEL; D21_LOCAL_FIRST_PACKAGING; D22_FUTURE_REMOTE_EXECUTION; D24_EXTENSION_SKILL_CONNECTOR_BOUNDARY","Candidate design trace for AR-DUR-005; deterministic seam/readback under EP-CTL-024; EP-NEG-FUTURE-01; future obligation E3V-001; E3V-004.","E3V-001; E3V-004","PRIMARY_COMPATIBILITY_CONSTRAINT; PRESERVE_SEAM_ONLY; DO_NOT_IMPLEMENT_FUTURE_FEATURE","Frozen compatibility floor is mandatory, but it authorizes no future feature and selects no distributed mechanism.","EP-CTL-024; EP-NEG-FUTURE-01","DEFERRED_CAPABILITY_COMPATIBILITY_CASE_SPECIFIED_NOT_IMPLEMENTED_NOT_RUN; implementation=SPECIFIED_NOT_IMPLEMENTED; run=NOT_RUN","FROZEN_E1_PRIMARY; E1_GATE_PASSED; EP-EVAL-0.2 typed trace; project-derived Level A property; external audit non-authoritative"
"FC-009","FC","03_product/ENGINEERING_PREVIEW_PRD.md §12 row FC-009","HARD_CONSTRAINT","MODEL_PROVIDER_INTERFACE_REQUIREMENT","AR-MOD-001","AR-MOD-003; AR-FUT-003","","Provider- and logical-role-neutral product semantics: Different provider shapes preserve the same core invariants while retaining provider-specific distinctions and provenance.","COMPATIBILITY_ONLY_HARD_SEAM; FUTURE_FEATURE_NOT_AUTHORIZED","YES_NONCOMPENSATING","D02_CORE_APPLICATION_RUNTIME; D13_MODEL_PROVIDER_GATEWAY; D14_ROUTING_CAPABILITY_DISCOVERY; D16_VERIFICATION_ARCHITECTURE; D18_OBSERVABILITY_LOGGING; D19_ERROR_FAILURE_MODEL; D24_EXTENSION_SKILL_CONNECTOR_BOUNDARY; D25_E1_SUITE_TESTABILITY","Candidate design trace for AR-MOD-001; deterministic seam/readback under EP-ROUTE-001; future obligation E3V-004; E3V-006; E3V-008.","E3V-004; E3V-006; E3V-008","PRIMARY_COMPATIBILITY_CONSTRAINT; PRESERVE_SEAM_ONLY; DO_NOT_IMPLEMENT_FUTURE_FEATURE","Frozen compatibility floor is mandatory, but it authorizes no future feature and selects no distributed mechanism.","EP-ROUTE-001","DEFERRED_CAPABILITY_COMPATIBILITY_CASE_SPECIFIED_NOT_IMPLEMENTED_NOT_RUN; implementation=SPECIFIED_NOT_IMPLEMENTED; run=NOT_RUN","FROZEN_E1_PRIMARY; E1_GATE_PASSED; EP-EVAL-0.2 typed trace; project-derived Level A property; external audit non-authoritative"
"UF-01","UF","03_product/ENGINEERING_PREVIEW_USER_FLOWS.md heading UF-01","HARD_CONSTRAINT","DIRECT_ARCHITECTURE_CONSTRAINT","AR-COR-001","AR-COR-002; AR-WSP-001","","Stable durable identities: A task acknowledged before interruption is reread under the same task identity while replacement process/session identities are separately visible.","ARCHITECTURE_SUPPORTED_BEHAVIOR","YES_NONCOMPENSATING","D03_TASK_WORKFLOW_ORCHESTRATION; D04_DURABLE_STATE_PERSISTENCE; D05_CANONICAL_TASK_CONVERSATION_EVIDENCE_MODEL; D06_EVENT_OPERATION_HISTORY; D07_FILESYSTEM_WORKSPACE_ABSTRACTION; D09_ISOLATION_SANDBOXING; D10_GIT_INTEGRATION; D11_APPROVAL_PERMISSION_SYSTEM; D20_SECURITY_BOUNDARIES","Candidate design trace for AR-COR-001; deterministic seam/readback under EP-WF-001; EP-WF-002; EP-WF-003; future obligation E3V-001; E3V-003.","E3V-001; E3V-003","NO_EXTRA_FUTURE_FEATURE; PRESERVE_EXPLICIT_IDENTITY_VERSION_SCOPE_AND_REPLACEABLE_BOUNDARIES","Frozen E1 semantic obligation. The property is hard; its implementation mechanism remains an E2 candidate decision and unresolved compliance cannot be scored as pass.","EP-WF-001; EP-WF-002; EP-WF-003","CASE_ORACLE_SPECIFIED_NOT_IMPLEMENTED_NOT_RUN; implementation=SPECIFIED_NOT_IMPLEMENTED; run=NOT_RUN","FROZEN_E1_PRIMARY; E1_GATE_PASSED; EP-EVAL-0.2 typed trace; project-derived Level A property; external audit non-authoritative"
"UF-02","UF","03_product/ENGINEERING_PREVIEW_USER_FLOWS.md heading UF-02","HARD_CONSTRAINT","WORKSPACE_SECURITY_BOUNDARY","AR-WSP-002","AR-EXE-002; AR-TST-001","","Isolation-before-mutation and task/workspace binding: Ordering evidence proves bind-before-dispatch and a separable task diff with original user state unchanged.","ARCHITECTURE_SUPPORTED_BEHAVIOR","YES_NONCOMPENSATING","D02_CORE_APPLICATION_RUNTIME; D06_EVENT_OPERATION_HISTORY; D07_FILESYSTEM_WORKSPACE_ABSTRACTION; D08_EXECUTION_PROCESS_CONTROL; D09_ISOLATION_SANDBOXING; D10_GIT_INTEGRATION; D16_VERIFICATION_ARCHITECTURE; D18_OBSERVABILITY_LOGGING; D19_ERROR_FAILURE_MODEL; D25_E1_SUITE_TESTABILITY","Candidate design trace for AR-WSP-002; deterministic seam/readback under EP-WF-004; EP-WF-008; EP-WF-009; EP-WF-013; EP-WF-019; EP-REPO-001; future obligation E3V-001; E3V-002; E3V-003; E3V-004; E3V-005; E3V-006.","E3V-001; E3V-002; E3V-003; E3V-004; E3V-005; E3V-006","NO_EXTRA_FUTURE_FEATURE; PRESERVE_EXPLICIT_IDENTITY_VERSION_SCOPE_AND_REPLACEABLE_BOUNDARIES","Frozen E1 semantic obligation. The property is hard; its implementation mechanism remains an E2 candidate decision and unresolved compliance cannot be scored as pass.","EP-WF-004; EP-WF-008; EP-WF-009; EP-WF-013; EP-WF-019; EP-REPO-001","CASE_ORACLE_SPECIFIED_NOT_IMPLEMENTED_NOT_RUN; implementation=SPECIFIED_NOT_IMPLEMENTED; run=NOT_RUN","FROZEN_E1_PRIMARY; E1_GATE_PASSED; EP-EVAL-0.2 typed trace; project-derived Level A property; external audit non-authoritative"
"UF-03","UF","03_product/ENGINEERING_PREVIEW_USER_FLOWS.md heading UF-03","HARD_CONSTRAINT","DIRECT_ARCHITECTURE_CONSTRAINT","AR-COR-005","AR-FAIL-001","","Predicate adequacy and truthful noncompletion: A coverage map identifies each obligation, oracle, evidence, gap, and consequence; partial, blocked, failed, cancelled, and unverified outcomes stay distinct.","ARCHITECTURE_SUPPORTED_BEHAVIOR","YES_NONCOMPENSATING","D03_TASK_WORKFLOW_ORCHESTRATION; D13_MODEL_PROVIDER_GATEWAY; D16_VERIFICATION_ARCHITECTURE; D17_EVIDENCE_ARTIFACT_SYSTEM; D18_OBSERVABILITY_LOGGING; D19_ERROR_FAILURE_MODEL; D25_E1_SUITE_TESTABILITY","Candidate design trace for AR-COR-005; deterministic seam/readback under EP-WF-005; future obligation E3V-001; E3V-004; E3V-005.","E3V-001; E3V-004; E3V-005","NO_EXTRA_FUTURE_FEATURE; PRESERVE_EXPLICIT_IDENTITY_VERSION_SCOPE_AND_REPLACEABLE_BOUNDARIES","Frozen E1 semantic obligation. The property is hard; its implementation mechanism remains an E2 candidate decision and unresolved compliance cannot be scored as pass.","EP-WF-005","CASE_ORACLE_SPECIFIED_NOT_IMPLEMENTED_NOT_RUN; implementation=SPECIFIED_NOT_IMPLEMENTED; run=NOT_RUN","FROZEN_E1_PRIMARY; E1_GATE_PASSED; EP-EVAL-0.2 typed trace; project-derived Level A property; external audit non-authoritative"
"UF-04","UF","03_product/ENGINEERING_PREVIEW_USER_FLOWS.md heading UF-04","HARD_CONSTRAINT","DURABILITY_REQUIREMENT","AR-DUR-004","","","Durable ordered control and bounded interruption: Control races have one recorded winner; descendants terminate or lose authority; unresolved effects are explicit; stop closes CANCELLED, never COMPLETED.","ARCHITECTURE_SUPPORTED_BEHAVIOR","YES_NONCOMPENSATING","D03_TASK_WORKFLOW_ORCHESTRATION; D08_EXECUTION_PROCESS_CONTROL; D12_EXTERNAL_EFFECT_RECONCILIATION; D18_OBSERVABILITY_LOGGING","Candidate design trace for AR-DUR-004; deterministic seam/readback under EP-CTL-001; EP-CTL-002; EP-CTL-003; future obligation E3V-002.","E3V-002","NO_EXTRA_FUTURE_FEATURE; PRESERVE_EXPLICIT_IDENTITY_VERSION_SCOPE_AND_REPLACEABLE_BOUNDARIES","Frozen E1 semantic obligation. The property is hard; its implementation mechanism remains an E2 candidate decision and unresolved compliance cannot be scored as pass.","EP-CTL-001; EP-CTL-002; EP-CTL-003","CASE_ORACLE_SPECIFIED_NOT_IMPLEMENTED_NOT_RUN; implementation=SPECIFIED_NOT_IMPLEMENTED; run=NOT_RUN","FROZEN_E1_PRIMARY; E1_GATE_PASSED; EP-EVAL-0.2 typed trace; project-derived Level A property; external audit non-authoritative"
"UF-05","UF","03_product/ENGINEERING_PREVIEW_USER_FLOWS.md heading UF-05","HARD_CONSTRAINT","DURABILITY_REQUIREMENT","AR-DUR-004","AR-EXE-003","","Durable ordered control and bounded interruption: Control races have one recorded winner; descendants terminate or lose authority; unresolved effects are explicit; stop closes CANCELLED, never COMPLETED.","ARCHITECTURE_SUPPORTED_BEHAVIOR","YES_NONCOMPENSATING","D03_TASK_WORKFLOW_ORCHESTRATION; D08_EXECUTION_PROCESS_CONTROL; D09_ISOLATION_SANDBOXING; D12_EXTERNAL_EFFECT_RECONCILIATION; D18_OBSERVABILITY_LOGGING; D20_SECURITY_BOUNDARIES","Candidate design trace for AR-DUR-004; deterministic seam/readback under EP-CTL-004; EP-CTL-005; EP-CTL-006; future obligation E3V-002.","E3V-002","NO_EXTRA_FUTURE_FEATURE; PRESERVE_EXPLICIT_IDENTITY_VERSION_SCOPE_AND_REPLACEABLE_BOUNDARIES","Frozen E1 semantic obligation. The property is hard; its implementation mechanism remains an E2 candidate decision and unresolved compliance cannot be scored as pass.","EP-CTL-004; EP-CTL-005; EP-CTL-006","CASE_ORACLE_SPECIFIED_NOT_IMPLEMENTED_NOT_RUN; implementation=SPECIFIED_NOT_IMPLEMENTED; run=NOT_RUN","FROZEN_E1_PRIMARY; E1_GATE_PASSED; EP-EVAL-0.2 typed trace; project-derived Level A property; external audit non-authoritative"
"UF-06","UF","03_product/ENGINEERING_PREVIEW_USER_FLOWS.md heading UF-06","HARD_CONSTRAINT","DIRECT_ARCHITECTURE_CONSTRAINT","AR-COR-002","AR-DUR-004; AR-COR-006","","Versioned admitted task contract and plan: Every material operation points to the current admitted task/plan version; prior versions and redirect causes remain inspectable.","ARCHITECTURE_SUPPORTED_BEHAVIOR","YES_NONCOMPENSATING","D03_TASK_WORKFLOW_ORCHESTRATION; D05_CANONICAL_TASK_CONVERSATION_EVIDENCE_MODEL; D06_EVENT_OPERATION_HISTORY; D08_EXECUTION_PROCESS_CONTROL; D10_GIT_INTEGRATION; D11_APPROVAL_PERMISSION_SYSTEM; D12_EXTERNAL_EFFECT_RECONCILIATION; D16_VERIFICATION_ARCHITECTURE; D17_EVIDENCE_ARTIFACT_SYSTEM; D18_OBSERVABILITY_LOGGING","Candidate design trace for AR-COR-002; deterministic seam/readback under EP-WF-008; EP-CTL-007; EP-CTL-008; EP-CTL-009; EP-CTL-010; EP-CTL-011; future obligation E3V-002; E3V-005.","E3V-002; E3V-005","NO_EXTRA_FUTURE_FEATURE; PRESERVE_EXPLICIT_IDENTITY_VERSION_SCOPE_AND_REPLACEABLE_BOUNDARIES","Frozen E1 semantic obligation. The property is hard; its implementation mechanism remains an E2 candidate decision and unresolved compliance cannot be scored as pass.","EP-WF-008; EP-CTL-007; EP-CTL-008; EP-CTL-009; EP-CTL-010; EP-CTL-011","CASE_ORACLE_SPECIFIED_NOT_IMPLEMENTED_NOT_RUN; implementation=SPECIFIED_NOT_IMPLEMENTED; run=NOT_RUN","FROZEN_E1_PRIMARY; E1_GATE_PASSED; EP-EVAL-0.2 typed trace; project-derived Level A property; external audit non-authoritative"
"UF-07","UF","03_product/ENGINEERING_PREVIEW_USER_FLOWS.md heading UF-07","HARD_CONSTRAINT","DURABILITY_REQUIREMENT","AR-DUR-002","AR-DUR-004","","Restart recovery and reconciliation ownership: Recovery records interruption class, recovered authority, owner transition, reconciliation work, and final truthful state.","ARCHITECTURE_SUPPORTED_BEHAVIOR","YES_NONCOMPENSATING","D03_TASK_WORKFLOW_ORCHESTRATION; D04_DURABLE_STATE_PERSISTENCE; D06_EVENT_OPERATION_HISTORY; D08_EXECUTION_PROCESS_CONTROL; D12_EXTERNAL_EFFECT_RECONCILIATION; D18_OBSERVABILITY_LOGGING; D19_ERROR_FAILURE_MODEL","Candidate design trace for AR-DUR-002; deterministic seam/readback under EP-CTL-012; EP-CTL-013; future obligation E3V-001; E3V-002.","E3V-001; E3V-002","NO_EXTRA_FUTURE_FEATURE; PRESERVE_EXPLICIT_IDENTITY_VERSION_SCOPE_AND_REPLACEABLE_BOUNDARIES","Frozen E1 semantic obligation. The property is hard; its implementation mechanism remains an E2 candidate decision and unresolved compliance cannot be scored as pass.","EP-CTL-012; EP-CTL-013","CASE_ORACLE_SPECIFIED_NOT_IMPLEMENTED_NOT_RUN; implementation=SPECIFIED_NOT_IMPLEMENTED; run=NOT_RUN","FROZEN_E1_PRIMARY; E1_GATE_PASSED; EP-EVAL-0.2 typed trace; project-derived Level A property; external audit non-authoritative"
"UF-08","UF","03_product/ENGINEERING_PREVIEW_USER_FLOWS.md heading UF-08","HARD_CONSTRAINT","DURABILITY_REQUIREMENT","AR-DUR-002","AR-COR-001","","Restart recovery and reconciliation ownership: Recovery records interruption class, recovered authority, owner transition, reconciliation work, and final truthful state.","ARCHITECTURE_SUPPORTED_BEHAVIOR","YES_NONCOMPENSATING","D03_TASK_WORKFLOW_ORCHESTRATION; D04_DURABLE_STATE_PERSISTENCE; D05_CANONICAL_TASK_CONVERSATION_EVIDENCE_MODEL; D06_EVENT_OPERATION_HISTORY; D19_ERROR_FAILURE_MODEL","Candidate design trace for AR-DUR-002; deterministic seam/readback under EP-WF-006; EP-CTL-014; EP-CTL-015; EP-CTL-016; EP-CTL-017; EP-CTL-018; EP-CTL-019; EP-APR-006; future obligation E3V-001.","E3V-001","NO_EXTRA_FUTURE_FEATURE; PRESERVE_EXPLICIT_IDENTITY_VERSION_SCOPE_AND_REPLACEABLE_BOUNDARIES","Frozen E1 semantic obligation. The property is hard; its implementation mechanism remains an E2 candidate decision and unresolved compliance cannot be scored as pass.","EP-WF-006; EP-CTL-014; EP-CTL-015; EP-CTL-016; EP-CTL-017; EP-CTL-018; EP-CTL-019; EP-APR-006","CASE_ORACLE_SPECIFIED_NOT_IMPLEMENTED_NOT_RUN; implementation=SPECIFIED_NOT_IMPLEMENTED; run=NOT_RUN","FROZEN_E1_PRIMARY; E1_GATE_PASSED; EP-EVAL-0.2 typed trace; project-derived Level A property; external audit non-authoritative"
"UF-09","UF","03_product/ENGINEERING_PREVIEW_USER_FLOWS.md heading UF-09","HARD_CONSTRAINT","APPROVAL_EFFECT_REQUIREMENT","AR-APR-001","","","Durable exact-scope approval object: Only one exact current inspectable use can be consumed; stale/revoked/mutated/replayed/recovered ambiguity is denied or reconciled.","ARCHITECTURE_SUPPORTED_BEHAVIOR","YES_NONCOMPENSATING","D03_TASK_WORKFLOW_ORCHESTRATION; D06_EVENT_OPERATION_HISTORY; D11_APPROVAL_PERMISSION_SYSTEM; D20_SECURITY_BOUNDARIES","Candidate design trace for AR-APR-001; deterministic seam/readback under EP-CTL-015; EP-APR-001; EP-APR-002; EP-APR-003; EP-APR-004; EP-APR-006; EP-APR-007; future obligation E3V-006.","E3V-006","NO_EXTRA_FUTURE_FEATURE; PRESERVE_EXPLICIT_IDENTITY_VERSION_SCOPE_AND_REPLACEABLE_BOUNDARIES","Frozen E1 semantic obligation. The property is hard; its implementation mechanism remains an E2 candidate decision and unresolved compliance cannot be scored as pass.","EP-CTL-015; EP-APR-001; EP-APR-002; EP-APR-003; EP-APR-004; EP-APR-006; EP-APR-007","CASE_ORACLE_SPECIFIED_NOT_IMPLEMENTED_NOT_RUN; implementation=SPECIFIED_NOT_IMPLEMENTED; run=NOT_RUN","FROZEN_E1_PRIMARY; E1_GATE_PASSED; EP-EVAL-0.2 typed trace; project-derived Level A property; external audit non-authoritative"
"UF-10","UF","03_product/ENGINEERING_PREVIEW_USER_FLOWS.md heading UF-10","HARD_CONSTRAINT","APPROVAL_EFFECT_REQUIREMENT","AR-APR-002","AR-GIT-002","","External-effect intent, attempt, observation, confirmation, and uncertainty: Every consequential effect ends with authoritative confirmation, known terminal non-success, or explicit uncertainty that blocks completion and blind retry.","ARCHITECTURE_SUPPORTED_BEHAVIOR","YES_NONCOMPENSATING","D06_EVENT_OPERATION_HISTORY; D10_GIT_INTEGRATION; D11_APPROVAL_PERMISSION_SYSTEM; D12_EXTERNAL_EFFECT_RECONCILIATION; D17_EVIDENCE_ARTIFACT_SYSTEM; D21_LOCAL_FIRST_PACKAGING","Candidate design trace for AR-APR-002; deterministic seam/readback under EP-WF-016; EP-REPO-006; future obligation E3V-001; E3V-005.","E3V-001; E3V-005","NO_EXTRA_FUTURE_FEATURE; PRESERVE_EXPLICIT_IDENTITY_VERSION_SCOPE_AND_REPLACEABLE_BOUNDARIES","Frozen E1 semantic obligation. The property is hard; its implementation mechanism remains an E2 candidate decision and unresolved compliance cannot be scored as pass.","EP-WF-016; EP-REPO-006","CASE_ORACLE_SPECIFIED_NOT_IMPLEMENTED_NOT_RUN; implementation=SPECIFIED_NOT_IMPLEMENTED; run=NOT_RUN","FROZEN_E1_PRIMARY; E1_GATE_PASSED; EP-EVAL-0.2 typed trace; project-derived Level A property; external audit non-authoritative"
"UF-11","UF","03_product/ENGINEERING_PREVIEW_USER_FLOWS.md heading UF-11","HARD_CONSTRAINT","SECURITY_BOUNDARY","AR-SEC-006","AR-SEC-003","","Protected human acquisition and takeover: ordinary observation/capture is suspended or excluded, raw input reaches only the exact recipient/use boundary, failure waits closed, and durable recovery retains only a non-secret receipt without replay.","ARCHITECTURE_SUPPORTED_BEHAVIOR","YES_NONCOMPENSATING","D01_CLIENT_INTERACTION_BOUNDARY; D08_EXECUTION_PROCESS_CONTROL; D09_ISOLATION_SANDBOXING; D11_APPROVAL_PERMISSION_SYSTEM; D13_MODEL_PROVIDER_GATEWAY; D20_SECURITY_BOUNDARIES","Candidate design trace for AR-SEC-006; AR-SEC-003; deterministic seam/readback under EP-CONTRIB-007; future focused obligation E3V-006.","E3V-006","NO_EXTRA_FUTURE_FEATURE; PRESERVE_EXPLICIT_IDENTITY_VERSION_SCOPE_AND_REPLACEABLE_BOUNDARIES","Frozen E1 semantic obligation. The property is hard; its implementation mechanism remains an E2 candidate decision and unresolved compliance cannot be scored as pass.","EP-CONTRIB-007","CASE_ORACLE_SPECIFIED_NOT_IMPLEMENTED_NOT_RUN; implementation=SPECIFIED_NOT_IMPLEMENTED; run=NOT_RUN","FROZEN_E1_PRIMARY; E1_GATE_PASSED; EP-EVAL-0.2 typed trace; project-derived Level A property; external audit non-authoritative"
"UF-12","UF","03_product/ENGINEERING_PREVIEW_USER_FLOWS.md heading UF-12","HARD_CONSTRAINT","MODEL_PROVIDER_INTERFACE_REQUIREMENT","AR-MOD-002","AR-MOD-003","","Purpose, eligibility, capability discovery, and zero-dispatch denial: Requested/resolved route, purpose, eligibility, authority, denial/outcome, and zero-dispatch proof are retained for every model operation.","ARCHITECTURE_SUPPORTED_BEHAVIOR","YES_NONCOMPENSATING","D13_MODEL_PROVIDER_GATEWAY; D14_ROUTING_CAPABILITY_DISCOVERY; D18_OBSERVABILITY_LOGGING; D19_ERROR_FAILURE_MODEL; D20_SECURITY_BOUNDARIES","Candidate design trace for AR-MOD-002; deterministic seam/readback under EP-CTL-021; EP-ROUTE-006; EP-ROUTE-007; future obligation E3V-004; E3V-008.","E3V-004; E3V-008","NO_EXTRA_FUTURE_FEATURE; PRESERVE_EXPLICIT_IDENTITY_VERSION_SCOPE_AND_REPLACEABLE_BOUNDARIES","Frozen E1 semantic obligation. The property is hard; its implementation mechanism remains an E2 candidate decision and unresolved compliance cannot be scored as pass.","EP-CTL-021; EP-ROUTE-006; EP-ROUTE-007","CASE_ORACLE_SPECIFIED_NOT_IMPLEMENTED_NOT_RUN; implementation=SPECIFIED_NOT_IMPLEMENTED; run=NOT_RUN","FROZEN_E1_PRIMARY; E1_GATE_PASSED; EP-EVAL-0.2 typed trace; project-derived Level A property; external audit non-authoritative"
"UF-13","UF","03_product/ENGINEERING_PREVIEW_USER_FLOWS.md heading UF-13","HARD_CONSTRAINT","CONTEXT_MEMORY_REQUIREMENT","AR-CTX-001","AR-CTX-002","","Durable conversation continuity outside model context: A resumed invocation reconstructs a bounded context manifest from durable records and identifies omitted material without losing task truth.","ARCHITECTURE_SUPPORTED_BEHAVIOR","YES_NONCOMPENSATING","D01_CLIENT_INTERACTION_BOUNDARY; D05_CANONICAL_TASK_CONVERSATION_EVIDENCE_MODEL; D15_CONTEXT_MEMORY_COMPACTION; D20_SECURITY_BOUNDARIES","Candidate design trace for AR-CTX-001; deterministic seam/readback under EP-CTL-020; future obligation E3V-005.","E3V-005","NO_EXTRA_FUTURE_FEATURE; PRESERVE_EXPLICIT_IDENTITY_VERSION_SCOPE_AND_REPLACEABLE_BOUNDARIES","Frozen E1 semantic obligation. The property is hard; its implementation mechanism remains an E2 candidate decision and unresolved compliance cannot be scored as pass.","EP-CTL-020","CASE_ORACLE_SPECIFIED_NOT_IMPLEMENTED_NOT_RUN; implementation=SPECIFIED_NOT_IMPLEMENTED; run=NOT_RUN","FROZEN_E1_PRIMARY; E1_GATE_PASSED; EP-EVAL-0.2 typed trace; project-derived Level A property; external audit non-authoritative"
"UF-14","UF","03_product/ENGINEERING_PREVIEW_USER_FLOWS.md heading UF-14","HARD_CONSTRAINT","VERIFICATION_TESTABILITY_REQUIREMENT","AR-VER-001","AR-VER-002; AR-VER-003; AR-COR-006","","Structurally independent verification path: Verifier reruns deterministic checks/readbacks from a bounded context manifest and can reject author claims without private chain-of-thought.","ARCHITECTURE_SUPPORTED_BEHAVIOR","YES_NONCOMPENSATING","D02_CORE_APPLICATION_RUNTIME; D03_TASK_WORKFLOW_ORCHESTRATION; D05_CANONICAL_TASK_CONVERSATION_EVIDENCE_MODEL; D06_EVENT_OPERATION_HISTORY; D10_GIT_INTEGRATION; D16_VERIFICATION_ARCHITECTURE; D17_EVIDENCE_ARTIFACT_SYSTEM; D19_ERROR_FAILURE_MODEL; D20_SECURITY_BOUNDARIES; D25_E1_SUITE_TESTABILITY","Candidate design trace for AR-VER-001; AR-VER-002; AR-VER-003; AR-COR-006; deterministic seam/readback under EP-CONTRIB-006; future focused obligation E3V-005.","E3V-005","NO_EXTRA_FUTURE_FEATURE; PRESERVE_EXPLICIT_IDENTITY_VERSION_SCOPE_AND_REPLACEABLE_BOUNDARIES","Frozen E1 semantic obligation. The property is hard; its implementation mechanism remains an E2 candidate decision and unresolved compliance cannot be scored as pass.","EP-CONTRIB-006","CASE_ORACLE_SPECIFIED_NOT_IMPLEMENTED_NOT_RUN; implementation=SPECIFIED_NOT_IMPLEMENTED; run=NOT_RUN","FROZEN_E1_PRIMARY; E1_GATE_PASSED; EP-EVAL-0.2 typed trace; project-derived Level A property; external audit non-authoritative"
"UF-15","UF","03_product/ENGINEERING_PREVIEW_USER_FLOWS.md heading UF-15","HARD_CONSTRAINT","DIRECT_ARCHITECTURE_CONSTRAINT","AR-COR-005","AR-FAIL-001; AR-OBS-001; AR-EVD-001; AR-COR-003","","Predicate adequacy and truthful noncompletion: A coverage map identifies each obligation, oracle, evidence, gap, and consequence; partial, blocked, failed, cancelled, and unverified outcomes stay distinct.","ARCHITECTURE_SUPPORTED_BEHAVIOR","YES_NONCOMPENSATING","D01_CLIENT_INTERACTION_BOUNDARY; D03_TASK_WORKFLOW_ORCHESTRATION; D05_CANONICAL_TASK_CONVERSATION_EVIDENCE_MODEL; D13_MODEL_PROVIDER_GATEWAY; D16_VERIFICATION_ARCHITECTURE; D17_EVIDENCE_ARTIFACT_SYSTEM; D18_OBSERVABILITY_LOGGING; D19_ERROR_FAILURE_MODEL; D25_E1_SUITE_TESTABILITY","Candidate design trace for AR-COR-005; AR-FAIL-001; AR-OBS-001; AR-EVD-001; AR-COR-003; deterministic seam/readback under EP-WF-015; future focused obligation E3V-001; E3V-004; E3V-005; E3V-007.","E3V-001; E3V-004; E3V-005; E3V-007","NO_EXTRA_FUTURE_FEATURE; PRESERVE_EXPLICIT_IDENTITY_VERSION_SCOPE_AND_REPLACEABLE_BOUNDARIES","Frozen E1 semantic obligation. The property is hard; its implementation mechanism remains an E2 candidate decision and unresolved compliance cannot be scored as pass.","EP-WF-015","CASE_ORACLE_SPECIFIED_NOT_IMPLEMENTED_NOT_RUN; implementation=SPECIFIED_NOT_IMPLEMENTED; run=NOT_RUN","FROZEN_E1_PRIMARY; E1_GATE_PASSED; EP-EVAL-0.2 typed trace; project-derived Level A property; external audit non-authoritative"
"UF-16","UF","03_product/ENGINEERING_PREVIEW_USER_FLOWS.md heading UF-16","HARD_CONSTRAINT","LOCAL_FIRST_INTERFACE_REQUIREMENT","AR-PKG-001","AR-SEC-005; AR-TST-002","AR-PRF-006","Local-first packaging and contributor-operable boundary: A contributor/user can identify local components, supported environment, durable boundary, migration/backup/cleanup behavior, and review artifacts without hidden service state.","ARCHITECTURE_SUPPORTED_BEHAVIOR","YES_NONCOMPENSATING","D01_CLIENT_INTERACTION_BOUNDARY; D02_CORE_APPLICATION_RUNTIME; D16_VERIFICATION_ARCHITECTURE; D17_EVIDENCE_ARTIFACT_SYSTEM; D20_SECURITY_BOUNDARIES; D21_LOCAL_FIRST_PACKAGING; D22_FUTURE_REMOTE_EXECUTION; D24_EXTENSION_SKILL_CONNECTOR_BOUNDARY; D25_E1_SUITE_TESTABILITY","Candidate design trace for AR-PKG-001; deterministic seam/readback under EP-CONTRIB-001; EP-CONTRIB-002; EP-CONTRIB-003; EP-CONTRIB-004; EP-CONTRIB-005; EP-CONTRIB-006; EP-CONTRIB-007; EP-CONTRIB-008; future obligation E3V-001; E3V-002; E3V-003; E3V-004; E3V-005; E3V-006; E3V-007.","E3V-001; E3V-002; E3V-003; E3V-004; E3V-005; E3V-006; E3V-007","DIRECT_VERSIONED_OWNERSHIP_OR_REPLACEABILITY_SEAM","Frozen E1 semantic obligation. The property is hard; its implementation mechanism remains an E2 candidate decision and unresolved compliance cannot be scored as pass.","EP-CONTRIB-001; EP-CONTRIB-002; EP-CONTRIB-003; EP-CONTRIB-004; EP-CONTRIB-005; EP-CONTRIB-006; EP-CONTRIB-007; EP-CONTRIB-008","CASE_ORACLE_SPECIFIED_NOT_IMPLEMENTED_NOT_RUN; implementation=SPECIFIED_NOT_IMPLEMENTED; run=NOT_RUN","FROZEN_E1_PRIMARY; E1_GATE_PASSED; EP-EVAL-0.2 typed trace; project-derived Level A property; external audit non-authoritative"
"NEG-APR-01","NEG","03_product/ENGINEERING_PREVIEW_CORRECTNESS_CONTRACT.md §15 row NEG-APR-01","HARD_CONSTRAINT","APPROVAL_EFFECT_REQUIREMENT","AR-APR-001","","","Durable exact-scope approval object: Only one exact current inspectable use can be consumed; stale/revoked/mutated/replayed/recovered ambiguity is denied or reconciled.","SECURITY_NEGATIVE_AND_TESTABILITY_CONSTRAINT","YES_NONCOMPENSATING","D03_TASK_WORKFLOW_ORCHESTRATION; D06_EVENT_OPERATION_HISTORY; D11_APPROVAL_PERMISSION_SYSTEM; D20_SECURITY_BOUNDARIES","Candidate design trace for AR-APR-001; deterministic seam/readback under EP-NEG-APR-01; future obligation E3V-006.","E3V-006","NO_EXTRA_FUTURE_FEATURE; PRESERVE_EXPLICIT_IDENTITY_VERSION_SCOPE_AND_REPLACEABLE_BOUNDARIES","Frozen E1 semantic obligation. The property is hard; its implementation mechanism remains an E2 candidate decision and unresolved compliance cannot be scored as pass.","EP-NEG-APR-01","CASE_ORACLE_SPECIFIED_NOT_IMPLEMENTED_NOT_RUN; implementation=SPECIFIED_NOT_IMPLEMENTED; run=NOT_RUN","FROZEN_E1_PRIMARY; E1_GATE_PASSED; EP-EVAL-0.2 typed trace; project-derived Level A property; external audit non-authoritative"
"NEG-AUDIT-01","NEG","03_product/ENGINEERING_PREVIEW_CORRECTNESS_CONTRACT.md §15 row NEG-AUDIT-01","HARD_CONSTRAINT","STATE_DATA_REQUIREMENT","AR-DAT-002","AR-EVD-003","","Versioned causal history and integrity state: Drops, duplicates, reorderings, substitutions, or unexplained gaps are detected/accounted and block affected verification/completion.","SECURITY_NEGATIVE_AND_TESTABILITY_CONSTRAINT","YES_NONCOMPENSATING","D05_CANONICAL_TASK_CONVERSATION_EVIDENCE_MODEL; D06_EVENT_OPERATION_HISTORY; D17_EVIDENCE_ARTIFACT_SYSTEM; D18_OBSERVABILITY_LOGGING; D20_SECURITY_BOUNDARIES","Candidate design trace for AR-DAT-002; deterministic seam/readback under EP-NEG-AUDIT-01; future obligation E3V-005.","E3V-005","NO_EXTRA_FUTURE_FEATURE; PRESERVE_EXPLICIT_IDENTITY_VERSION_SCOPE_AND_REPLACEABLE_BOUNDARIES","Frozen E1 semantic obligation. The property is hard; its implementation mechanism remains an E2 candidate decision and unresolved compliance cannot be scored as pass.","EP-NEG-AUDIT-01","CASE_ORACLE_SPECIFIED_NOT_IMPLEMENTED_NOT_RUN; implementation=SPECIFIED_NOT_IMPLEMENTED; run=NOT_RUN","FROZEN_E1_PRIMARY; E1_GATE_PASSED; EP-EVAL-0.2 typed trace; project-derived Level A property; external audit non-authoritative"
"NEG-AUTH-01","NEG","03_product/ENGINEERING_PREVIEW_CORRECTNESS_CONTRACT.md §15 row NEG-AUTH-01","HARD_CONSTRAINT","SECURITY_BOUNDARY","AR-SEC-001","","","Closed trust and authority precedence: Conflicts yield a typed denial, wait, or blocker under the higher authority with zero prohibited effect.","SECURITY_NEGATIVE_AND_TESTABILITY_CONSTRAINT","YES_NONCOMPENSATING","D01_CLIENT_INTERACTION_BOUNDARY; D02_CORE_APPLICATION_RUNTIME; D11_APPROVAL_PERMISSION_SYSTEM; D20_SECURITY_BOUNDARIES","Candidate design trace for AR-SEC-001; deterministic seam/readback under EP-NEG-AUTH-01; future obligation E3V-006.","E3V-006","NO_EXTRA_FUTURE_FEATURE; PRESERVE_EXPLICIT_IDENTITY_VERSION_SCOPE_AND_REPLACEABLE_BOUNDARIES","Frozen E1 semantic obligation. The property is hard; its implementation mechanism remains an E2 candidate decision and unresolved compliance cannot be scored as pass.","EP-NEG-AUTH-01","CASE_ORACLE_SPECIFIED_NOT_IMPLEMENTED_NOT_RUN; implementation=SPECIFIED_NOT_IMPLEMENTED; run=NOT_RUN","FROZEN_E1_PRIMARY; E1_GATE_PASSED; EP-EVAL-0.2 typed trace; project-derived Level A property; external audit non-authoritative"
"NEG-CLEAN-01","NEG","03_product/ENGINEERING_PREVIEW_CORRECTNESS_CONTRACT.md §15 row NEG-CLEAN-01","HARD_CONSTRAINT","WORKSPACE_SECURITY_BOUNDARY","AR-WSP-005","AR-DUR-006","","Stale-workspace detection and scoped cleanup reconciliation: Changed identity/base/owner yields a stale or recovery state; cleanup rereads exact scope and leaves other tasks/users untouched.","SECURITY_NEGATIVE_AND_TESTABILITY_CONSTRAINT","YES_NONCOMPENSATING","D04_DURABLE_STATE_PERSISTENCE; D07_FILESYSTEM_WORKSPACE_ABSTRACTION; D09_ISOLATION_SANDBOXING; D17_EVIDENCE_ARTIFACT_SYSTEM; D20_SECURITY_BOUNDARIES; D23_FUTURE_CONCURRENCY_MULTI_AGENT","Candidate design trace for AR-WSP-005; deterministic seam/readback under EP-NEG-CLEAN-01; future obligation E3V-003.","E3V-003","NO_EXTRA_FUTURE_FEATURE; PRESERVE_EXPLICIT_IDENTITY_VERSION_SCOPE_AND_REPLACEABLE_BOUNDARIES","Frozen E1 semantic obligation. The property is hard; its implementation mechanism remains an E2 candidate decision and unresolved compliance cannot be scored as pass.","EP-NEG-CLEAN-01","CASE_ORACLE_SPECIFIED_NOT_IMPLEMENTED_NOT_RUN; implementation=SPECIFIED_NOT_IMPLEMENTED; run=NOT_RUN","FROZEN_E1_PRIMARY; E1_GATE_PASSED; EP-EVAL-0.2 typed trace; project-derived Level A property; external audit non-authoritative"
"NEG-CMD-01","NEG","03_product/ENGINEERING_PREVIEW_CORRECTNESS_CONTRACT.md §15 row NEG-CMD-01","HARD_CONSTRAINT","EXECUTION_INTERFACE_REQUIREMENT","AR-EXE-001","","","Versioned capability contracts and boundary validation: Invalid requests dispatch zero effects; invalid effectful results are not consumed and enter readback/reconciliation.","SECURITY_NEGATIVE_AND_TESTABILITY_CONSTRAINT","YES_NONCOMPENSATING","D02_CORE_APPLICATION_RUNTIME; D08_EXECUTION_PROCESS_CONTROL; D11_APPROVAL_PERMISSION_SYSTEM; D14_ROUTING_CAPABILITY_DISCOVERY; D20_SECURITY_BOUNDARIES","Candidate design trace for AR-EXE-001; deterministic seam/readback under EP-NEG-CMD-01; future obligation E3V-006.","E3V-006","NO_EXTRA_FUTURE_FEATURE; PRESERVE_EXPLICIT_IDENTITY_VERSION_SCOPE_AND_REPLACEABLE_BOUNDARIES","Frozen E1 semantic obligation. The property is hard; its implementation mechanism remains an E2 candidate decision and unresolved compliance cannot be scored as pass.","EP-NEG-CMD-01","CASE_ORACLE_SPECIFIED_NOT_IMPLEMENTED_NOT_RUN; implementation=SPECIFIED_NOT_IMPLEMENTED; run=NOT_RUN","FROZEN_E1_PRIMARY; E1_GATE_PASSED; EP-EVAL-0.2 typed trace; project-derived Level A property; external audit non-authoritative"
"NEG-CRED-01","NEG","03_product/ENGINEERING_PREVIEW_CORRECTNESS_CONTRACT.md §15 row NEG-CRED-01","HARD_CONSTRAINT","SECURITY_BOUNDARY","AR-SEC-002","AR-SEC-003; AR-SEC-006","","Deny-by-default scoped capabilities: Wrong task/target/owner/version/endpoint/child/replay uses fail before dispatch and are auditable.","SECURITY_NEGATIVE_AND_TESTABILITY_CONSTRAINT","YES_NONCOMPENSATING","D01_CLIENT_INTERACTION_BOUNDARY; D08_EXECUTION_PROCESS_CONTROL; D09_ISOLATION_SANDBOXING; D11_APPROVAL_PERMISSION_SYSTEM; D13_MODEL_PROVIDER_GATEWAY; D14_ROUTING_CAPABILITY_DISCOVERY; D20_SECURITY_BOUNDARIES; D24_EXTENSION_SKILL_CONNECTOR_BOUNDARY","Candidate design trace for AR-SEC-002; AR-SEC-003; AR-SEC-006; deterministic seam/readback under EP-NEG-CRED-01; future focused obligation E3V-006.","E3V-006","NO_EXTRA_FUTURE_FEATURE; PRESERVE_EXPLICIT_IDENTITY_VERSION_SCOPE_AND_REPLACEABLE_BOUNDARIES","Frozen E1 semantic obligation. The property is hard; its implementation mechanism remains an E2 candidate decision and unresolved compliance cannot be scored as pass.","EP-NEG-CRED-01","CASE_ORACLE_SPECIFIED_NOT_IMPLEMENTED_NOT_RUN; implementation=SPECIFIED_NOT_IMPLEMENTED; run=NOT_RUN","FROZEN_E1_PRIMARY; E1_GATE_PASSED; EP-EVAL-0.2 typed trace; project-derived Level A property; external audit non-authoritative"
"NEG-CTX-01","NEG","03_product/ENGINEERING_PREVIEW_CORRECTNESS_CONTRACT.md §15 row NEG-CTX-01","HARD_CONSTRAINT","CONTEXT_MEMORY_REQUIREMENT","AR-CTX-002","AR-DAT-001","","Provenanced compaction and summary invalidation: A malicious or stale summary is discarded, and authoritative facts omitted from it remain recoverable.","SECURITY_NEGATIVE_AND_TESTABILITY_CONSTRAINT","YES_NONCOMPENSATING","D05_CANONICAL_TASK_CONVERSATION_EVIDENCE_MODEL; D06_EVENT_OPERATION_HISTORY; D15_CONTEXT_MEMORY_COMPACTION; D18_OBSERVABILITY_LOGGING; D20_SECURITY_BOUNDARIES","Candidate design trace for AR-CTX-002; deterministic seam/readback under EP-NEG-CTX-01; future obligation E3V-005.","E3V-005","NO_EXTRA_FUTURE_FEATURE; PRESERVE_EXPLICIT_IDENTITY_VERSION_SCOPE_AND_REPLACEABLE_BOUNDARIES","Frozen E1 semantic obligation. The property is hard; its implementation mechanism remains an E2 candidate decision and unresolved compliance cannot be scored as pass.","EP-NEG-CTX-01","CASE_ORACLE_SPECIFIED_NOT_IMPLEMENTED_NOT_RUN; implementation=SPECIFIED_NOT_IMPLEMENTED; run=NOT_RUN","FROZEN_E1_PRIMARY; E1_GATE_PASSED; EP-EVAL-0.2 typed trace; project-derived Level A property; external audit non-authoritative"
"NEG-DESTRUCT-01","NEG","03_product/ENGINEERING_PREVIEW_CORRECTNESS_CONTRACT.md §15 row NEG-DESTRUCT-01","HARD_CONSTRAINT","WORKSPACE_SECURITY_BOUNDARY","AR-WSP-004","AR-APR-003","","Original user-state and dirty-material protection: Before/after byte/ref/index inventories show zero unrelated loss or silent mixing and identify all included/excluded/unavailable material.","SECURITY_NEGATIVE_AND_TESTABILITY_CONSTRAINT","YES_NONCOMPENSATING","D07_FILESYSTEM_WORKSPACE_ABSTRACTION; D08_EXECUTION_PROCESS_CONTROL; D09_ISOLATION_SANDBOXING; D10_GIT_INTEGRATION; D11_APPROVAL_PERMISSION_SYSTEM; D20_SECURITY_BOUNDARIES","Candidate design trace for AR-WSP-004; deterministic seam/readback under EP-NEG-DESTRUCT-01; future obligation E3V-003; E3V-006.","E3V-003; E3V-006","NO_EXTRA_FUTURE_FEATURE; PRESERVE_EXPLICIT_IDENTITY_VERSION_SCOPE_AND_REPLACEABLE_BOUNDARIES","Frozen E1 semantic obligation. The property is hard; its implementation mechanism remains an E2 candidate decision and unresolved compliance cannot be scored as pass.","EP-NEG-DESTRUCT-01","CASE_ORACLE_SPECIFIED_NOT_IMPLEMENTED_NOT_RUN; implementation=SPECIFIED_NOT_IMPLEMENTED; run=NOT_RUN","FROZEN_E1_PRIMARY; E1_GATE_PASSED; EP-EVAL-0.2 typed trace; project-derived Level A property; external audit non-authoritative"
"NEG-DOS-01","NEG","03_product/ENGINEERING_PREVIEW_CORRECTNESS_CONTRACT.md §15 row NEG-DOS-01","HARD_CONSTRAINT","RESOURCE_MEASUREMENT_REQUIREMENT","AR-PERF-001","AR-FAIL-002","","Finite resource, time, output, network, and cost enforcement: Dispatch is denied when required ceilings are missing/exceeded and resource/cost records remain attributed or explicit UNKNOWN.","SECURITY_NEGATIVE_AND_TESTABILITY_CONSTRAINT","YES_NONCOMPENSATING","D03_TASK_WORKFLOW_ORCHESTRATION; D08_EXECUTION_PROCESS_CONTROL; D13_MODEL_PROVIDER_GATEWAY; D19_ERROR_FAILURE_MODEL; D20_SECURITY_BOUNDARIES","Candidate design trace for AR-PERF-001; deterministic seam/readback under EP-NEG-DOS-01; future obligation E3V-007.","E3V-007","NO_EXTRA_FUTURE_FEATURE; PRESERVE_EXPLICIT_IDENTITY_VERSION_SCOPE_AND_REPLACEABLE_BOUNDARIES","Frozen E1 semantic obligation. The property is hard; its implementation mechanism remains an E2 candidate decision and unresolved compliance cannot be scored as pass.","EP-NEG-DOS-01","CASE_ORACLE_SPECIFIED_NOT_IMPLEMENTED_NOT_RUN; implementation=SPECIFIED_NOT_IMPLEMENTED; run=NOT_RUN","FROZEN_E1_PRIMARY; E1_GATE_PASSED; EP-EVAL-0.2 typed trace; project-derived Level A property; external audit non-authoritative"
"NEG-EVID-01","NEG","03_product/ENGINEERING_PREVIEW_CORRECTNESS_CONTRACT.md §15 row NEG-EVID-01","HARD_CONSTRAINT","EVIDENCE_REQUIREMENT","AR-EVD-002","AR-EVD-003; AR-OBS-002","","Stable artifact identity, provenance, references, and redaction: Missing, mutated, stale, wrong-task, forged, or unsafe artifacts are rejected while bounded references retain necessary output.","SECURITY_NEGATIVE_AND_TESTABILITY_CONSTRAINT","YES_NONCOMPENSATING","D01_CLIENT_INTERACTION_BOUNDARY; D06_EVENT_OPERATION_HISTORY; D17_EVIDENCE_ARTIFACT_SYSTEM; D18_OBSERVABILITY_LOGGING; D20_SECURITY_BOUNDARIES; D21_LOCAL_FIRST_PACKAGING","Candidate design trace for AR-EVD-002; deterministic seam/readback under EP-NEG-EVID-01; future obligation E3V-005.","E3V-005","NO_EXTRA_FUTURE_FEATURE; PRESERVE_EXPLICIT_IDENTITY_VERSION_SCOPE_AND_REPLACEABLE_BOUNDARIES","Frozen E1 semantic obligation. The property is hard; its implementation mechanism remains an E2 candidate decision and unresolved compliance cannot be scored as pass.","EP-NEG-EVID-01","CASE_ORACLE_SPECIFIED_NOT_IMPLEMENTED_NOT_RUN; implementation=SPECIFIED_NOT_IMPLEMENTED; run=NOT_RUN","FROZEN_E1_PRIMARY; E1_GATE_PASSED; EP-EVAL-0.2 typed trace; project-derived Level A property; external audit non-authoritative"
"NEG-EXT-01","NEG","03_product/ENGINEERING_PREVIEW_CORRECTNESS_CONTRACT.md §15 row NEG-EXT-01","HARD_CONSTRAINT","APPROVAL_EFFECT_REQUIREMENT","AR-APR-002","AR-DUR-003; AR-GIT-002","","External-effect intent, attempt, observation, confirmation, and uncertainty: Every consequential effect ends with authoritative confirmation, known terminal non-success, or explicit uncertainty that blocks completion and blind retry.","SECURITY_NEGATIVE_AND_TESTABILITY_CONSTRAINT","YES_NONCOMPENSATING","D06_EVENT_OPERATION_HISTORY; D08_EXECUTION_PROCESS_CONTROL; D10_GIT_INTEGRATION; D11_APPROVAL_PERMISSION_SYSTEM; D12_EXTERNAL_EFFECT_RECONCILIATION; D17_EVIDENCE_ARTIFACT_SYSTEM; D19_ERROR_FAILURE_MODEL; D21_LOCAL_FIRST_PACKAGING","Candidate design trace for AR-APR-002; deterministic seam/readback under EP-NEG-EXT-01; future obligation E3V-001; E3V-005.","E3V-001; E3V-005","NO_EXTRA_FUTURE_FEATURE; PRESERVE_EXPLICIT_IDENTITY_VERSION_SCOPE_AND_REPLACEABLE_BOUNDARIES","Frozen E1 semantic obligation. The property is hard; its implementation mechanism remains an E2 candidate decision and unresolved compliance cannot be scored as pass.","EP-NEG-EXT-01","CASE_ORACLE_SPECIFIED_NOT_IMPLEMENTED_NOT_RUN; implementation=SPECIFIED_NOT_IMPLEMENTED; run=NOT_RUN","FROZEN_E1_PRIMARY; E1_GATE_PASSED; EP-EVAL-0.2 typed trace; project-derived Level A property; external audit non-authoritative"
"NEG-FS-01","NEG","03_product/ENGINEERING_PREVIEW_CORRECTNESS_CONTRACT.md §15 row NEG-FS-01","HARD_CONSTRAINT","WORKSPACE_SECURITY_BOUNDARY","AR-WSP-003","","","Filesystem confinement and adversarial path handling: Canaries outside authorized roots remain byte-identical through adversarial path and cleanup races.","SECURITY_NEGATIVE_AND_TESTABILITY_CONSTRAINT","YES_NONCOMPENSATING","D07_FILESYSTEM_WORKSPACE_ABSTRACTION; D09_ISOLATION_SANDBOXING; D20_SECURITY_BOUNDARIES","Candidate design trace for AR-WSP-003; deterministic seam/readback under EP-NEG-FS-01; future obligation E3V-003.","E3V-003","NO_EXTRA_FUTURE_FEATURE; PRESERVE_EXPLICIT_IDENTITY_VERSION_SCOPE_AND_REPLACEABLE_BOUNDARIES","Frozen E1 semantic obligation. The property is hard; its implementation mechanism remains an E2 candidate decision and unresolved compliance cannot be scored as pass.","EP-NEG-FS-01","CASE_ORACLE_SPECIFIED_NOT_IMPLEMENTED_NOT_RUN; implementation=SPECIFIED_NOT_IMPLEMENTED; run=NOT_RUN","FROZEN_E1_PRIMARY; E1_GATE_PASSED; EP-EVAL-0.2 typed trace; project-derived Level A property; external audit non-authoritative"
"NEG-FUTURE-01","NEG","03_product/ENGINEERING_PREVIEW_CORRECTNESS_CONTRACT.md §15 row NEG-FUTURE-01","HARD_CONSTRAINT","FUTURE_COMPATIBILITY","AR-FUT-002","AR-WSP-005; AR-TST-002; AR-SEC-002","","Explicit ownership scopes without global singleton dependence: Two synthetic principals/workspaces cannot reuse identities, paths, grants, approvals, operations, or artifacts.","SECURITY_NEGATIVE_AND_TESTABILITY_CONSTRAINT","YES_NONCOMPENSATING","D03_TASK_WORKFLOW_ORCHESTRATION; D07_FILESYSTEM_WORKSPACE_ABSTRACTION; D09_ISOLATION_SANDBOXING; D11_APPROVAL_PERMISSION_SYSTEM; D14_ROUTING_CAPABILITY_DISCOVERY; D16_VERIFICATION_ARCHITECTURE; D17_EVIDENCE_ARTIFACT_SYSTEM; D20_SECURITY_BOUNDARIES; D23_FUTURE_CONCURRENCY_MULTI_AGENT; D24_EXTENSION_SKILL_CONNECTOR_BOUNDARY; D25_E1_SUITE_TESTABILITY","Candidate design trace for AR-FUT-002; AR-WSP-005; AR-TST-002; AR-SEC-002; deterministic seam/readback under EP-NEG-FUTURE-01; future focused obligation E3V-001; E3V-002; E3V-003; E3V-004; E3V-005; E3V-006; E3V-007.","E3V-001; E3V-002; E3V-003; E3V-004; E3V-005; E3V-006; E3V-007","DIRECT_VERSIONED_OWNERSHIP_OR_REPLACEABILITY_SEAM","Frozen E1 semantic obligation. The property is hard; its implementation mechanism remains an E2 candidate decision and unresolved compliance cannot be scored as pass.","EP-NEG-FUTURE-01","CASE_ORACLE_SPECIFIED_NOT_IMPLEMENTED_NOT_RUN; implementation=SPECIFIED_NOT_IMPLEMENTED; run=NOT_RUN","FROZEN_E1_PRIMARY; E1_GATE_PASSED; EP-EVAL-0.2 typed trace; project-derived Level A property; external audit non-authoritative"
"NEG-GIT-01","NEG","03_product/ENGINEERING_PREVIEW_CORRECTNESS_CONTRACT.md §15 row NEG-GIT-01","HARD_CONSTRAINT","GIT_EFFECT_INTERFACE_REQUIREMENT","AR-GIT-001","AR-EXE-004","","Normative Git/effect classification enforcement: Every Git action resolves to one matrix row; prohibited actions remain denied even with approval; supported remote effects require exact approval and readback.","SECURITY_NEGATIVE_AND_TESTABILITY_CONSTRAINT","YES_NONCOMPENSATING","D08_EXECUTION_PROCESS_CONTROL; D10_GIT_INTEGRATION; D11_APPROVAL_PERMISSION_SYSTEM; D12_EXTERNAL_EFFECT_RECONCILIATION; D14_ROUTING_CAPABILITY_DISCOVERY; D20_SECURITY_BOUNDARIES","Candidate design trace for AR-GIT-001; deterministic seam/readback under EP-NEG-GIT-01; future obligation E3V-003; E3V-006.","E3V-003; E3V-006","NO_EXTRA_FUTURE_FEATURE; PRESERVE_EXPLICIT_IDENTITY_VERSION_SCOPE_AND_REPLACEABLE_BOUNDARIES","Frozen E1 semantic obligation. The property is hard; its implementation mechanism remains an E2 candidate decision and unresolved compliance cannot be scored as pass.","EP-NEG-GIT-01","CASE_ORACLE_SPECIFIED_NOT_IMPLEMENTED_NOT_RUN; implementation=SPECIFIED_NOT_IMPLEMENTED; run=NOT_RUN","FROZEN_E1_PRIMARY; E1_GATE_PASSED; EP-EVAL-0.2 typed trace; project-derived Level A property; external audit non-authoritative"
"NEG-NET-01","NEG","03_product/ENGINEERING_PREVIEW_CORRECTNESS_CONTRACT.md §15 row NEG-NET-01","HARD_CONSTRAINT","SECURITY_BOUNDARY","AR-SEC-004","AR-EXE-004","","Explicit network, destination, and credential boundary: Disallowed or unauthorized destinations/routes transmit zero bytes/incur zero calls; effective targets are rechecked after redirection.","SECURITY_NEGATIVE_AND_TESTABILITY_CONSTRAINT","YES_NONCOMPENSATING","D08_EXECUTION_PROCESS_CONTROL; D10_GIT_INTEGRATION; D13_MODEL_PROVIDER_GATEWAY; D14_ROUTING_CAPABILITY_DISCOVERY; D20_SECURITY_BOUNDARIES","Candidate design trace for AR-SEC-004; deterministic seam/readback under EP-NEG-SUPPLY-02; EP-NEG-NET-01; future obligation E3V-006.","E3V-006","NO_EXTRA_FUTURE_FEATURE; PRESERVE_EXPLICIT_IDENTITY_VERSION_SCOPE_AND_REPLACEABLE_BOUNDARIES","Frozen E1 semantic obligation. The property is hard; its implementation mechanism remains an E2 candidate decision and unresolved compliance cannot be scored as pass.","EP-NEG-SUPPLY-02; EP-NEG-NET-01","CASE_ORACLE_SPECIFIED_NOT_IMPLEMENTED_NOT_RUN; implementation=SPECIFIED_NOT_IMPLEMENTED; run=NOT_RUN","FROZEN_E1_PRIMARY; E1_GATE_PASSED; EP-EVAL-0.2 typed trace; project-derived Level A property; external audit non-authoritative"
"NEG-PROVIDER-01","NEG","03_product/ENGINEERING_PREVIEW_CORRECTNESS_CONTRACT.md §15 row NEG-PROVIDER-01","HARD_CONSTRAINT","MODEL_PROVIDER_INTERFACE_REQUIREMENT","AR-MOD-002","AR-MOD-003; AR-SEC-004","","Purpose, eligibility, capability discovery, and zero-dispatch denial: Requested/resolved route, purpose, eligibility, authority, denial/outcome, and zero-dispatch proof are retained for every model operation.","SECURITY_NEGATIVE_AND_TESTABILITY_CONSTRAINT","YES_NONCOMPENSATING","D08_EXECUTION_PROCESS_CONTROL; D13_MODEL_PROVIDER_GATEWAY; D14_ROUTING_CAPABILITY_DISCOVERY; D18_OBSERVABILITY_LOGGING; D19_ERROR_FAILURE_MODEL; D20_SECURITY_BOUNDARIES","Candidate design trace for AR-MOD-002; deterministic seam/readback under EP-NEG-PROVIDER-01; future obligation E3V-004; E3V-006; E3V-008.","E3V-004; E3V-006; E3V-008","NO_EXTRA_FUTURE_FEATURE; PRESERVE_EXPLICIT_IDENTITY_VERSION_SCOPE_AND_REPLACEABLE_BOUNDARIES","Frozen E1 semantic obligation. The property is hard; its implementation mechanism remains an E2 candidate decision and unresolved compliance cannot be scored as pass.","EP-NEG-PROVIDER-01","CASE_ORACLE_SPECIFIED_NOT_IMPLEMENTED_NOT_RUN; implementation=SPECIFIED_NOT_IMPLEMENTED; run=NOT_RUN","FROZEN_E1_PRIMARY; E1_GATE_PASSED; EP-EVAL-0.2 typed trace; project-derived Level A property; external audit non-authoritative"
"NEG-RACE-01","NEG","03_product/ENGINEERING_PREVIEW_CORRECTNESS_CONTRACT.md §15 row NEG-RACE-01","HARD_CONSTRAINT","DIRECT_ARCHITECTURE_CONSTRAINT","AR-COR-007","AR-DUR-003; AR-DUR-004; AR-APR-001","","Single accountable ownership and stale-writer rejection: A two-owner or restart race admits one legal persisted outcome and exposes rejected stale activity.","SECURITY_NEGATIVE_AND_TESTABILITY_CONSTRAINT","YES_NONCOMPENSATING","D03_TASK_WORKFLOW_ORCHESTRATION; D04_DURABLE_STATE_PERSISTENCE; D06_EVENT_OPERATION_HISTORY; D08_EXECUTION_PROCESS_CONTROL; D11_APPROVAL_PERMISSION_SYSTEM; D12_EXTERNAL_EFFECT_RECONCILIATION; D18_OBSERVABILITY_LOGGING; D19_ERROR_FAILURE_MODEL; D20_SECURITY_BOUNDARIES; D23_FUTURE_CONCURRENCY_MULTI_AGENT","Candidate design trace for AR-COR-007; deterministic seam/readback under EP-NEG-RACE-01; future obligation E3V-001; E3V-002; E3V-006.","E3V-001; E3V-002; E3V-006","NO_EXTRA_FUTURE_FEATURE; PRESERVE_EXPLICIT_IDENTITY_VERSION_SCOPE_AND_REPLACEABLE_BOUNDARIES","Frozen E1 semantic obligation. The property is hard; its implementation mechanism remains an E2 candidate decision and unresolved compliance cannot be scored as pass.","EP-NEG-RACE-01","CASE_ORACLE_SPECIFIED_NOT_IMPLEMENTED_NOT_RUN; implementation=SPECIFIED_NOT_IMPLEMENTED; run=NOT_RUN","FROZEN_E1_PRIMARY; E1_GATE_PASSED; EP-EVAL-0.2 typed trace; project-derived Level A property; external audit non-authoritative"
"NEG-SCHEMA-01","NEG","03_product/ENGINEERING_PREVIEW_CORRECTNESS_CONTRACT.md §15 row NEG-SCHEMA-01","HARD_CONSTRAINT","EXECUTION_INTERFACE_REQUIREMENT","AR-EXE-001","","","Versioned capability contracts and boundary validation: Invalid requests dispatch zero effects; invalid effectful results are not consumed and enter readback/reconciliation.","SECURITY_NEGATIVE_AND_TESTABILITY_CONSTRAINT","YES_NONCOMPENSATING","D02_CORE_APPLICATION_RUNTIME; D08_EXECUTION_PROCESS_CONTROL; D11_APPROVAL_PERMISSION_SYSTEM; D14_ROUTING_CAPABILITY_DISCOVERY; D20_SECURITY_BOUNDARIES","Candidate design trace for AR-EXE-001; deterministic seam/readback under EP-NEG-SCHEMA-01; future obligation E3V-006.","E3V-006","NO_EXTRA_FUTURE_FEATURE; PRESERVE_EXPLICIT_IDENTITY_VERSION_SCOPE_AND_REPLACEABLE_BOUNDARIES","Frozen E1 semantic obligation. The property is hard; its implementation mechanism remains an E2 candidate decision and unresolved compliance cannot be scored as pass.","EP-NEG-SCHEMA-01","CASE_ORACLE_SPECIFIED_NOT_IMPLEMENTED_NOT_RUN; implementation=SPECIFIED_NOT_IMPLEMENTED; run=NOT_RUN","FROZEN_E1_PRIMARY; E1_GATE_PASSED; EP-EVAL-0.2 typed trace; project-derived Level A property; external audit non-authoritative"
"NEG-SECRET-01","NEG","03_product/ENGINEERING_PREVIEW_CORRECTNESS_CONTRACT.md §15 row NEG-SECRET-01","HARD_CONSTRAINT","SECURITY_BOUNDARY","AR-SEC-003","AR-SEC-006","","Protected-secret recipient boundary: Synthetic marker scans across all twelve observable surface classes find zero unauthorized occurrence; ambiguous locations fail closed without value inspection.","SECURITY_NEGATIVE_AND_TESTABILITY_CONSTRAINT","YES_NONCOMPENSATING","D01_CLIENT_INTERACTION_BOUNDARY; D08_EXECUTION_PROCESS_CONTROL; D09_ISOLATION_SANDBOXING; D11_APPROVAL_PERMISSION_SYSTEM; D13_MODEL_PROVIDER_GATEWAY; D20_SECURITY_BOUNDARIES","Candidate design trace for AR-SEC-003; AR-SEC-006; deterministic seam/readback under EP-NEG-SECRET-01; future focused obligation E3V-006.","E3V-006","NO_EXTRA_FUTURE_FEATURE; PRESERVE_EXPLICIT_IDENTITY_VERSION_SCOPE_AND_REPLACEABLE_BOUNDARIES","Frozen E1 semantic obligation. The property is hard; its implementation mechanism remains an E2 candidate decision and unresolved compliance cannot be scored as pass.","EP-NEG-SECRET-01","CASE_ORACLE_SPECIFIED_NOT_IMPLEMENTED_NOT_RUN; implementation=SPECIFIED_NOT_IMPLEMENTED; run=NOT_RUN","FROZEN_E1_PRIMARY; E1_GATE_PASSED; EP-EVAL-0.2 typed trace; project-derived Level A property; external audit non-authoritative"
"NEG-SUPPLY-01","NEG","03_product/ENGINEERING_PREVIEW_CORRECTNESS_CONTRACT.md §15 row NEG-SUPPLY-01","HARD_CONSTRAINT","EXECUTION_INTERFACE_REQUIREMENT","AR-EXE-004","","","Untrusted execution-surface classification: Unauthorized hooks/scripts/helpers/connections do not execute and their unmet preconditions or denials are recorded.","SECURITY_NEGATIVE_AND_TESTABILITY_CONSTRAINT","YES_NONCOMPENSATING","D08_EXECUTION_PROCESS_CONTROL; D10_GIT_INTEGRATION; D14_ROUTING_CAPABILITY_DISCOVERY; D20_SECURITY_BOUNDARIES","Candidate design trace for AR-EXE-004; deterministic seam/readback under EP-NEG-SUPPLY-01; EP-NEG-SUPPLY-02; future obligation E3V-006.","E3V-006","NO_EXTRA_FUTURE_FEATURE; PRESERVE_EXPLICIT_IDENTITY_VERSION_SCOPE_AND_REPLACEABLE_BOUNDARIES","Frozen E1 semantic obligation. The property is hard; its implementation mechanism remains an E2 candidate decision and unresolved compliance cannot be scored as pass.","EP-NEG-SUPPLY-01; EP-NEG-SUPPLY-02","CASE_ORACLE_SPECIFIED_NOT_IMPLEMENTED_NOT_RUN; implementation=SPECIFIED_NOT_IMPLEMENTED; run=NOT_RUN","FROZEN_E1_PRIMARY; E1_GATE_PASSED; EP-EVAL-0.2 typed trace; project-derived Level A property; external audit non-authoritative"
"NEG-TERM-01","NEG","03_product/ENGINEERING_PREVIEW_CORRECTNESS_CONTRACT.md §15 row NEG-TERM-01","HARD_CONSTRAINT","EXECUTION_INTERFACE_REQUIREMENT","AR-EXE-003","","","Process-tree control, bounds, force termination, and fencing: No productive descendant survives accepted stop authority; any unkillable work is fenced/accounted and effects are terminal or uncertain.","SECURITY_NEGATIVE_AND_TESTABILITY_CONSTRAINT","YES_NONCOMPENSATING","D08_EXECUTION_PROCESS_CONTROL; D09_ISOLATION_SANDBOXING; D12_EXTERNAL_EFFECT_RECONCILIATION; D20_SECURITY_BOUNDARIES","Candidate design trace for AR-EXE-003; deterministic seam/readback under EP-NEG-TERM-01; future obligation E3V-002.","E3V-002","NO_EXTRA_FUTURE_FEATURE; PRESERVE_EXPLICIT_IDENTITY_VERSION_SCOPE_AND_REPLACEABLE_BOUNDARIES","Frozen E1 semantic obligation. The property is hard; its implementation mechanism remains an E2 candidate decision and unresolved compliance cannot be scored as pass.","EP-NEG-TERM-01","CASE_ORACLE_SPECIFIED_NOT_IMPLEMENTED_NOT_RUN; implementation=SPECIFIED_NOT_IMPLEMENTED; run=NOT_RUN","FROZEN_E1_PRIMARY; E1_GATE_PASSED; EP-EVAL-0.2 typed trace; project-derived Level A property; external audit non-authoritative"
"NEG-VER-01","NEG","03_product/ENGINEERING_PREVIEW_CORRECTNESS_CONTRACT.md §15 row NEG-VER-01","HARD_CONSTRAINT","VERIFICATION_TESTABILITY_REQUIREMENT","AR-VER-001","","","Structurally independent verification path: Verifier reruns deterministic checks/readbacks from a bounded context manifest and can reject author claims without private chain-of-thought.","SECURITY_NEGATIVE_AND_TESTABILITY_CONSTRAINT","YES_NONCOMPENSATING","D02_CORE_APPLICATION_RUNTIME; D16_VERIFICATION_ARCHITECTURE; D17_EVIDENCE_ARTIFACT_SYSTEM; D20_SECURITY_BOUNDARIES","Candidate design trace for AR-VER-001; deterministic seam/readback under EP-NEG-VER-01; future obligation E3V-005.","E3V-005","NO_EXTRA_FUTURE_FEATURE; PRESERVE_EXPLICIT_IDENTITY_VERSION_SCOPE_AND_REPLACEABLE_BOUNDARIES","Frozen E1 semantic obligation. The property is hard; its implementation mechanism remains an E2 candidate decision and unresolved compliance cannot be scored as pass.","EP-NEG-VER-01","CASE_ORACLE_SPECIFIED_NOT_IMPLEMENTED_NOT_RUN; implementation=SPECIFIED_NOT_IMPLEMENTED; run=NOT_RUN","FROZEN_E1_PRIMARY; E1_GATE_PASSED; EP-EVAL-0.2 typed trace; project-derived Level A property; external audit non-authoritative"
"NEG-VER-02","NEG","03_product/ENGINEERING_PREVIEW_CORRECTNESS_CONTRACT.md §15 row NEG-VER-02","HARD_CONSTRAINT","DIRECT_ARCHITECTURE_CONSTRAINT","AR-COR-006","AR-VER-002; AR-VER-003; AR-TST-001","","Exact state and revision binding: Post-verification mutation preserves the old run for history but makes the current aggregate UNVERIFIED until the new state is verified.","SECURITY_NEGATIVE_AND_TESTABILITY_CONSTRAINT","YES_NONCOMPENSATING","D02_CORE_APPLICATION_RUNTIME; D03_TASK_WORKFLOW_ORCHESTRATION; D05_CANONICAL_TASK_CONVERSATION_EVIDENCE_MODEL; D06_EVENT_OPERATION_HISTORY; D08_EXECUTION_PROCESS_CONTROL; D10_GIT_INTEGRATION; D16_VERIFICATION_ARCHITECTURE; D17_EVIDENCE_ARTIFACT_SYSTEM; D19_ERROR_FAILURE_MODEL; D25_E1_SUITE_TESTABILITY","Candidate design trace for AR-COR-006; AR-VER-002; AR-VER-003; AR-TST-001; deterministic seam/readback under EP-NEG-VER-02; future focused obligation E3V-001; E3V-002; E3V-003; E3V-004; E3V-005; E3V-006.","E3V-001; E3V-002; E3V-003; E3V-004; E3V-005; E3V-006","NO_EXTRA_FUTURE_FEATURE; PRESERVE_EXPLICIT_IDENTITY_VERSION_SCOPE_AND_REPLACEABLE_BOUNDARIES","Frozen E1 semantic obligation. The property is hard; its implementation mechanism remains an E2 candidate decision and unresolved compliance cannot be scored as pass.","EP-NEG-VER-02","CASE_ORACLE_SPECIFIED_NOT_IMPLEMENTED_NOT_RUN; implementation=SPECIFIED_NOT_IMPLEMENTED; run=NOT_RUN","FROZEN_E1_PRIMARY; E1_GATE_PASSED; EP-EVAL-0.2 typed trace; project-derived Level A property; external audit non-authoritative"
